workId,axisId,state,value,confidence,authorityClass,sourceType,sourceUrl,edition,scopeMapping,pageOrTimeRefs,sampleCount,contexts,observation,limitation,reviewStatus
work-0cf463005cc77eeded8e,artRealism,known,2,0.90,originalPublisher,publisher,https://magazine.jp.square-enix.com/gangan/tcym/yomitsuga_01/,official Square Enix first-episode image sequence maps to frozen representative ISBN 9784757579620 and entry-scope vol1-3 product records,Official internal preview mapped to the entry_1_3_volumes contract; static claims require at least 6 readable pages and 2 scene contexts.,official-fotorama-004 left;official-fotorama-004 right;official-fotorama-005 left;official-fotorama-005 right;official-fotorama-006 left;official-fotorama-006 right;official-fotorama-007 left;official-fotorama-007 right;official-fotorama-008 left;official-fotorama-008 right;official-fotorama-009 left;official-fotorama-009 right,6,mountain;village and home;roadside,"Grounded people, animals, tools, terrain, architecture, and perspective coexist with persistently simplified shonen faces and expressive deformation.",Entry-episode six-page official sample only; realistic scenery does not displace the general stylization anchor across character-focused panels.; opening/title splash pages 001-003 were excluded; selected pages show mountain; village; home; and roadside contexts; no exact bounded continuous start-development-impact-resolved sequence was isolated; temporary sample SHA-256=a1a800a80b148a9d7390424ab928fff444103f092395770b867c78d174091581;26e377482f71d52c810f3d8071da50c980794f430e4415167170e3bd447af5f7;bc5ea67eb63c550ee68074459cd5ac0a465a6b80f7438333545e50923cea6a26;81d0016ad65e213677e244763a1ac8d5880388023c974a668544c1c5a94ffb44;e90708b08126b297f536b1246143dc00669b3e5a80c8eb2f561fdc1fc76394f9;8563a3a2ed84c193016eb490db857a14f384655388855a98957255fcf8e273cd. Temporary images and paths are not committed.,quorum-verified;adjudicated;reviewedByHuman=false
work-0cf463005cc77eeded8e,artDensity,known,3,0.92,originalPublisher,publisher,https://magazine.jp.square-enix.com/gangan/tcym/yomitsuga_01/,official Square Enix first-episode image sequence maps to frozen representative ISBN 9784757579620 and entry-scope vol1-3 product records,Official internal preview mapped to the entry_1_3_volumes contract; static claims require at least 6 readable pages and 2 scene contexts.,official-fotorama-004 left;official-fotorama-004 right;official-fotorama-005 left;official-fotorama-005 right;official-fotorama-006 left;official-fotorama-006 right;official-fotorama-007 left;official-fotorama-007 right;official-fotorama-008 left;official-fotorama-008 right;official-fotorama-009 left;official-fotorama-009 right,6,mountain;village and home;roadside,"Forests, settlement panoramas, masonry, village work, domestic yards, woven objects, and dungeon structure keep information above balanced across four contexts.",Entry-episode six-page official sample only; broad sky and white dialogue fields prevent the high-density value 4 endpoint.; opening/title splash pages 001-003 were excluded; selected pages show mountain; village; home; and roadside contexts; no exact bounded continuous start-development-impact-resolved sequence was isolated; temporary sample SHA-256=a1a800a80b148a9d7390424ab928fff444103f092395770b867c78d174091581;26e377482f71d52c810f3d8071da50c980794f430e4415167170e3bd447af5f7;bc5ea67eb63c550ee68074459cd5ac0a465a6b80f7438333545e50923cea6a26;81d0016ad65e213677e244763a1ac8d5880388023c974a668544c1c5a94ffb44;e90708b08126b297f536b1246143dc00669b3e5a80c8eb2f561fdc1fc76394f9;8563a3a2ed84c193016eb490db857a14f384655388855a98957255fcf8e273cd. Temporary images and paths are not committed.,quorum-verified;adjudicated;reviewedByHuman=false
work-0cf463005cc77eeded8e,visualSoftness,known,2,0.90,originalPublisher,publisher,https://magazine.jp.square-enix.com/gangan/tcym/yomitsuga_01/,official Square Enix first-episode image sequence maps to frozen representative ISBN 9784757579620 and entry-scope vol1-3 product records,Official internal preview mapped to the entry_1_3_volumes contract; static claims require at least 6 readable pages and 2 scene contexts.,official-fotorama-004 left;official-fotorama-004 right;official-fotorama-005 left;official-fotorama-005 right;official-fotorama-006 left;official-fotorama-006 right;official-fotorama-007 left;official-fotorama-007 right;official-fotorama-008 left;official-fotorama-008 right;official-fotorama-009 left;official-fotorama-009 right,6,mountain;village and home;roadside,"Clean rounded faces and controlled tones are counterbalanced by firm contours, angular scenery, black silhouettes, and coarse natural textures.",Entry-episode six-page official sample only; neither soft polish nor rough angular treatment dominates consistently.; opening/title splash pages 001-003 were excluded; selected pages show mountain; village; home; and roadside contexts; no exact bounded continuous start-development-impact-resolved sequence was isolated; temporary sample SHA-256=a1a800a80b148a9d7390424ab928fff444103f092395770b867c78d174091581;26e377482f71d52c810f3d8071da50c980794f430e4415167170e3bd447af5f7;bc5ea67eb63c550ee68074459cd5ac0a465a6b80f7438333545e50923cea6a26;81d0016ad65e213677e244763a1ac8d5880388023c974a668544c1c5a94ffb44;e90708b08126b297f536b1246143dc00669b3e5a80c8eb2f561fdc1fc76394f9;8563a3a2ed84c193016eb490db857a14f384655388855a98957255fcf8e273cd. Temporary images and paths are not committed.,quorum-verified;adjudicated;reviewedByHuman=false
work-0cf463005cc77eeded8e,motionImpact,unknown,,,originalPublisher,publisher,https://magazine.jp.square-enix.com/gangan/tcym/yomitsuga_01/,official Square Enix first-episode image sequence maps to frozen representative ISBN 9784757579620 and entry-scope vol1-3 product records,Official internal preview mapped to the entry_1_3_volumes contract; static claims require at least 6 readable pages and 2 scene contexts.,official-fotorama-004 left;official-fotorama-004 right;official-fotorama-005 left;official-fotorama-005 right;official-fotorama-006 left;official-fotorama-006 right;official-fotorama-007 left;official-fotorama-007 right;official-fotorama-008 left;official-fotorama-008 right;official-fotorama-009 left;official-fotorama-009 right,6,mountain;village and home;roadside,Travel and work gestures are distributed across scene changes rather than one bounded action sequence.,Preflight motionGateAttemptable=false; no exact start-development-impact-resolved sequence; unknown is not low.; opening/title splash pages 001-003 were excluded; selected pages show mountain; village; home; and roadside contexts; no exact bounded continuous start-development-impact-resolved sequence was isolated; temporary sample SHA-256=a1a800a80b148a9d7390424ab928fff444103f092395770b867c78d174091581;26e377482f71d52c810f3d8071da50c980794f430e4415167170e3bd447af5f7;bc5ea67eb63c550ee68074459cd5ac0a465a6b80f7438333545e50923cea6a26;81d0016ad65e213677e244763a1ac8d5880388023c974a668544c1c5a94ffb44;e90708b08126b297f536b1246143dc00669b3e5a80c8eb2f561fdc1fc76394f9;8563a3a2ed84c193016eb490db857a14f384655388855a98957255fcf8e273cd. Temporary images and paths are not committed.,quorum-verified;adjudicated;reviewedByHuman=false
work-0ede6921b81169dc2dda,artRealism,known,3,0.90,originalPublisher,publisher,https://pocket.shonenmagazine.com/title/00211/episode/154357,official Kodansha product ISBN 9784063958423 links to the authorized Pocket first episode and supplied volumes 1-3,Official internal preview mapped to the entry_1_3_volumes contract; static claims require at least 6 readable pages and 2 scene contexts.,episode-1-canvas-7 left;episode-1-canvas-7 right;episode-1-canvas-8 left;episode-1-canvas-8 right;episode-1-canvas-9 left;episode-1-canvas-9 right;episode-1-canvas-10 left;episode-1-canvas-10 right;episode-1-canvas-11 left;episode-1-canvas-11 right;episode-1-canvas-12 left;episode-1-canvas-12 right,6,snowy wilderness;inhabited or human contexts,"Observed wolf anatomy, fur, snow contact, bodily deterioration, human proportions, and grounded shelter perspective lean realistic despite simplified manga facial construction.",Entry-episode six-page official sample only; persistent stylization prevents the realistic value 4 endpoint.; no exact bounded continuous start-development-impact-resolved sequence was isolated; the exact Pocket episode's later lazy-loaded canvases 9-12 add four readable body pages; six body pages span snowy wilderness and inhabited/human contexts; cover; advertorial; blank/logo; and chapter/title opening canvases were excluded; temporary sample SHA-256=ca2ad02952875e9b4e9967396354f688172faaf5bdf6a8604821f0a212293c75;9f7ade66489c7d6e62d43c975de3365638bff2f1b91ea90803cbe8540d14d7ec;b0ceaed904ef661a9990b983493076a7b612624f48b5f9a76de4c5430cb235e8;df0466099acf3b47809010ab8506eb01bd0ad599b8fc26cff66a689a80e6b58e;1f69d1ae2e2181cf656a120f0952088e260b2e05f1039ae2e7e8c0275bb01dbe;733d8388fa2f40a44ce1e87d72516e86cc24bc913b3fae434f1f45430f9aaeb3. Temporary images and paths are not committed.,quorum-verified;adjudicated;reviewedByHuman=false
work-0ede6921b81169dc2dda,artDensity,known,1,0.90,originalPublisher,publisher,https://pocket.shonenmagazine.com/title/00211/episode/154357,official Kodansha product ISBN 9784063958423 links to the authorized Pocket first episode and supplied volumes 1-3,Official internal preview mapped to the entry_1_3_volumes contract; static claims require at least 6 readable pages and 2 scene contexts.,episode-1-canvas-7 left;episode-1-canvas-7 right;episode-1-canvas-8 left;episode-1-canvas-8 right;episode-1-canvas-9 left;episode-1-canvas-9 right;episode-1-canvas-10 left;episode-1-canvas-10 right;episode-1-canvas-11 left;episode-1-canvas-11 right;episode-1-canvas-12 left;episode-1-canvas-12 right,6,snowy wilderness;inhabited or human contexts,"Large snow fields, isolated figures, broad white panels, and restrained backgrounds dominate four wilderness pages, while shelter and settlement pages supply denser counter-contexts.",Entry-episode six-page official sample only; animal texture and inhabited settings prevent the sparse value 0 endpoint.; no exact bounded continuous start-development-impact-resolved sequence was isolated; the exact Pocket episode's later lazy-loaded canvases 9-12 add four readable body pages; six body pages span snowy wilderness and inhabited/human contexts; cover; advertorial; blank/logo; and chapter/title opening canvases were excluded; temporary sample SHA-256=ca2ad02952875e9b4e9967396354f688172faaf5bdf6a8604821f0a212293c75;9f7ade66489c7d6e62d43c975de3365638bff2f1b91ea90803cbe8540d14d7ec;b0ceaed904ef661a9990b983493076a7b612624f48b5f9a76de4c5430cb235e8;df0466099acf3b47809010ab8506eb01bd0ad599b8fc26cff66a689a80e6b58e;1f69d1ae2e2181cf656a120f0952088e260b2e05f1039ae2e7e8c0275bb01dbe;733d8388fa2f40a44ce1e87d72516e86cc24bc913b3fae434f1f45430f9aaeb3. Temporary images and paths are not committed.,quorum-verified;adjudicated;reviewedByHuman=false
work-0ede6921b81169dc2dda,visualSoftness,known,3,0.90,originalPublisher,publisher,https://pocket.shonenmagazine.com/title/00211/episode/154357,official Kodansha product ISBN 9784063958423 links to the authorized Pocket first episode and supplied volumes 1-3,Official internal preview mapped to the entry_1_3_volumes contract; static claims require at least 6 readable pages and 2 scene contexts.,episode-1-canvas-7 left;episode-1-canvas-7 right;episode-1-canvas-8 left;episode-1-canvas-8 right;episode-1-canvas-9 left;episode-1-canvas-9 right;episode-1-canvas-10 left;episode-1-canvas-10 right;episode-1-canvas-11 left;episode-1-canvas-11 right;episode-1-canvas-12 left;episode-1-canvas-12 right,6,snowy wilderness;inhabited or human contexts,"Fine rounded creature and human contours, soft fur, gentle facial modeling, pale tones, and controlled line weight lean soft across wilderness and shelter contexts.",Entry-episode six-page official sample only; coarse snow hatching and darker deterioration marks prevent the consistently soft value 4 endpoint.; no exact bounded continuous start-development-impact-resolved sequence was isolated; the exact Pocket episode's later lazy-loaded canvases 9-12 add four readable body pages; six body pages span snowy wilderness and inhabited/human contexts; cover; advertorial; blank/logo; and chapter/title opening canvases were excluded; temporary sample SHA-256=ca2ad02952875e9b4e9967396354f688172faaf5bdf6a8604821f0a212293c75;9f7ade66489c7d6e62d43c975de3365638bff2f1b91ea90803cbe8540d14d7ec;b0ceaed904ef661a9990b983493076a7b612624f48b5f9a76de4c5430cb235e8;df0466099acf3b47809010ab8506eb01bd0ad599b8fc26cff66a689a80e6b58e;1f69d1ae2e2181cf656a120f0952088e260b2e05f1039ae2e7e8c0275bb01dbe;733d8388fa2f40a44ce1e87d72516e86cc24bc913b3fae434f1f45430f9aaeb3. Temporary images and paths are not committed.,quorum-verified;adjudicated;reviewedByHuman=false
work-0ede6921b81169dc2dda,motionImpact,unknown,,,originalPublisher,publisher,https://pocket.shonenmagazine.com/title/00211/episode/154357,official Kodansha product ISBN 9784063958423 links to the authorized Pocket first episode and supplied volumes 1-3,Official internal preview mapped to the entry_1_3_volumes contract; static claims require at least 6 readable pages and 2 scene contexts.,episode-1-canvas-7 left;episode-1-canvas-7 right;episode-1-canvas-8 left;episode-1-canvas-8 right;episode-1-canvas-9 left;episode-1-canvas-9 right;episode-1-canvas-10 left;episode-1-canvas-10 right;episode-1-canvas-11 left;episode-1-canvas-11 right;episode-1-canvas-12 left;episode-1-canvas-12 right,6,snowy wilderness;inhabited or human contexts,Transformation and travel fragments do not form one exact bounded action sequence.,Preflight motionGateAttemptable=false; no exact start-development-impact-resolved sequence; unknown is not low.; no exact bounded continuous start-development-impact-resolved sequence was isolated; the exact Pocket episode's later lazy-loaded canvases 9-12 add four readable body pages; six body pages span snowy wilderness and inhabited/human contexts; cover; advertorial; blank/logo; and chapter/title opening canvases were excluded; temporary sample SHA-256=ca2ad02952875e9b4e9967396354f688172faaf5bdf6a8604821f0a212293c75;9f7ade66489c7d6e62d43c975de3365638bff2f1b91ea90803cbe8540d14d7ec;b0ceaed904ef661a9990b983493076a7b612624f48b5f9a76de4c5430cb235e8;df0466099acf3b47809010ab8506eb01bd0ad599b8fc26cff66a689a80e6b58e;1f69d1ae2e2181cf656a120f0952088e260b2e05f1039ae2e7e8c0275bb01dbe;733d8388fa2f40a44ce1e87d72516e86cc24bc913b3fae434f1f45430f9aaeb3. Temporary images and paths are not committed.,quorum-verified;adjudicated;reviewedByHuman=false
work-43ebf010a490cfd4bb50,artRealism,known,2,0.90,originalPublisher,publisher,https://www.kodansha.co.jp/comic/products/0000046459/trial/reader?cid=16004bb7861da5596a0684a912a8f99c1021434d87c50d73d1a592067049f05b,Kodansha product 0000046459 and linked reader identify volume 1 and bridge frozen ISBN 9784063805789; official volume 2 and 3 product pages confirm the entry range,Official internal preview mapped to the entry_1_3_volumes contract; static claims require at least 6 readable pages and 2 scene contexts.,reader-step-04 left;reader-step-04 right;reader-step-05 left;reader-step-05 right;reader-step-06 left;reader-step-06 right;reader-step-07 left;reader-step-07 right;reader-step-08 left;reader-step-08 right;reader-step-09 left;reader-step-09 right,6,mountain or outdoor scenes;domestic interiors;community or family gatherings,"Grounded garments, rooms, food, and adult proportions remain paired with rounded faces, simplified features, and persistent folk-tale manga stylization.",Entry-volume six-page official sample only; observed props and settings do not override the stable general-stylization anchor.; Count capped at six; readable body pages cover mountain or outdoor scenes domestic interiors and community or family gatherings; contents and other non-body material were excluded; exact continuous start-development-impact-resolved motion sequence was not isolated; temporary sample SHA-256=3a04c9585e1f57ce2138c6063dd8f6a9cab93bf7c080b02cb79ac8543940010e;38d013ba7c534a2c9743b52d1d6203c2e167c60f9808fd279203533d22d8b6df;f5274e88c63b8851965d73535ee3319c97fa0d697e04819cbc5dea4add230262;83116f9f697ed0161c5e7fa00b01fc05188c6f0b0107c5df0ece7d89518c808c;4bd728d88734529152661fe6284ea8937b1e7b75295c49de55945ba44f2f421f;7623b77ddc003159f9e7aa288c951ca78ec3d72e9532da7ee145a37579ccf5a8. Temporary images and paths are not committed.,quorum-verified;adjudicated;reviewedByHuman=false
work-43ebf010a490cfd4bb50,artDensity,known,2,0.90,originalPublisher,publisher,https://www.kodansha.co.jp/comic/products/0000046459/trial/reader?cid=16004bb7861da5596a0684a912a8f99c1021434d87c50d73d1a592067049f05b,Kodansha product 0000046459 and linked reader identify volume 1 and bridge frozen ISBN 9784063805789; official volume 2 and 3 product pages confirm the entry range,Official internal preview mapped to the entry_1_3_volumes contract; static claims require at least 6 readable pages and 2 scene contexts.,reader-step-04 left;reader-step-04 right;reader-step-05 left;reader-step-05 right;reader-step-06 left;reader-step-06 right;reader-step-07 left;reader-step-07 right;reader-step-08 left;reader-step-08 right;reader-step-09 left;reader-step-09 right,6,mountain or outdoor scenes;domestic interiors;community or family gatherings,"Tatami rooms, textile patterns, banquet dishes, and scenery use moderate detail within clean layouts and broad breathable white fields.",Entry-volume six-page official sample only; visual information remains balanced rather than consistently above-balanced.; Count capped at six; readable body pages cover mountain or outdoor scenes domestic interiors and community or family gatherings; contents and other non-body material were excluded; exact continuous start-development-impact-resolved motion sequence was not isolated; temporary sample SHA-256=3a04c9585e1f57ce2138c6063dd8f6a9cab93bf7c080b02cb79ac8543940010e;38d013ba7c534a2c9743b52d1d6203c2e167c60f9808fd279203533d22d8b6df;f5274e88c63b8851965d73535ee3319c97fa0d697e04819cbc5dea4add230262;83116f9f697ed0161c5e7fa00b01fc05188c6f0b0107c5df0ece7d89518c808c;4bd728d88734529152661fe6284ea8937b1e7b75295c49de55945ba44f2f421f;7623b77ddc003159f9e7aa288c951ca78ec3d72e9532da7ee145a37579ccf5a8. Temporary images and paths are not committed.,quorum-verified;adjudicated;reviewedByHuman=false
work-43ebf010a490cfd4bb50,visualSoftness,known,3,0.89,originalPublisher,publisher,https://www.kodansha.co.jp/comic/products/0000046459/trial/reader?cid=16004bb7861da5596a0684a912a8f99c1021434d87c50d73d1a592067049f05b,Kodansha product 0000046459 and linked reader identify volume 1 and bridge frozen ISBN 9784063805789; official volume 2 and 3 product pages confirm the entry range,Official internal preview mapped to the entry_1_3_volumes contract; static claims require at least 6 readable pages and 2 scene contexts.,reader-step-04 left;reader-step-04 right;reader-step-05 left;reader-step-05 right;reader-step-06 left;reader-step-06 right;reader-step-07 left;reader-step-07 right;reader-step-08 left;reader-step-08 right;reader-step-09 left;reader-step-09 right,6,mountain or outdoor scenes;domestic interiors;community or family gatherings,"Warm organic contours, rounded expressions, fine facial lines, and gentle tones lean soft while precise scenery and occasional hard blacks add counterweight.",Entry-volume six-page official sample only; the recurring harder background and tonal passages prevent the full soft anchor.; Count capped at six; readable body pages cover mountain or outdoor scenes domestic interiors and community or family gatherings; contents and other non-body material were excluded; exact continuous start-development-impact-resolved motion sequence was not isolated; temporary sample SHA-256=3a04c9585e1f57ce2138c6063dd8f6a9cab93bf7c080b02cb79ac8543940010e;38d013ba7c534a2c9743b52d1d6203c2e167c60f9808fd279203533d22d8b6df;f5274e88c63b8851965d73535ee3319c97fa0d697e04819cbc5dea4add230262;83116f9f697ed0161c5e7fa00b01fc05188c6f0b0107c5df0ece7d89518c808c;4bd728d88734529152661fe6284ea8937b1e7b75295c49de55945ba44f2f421f;7623b77ddc003159f9e7aa288c951ca78ec3d72e9532da7ee145a37579ccf5a8. Temporary images and paths are not committed.,quorum-verified;adjudicated;reviewedByHuman=false
work-43ebf010a490cfd4bb50,motionImpact,unknown,,,originalPublisher,publisher,https://www.kodansha.co.jp/comic/products/0000046459/trial/reader?cid=16004bb7861da5596a0684a912a8f99c1021434d87c50d73d1a592067049f05b,Kodansha product 0000046459 and linked reader identify volume 1 and bridge frozen ISBN 9784063805789; official volume 2 and 3 product pages confirm the entry range,Official internal preview mapped to the entry_1_3_volumes contract; static claims require at least 6 readable pages and 2 scene contexts.,reader-step-04 left;reader-step-04 right;reader-step-05 left;reader-step-05 right;reader-step-06 left;reader-step-06 right;reader-step-07 left;reader-step-07 right;reader-step-08 left;reader-step-08 right;reader-step-09 left;reader-step-09 right,6,mountain or outdoor scenes;domestic interiors;community or family gatherings,The bounded packet contains scene transitions and gestures but no exact continuous action endpoint.,Preflight motionGateAttemptable=false; no exact start-development-impact-resolved sequence; unknown is not low.; Count capped at six; readable body pages cover mountain or outdoor scenes domestic interiors and community or family gatherings; contents and other non-body material were excluded; exact continuous start-development-impact-resolved motion sequence was not isolated; temporary sample SHA-256=3a04c9585e1f57ce2138c6063dd8f6a9cab93bf7c080b02cb79ac8543940010e;38d013ba7c534a2c9743b52d1d6203c2e167c60f9808fd279203533d22d8b6df;f5274e88c63b8851965d73535ee3319c97fa0d697e04819cbc5dea4add230262;83116f9f697ed0161c5e7fa00b01fc05188c6f0b0107c5df0ece7d89518c808c;4bd728d88734529152661fe6284ea8937b1e7b75295c49de55945ba44f2f421f;7623b77ddc003159f9e7aa288c951ca78ec3d72e9532da7ee145a37579ccf5a8. Temporary images and paths are not committed.,quorum-verified;adjudicated;reviewedByHuman=false
work-5b7cf2105a4bc6f6b46c,artRealism,known,2,0.91,originalPublisher,publisher,https://www.akitashoten.co.jp/comics/4253261019,秋田書店vol1商品ISBN9784253261012がARC第1話JSONのtitle・author・volume=1に直接接続しvol2 ISBN9784253261029とvol3 ISBN9784253261036の商品ページでentry rangeを確認,Official internal preview mapped to the entry_1_3_volumes contract; static claims require at least 6 readable pages and 2 scene contexts.,arc-page-04 left;arc-page-04 right;arc-page-05 left;arc-page-05 right;arc-page-06 left;arc-page-06 right;arc-page-07 left;arc-page-07 right;arc-page-08 left;arc-page-08 right;arc-page-09 left;arc-page-09 right;arc-page-15 left;arc-page-15 right;arc-page-16 left;arc-page-16 right;arc-page-17 left;arc-page-17 right,9,ship and settlement landscape;mourning and group-character scenes,"Coherent anatomy, hands, clothing, architecture, and landscape remain paired with enlarged eyes, simplified facial planes, idealized proportions, and expressive manga deformation across every retained context.",Official standard volume 1 six-page body sample only; persistent character stylization keeps the sample at the general-stylization anchor rather than the realistic endpoint.; 45-page JSON was enumerated and page 01 is a color cover non-body; pages 02-45 are readable internal body pages; static pages cover ship/settlement landscape and mourning or group-character contexts; arc-page-15 through arc-page-17 preserve the exact bounded request/preparation; throw and flight; cut impact and reaction endpoint; temporary images are not committed; temporary sample SHA-256=5267b559b1b94d3b3db55b27e3abcecbf927dea5234e8958e098c162a5202ca8;499baf43abe445f2c224edd63d01c53228869e0768b4779c455c579c85f5bb22;662dd7d48b21a5ccedcc544a4f56e9011ad08e56c3282ba5979958fb08bf92ba;d0242000a68c5c33b5db2bf66a57bb867c0e4b999ca9655cba17959fddca274a;7198867a4aa18bd890d756f2a6588b9a7818163fed12df9a9ea18d0ae76bab45;dc34ceca0dd9ecd4d1bbd7c1b82b304cf3ac4e20c7990a805fdde99f8822f4c3;908d4cfecfe0de5596c970a8626a6fa1a10816369922c61cbe0a9321ad6e0d6d;07b965fd34519558fdd755b2df065ff2dc4154bdf66e7472b74dc8d686aae3ad;4b7adc8d48d893be7855a67d291405a14e929e9e69024cf2defd1f8b68358053. Temporary images and paths are not committed.,quorum-verified;adjudicated;reviewedByHuman=false
work-5b7cf2105a4bc6f6b46c,artDensity,known,3,0.91,originalPublisher,publisher,https://www.akitashoten.co.jp/comics/4253261019,秋田書店vol1商品ISBN9784253261012がARC第1話JSONのtitle・author・volume=1に直接接続しvol2 ISBN9784253261029とvol3 ISBN9784253261036の商品ページでentry rangeを確認,Official internal preview mapped to the entry_1_3_volumes contract; static claims require at least 6 readable pages and 2 scene contexts.,arc-page-04 left;arc-page-04 right;arc-page-05 left;arc-page-05 right;arc-page-06 left;arc-page-06 right;arc-page-07 left;arc-page-07 right;arc-page-08 left;arc-page-08 right;arc-page-09 left;arc-page-09 right;arc-page-15 left;arc-page-15 right;arc-page-16 left;arc-page-16 right;arc-page-17 left;arc-page-17 right,9,ship and settlement landscape;mourning and group-character scenes,"Intricate organic architecture, terrain, foliage, crowds, hatching, and screentone repeatedly raise information above balance, while broad sky, sand, portrait, and dialogue fields keep density from the sustained value-4 endpoint.","Official standard volume 1 six-page body sample only; the result is a conservative between-anchor value across landscape, mourning, and group-interaction contexts.; 45-page JSON was enumerated and page 01 is a color cover non-body; pages 02-45 are readable internal body pages; static pages cover ship/settlement landscape and mourning or group-character contexts; arc-page-15 through arc-page-17 preserve the exact bounded request/preparation; throw and flight; cut impact and reaction endpoint; temporary images are not committed; temporary sample SHA-256=5267b559b1b94d3b3db55b27e3abcecbf927dea5234e8958e098c162a5202ca8;499baf43abe445f2c224edd63d01c53228869e0768b4779c455c579c85f5bb22;662dd7d48b21a5ccedcc544a4f56e9011ad08e56c3282ba5979958fb08bf92ba;d0242000a68c5c33b5db2bf66a57bb867c0e4b999ca9655cba17959fddca274a;7198867a4aa18bd890d756f2a6588b9a7818163fed12df9a9ea18d0ae76bab45;dc34ceca0dd9ecd4d1bbd7c1b82b304cf3ac4e20c7990a805fdde99f8822f4c3;908d4cfecfe0de5596c970a8626a6fa1a10816369922c61cbe0a9321ad6e0d6d;07b965fd34519558fdd755b2df065ff2dc4154bdf66e7472b74dc8d686aae3ad;4b7adc8d48d893be7855a67d291405a14e929e9e69024cf2defd1f8b68358053. Temporary images and paths are not committed.",quorum-verified;adjudicated;reviewedByHuman=false
work-5b7cf2105a4bc6f6b46c,visualSoftness,known,3,0.89,originalPublisher,publisher,https://www.akitashoten.co.jp/comics/4253261019,秋田書店vol1商品ISBN9784253261012がARC第1話JSONのtitle・author・volume=1に直接接続しvol2 ISBN9784253261029とvol3 ISBN9784253261036の商品ページでentry rangeを確認,Official internal preview mapped to the entry_1_3_volumes contract; static claims require at least 6 readable pages and 2 scene contexts.,arc-page-04 left;arc-page-04 right;arc-page-05 left;arc-page-05 right;arc-page-06 left;arc-page-06 right;arc-page-07 left;arc-page-07 right;arc-page-08 left;arc-page-08 right;arc-page-09 left;arc-page-09 right;arc-page-15 left;arc-page-15 right;arc-page-16 left;arc-page-16 right;arc-page-17 left;arc-page-17 right,9,ship and settlement landscape;mourning and group-character scenes,"Rounded faces, fine eyes, flowing silhouettes, organic architecture, and gentle facial tones produce a consistently soft-leaning treatment, but scratchy crosshatching, hard black hair masses, and rough structural textures recur in every context.",Official standard volume 1 six-page body sample only; recurring rough texture rejects the fully soft value-4 endpoint while the sustained rounded and delicate treatment exceeds neutral value 2.; 45-page JSON was enumerated and page 01 is a color cover non-body; pages 02-45 are readable internal body pages; static pages cover ship/settlement landscape and mourning or group-character contexts; arc-page-15 through arc-page-17 preserve the exact bounded request/preparation; throw and flight; cut impact and reaction endpoint; temporary images are not committed; temporary sample SHA-256=5267b559b1b94d3b3db55b27e3abcecbf927dea5234e8958e098c162a5202ca8;499baf43abe445f2c224edd63d01c53228869e0768b4779c455c579c85f5bb22;662dd7d48b21a5ccedcc544a4f56e9011ad08e56c3282ba5979958fb08bf92ba;d0242000a68c5c33b5db2bf66a57bb867c0e4b999ca9655cba17959fddca274a;7198867a4aa18bd890d756f2a6588b9a7818163fed12df9a9ea18d0ae76bab45;dc34ceca0dd9ecd4d1bbd7c1b82b304cf3ac4e20c7990a805fdde99f8822f4c3;908d4cfecfe0de5596c970a8626a6fa1a10816369922c61cbe0a9321ad6e0d6d;07b965fd34519558fdd755b2df065ff2dc4154bdf66e7472b74dc8d686aae3ad;4b7adc8d48d893be7855a67d291405a14e929e9e69024cf2defd1f8b68358053. Temporary images and paths are not committed.,quorum-verified;adjudicated;reviewedByHuman=false
work-5b7cf2105a4bc6f6b46c,motionImpact,known,2,0.91,originalPublisher,publisher,https://www.akitashoten.co.jp/comics/4253261019,秋田書店vol1商品ISBN9784253261012がARC第1話JSONのtitle・author・volume=1に直接接続しvol2 ISBN9784253261029とvol3 ISBN9784253261036の商品ページでentry rangeを確認,Official internal preview mapped to the entry_1_3_volumes contract; static claims require at least 6 readable pages and 2 scene contexts.,official pages 15-17,9,ship and settlement landscape;mourning and group-character scenes,"The exact sequence preserves request and preparation, disc release and curved flight, then leaf-cutting impact, falling fragments, and immediate reactions with clear but moderate kinetic emphasis.",Only the exact official volume 1 arc-page-15 through arc-page-17 sequence was judged; it resolves fully but uses ordinary trajectory and impact emphasis rather than the forceful value-4 endpoint.; 45-page JSON was enumerated and page 01 is a color cover non-body; pages 02-45 are readable internal body pages; static pages cover ship/settlement landscape and mourning or group-character contexts; arc-page-15 through arc-page-17 preserve the exact bounded request/preparation; throw and flight; cut impact and reaction endpoint; temporary images are not committed; temporary sample SHA-256=5267b559b1b94d3b3db55b27e3abcecbf927dea5234e8958e098c162a5202ca8;499baf43abe445f2c224edd63d01c53228869e0768b4779c455c579c85f5bb22;662dd7d48b21a5ccedcc544a4f56e9011ad08e56c3282ba5979958fb08bf92ba;d0242000a68c5c33b5db2bf66a57bb867c0e4b999ca9655cba17959fddca274a;7198867a4aa18bd890d756f2a6588b9a7818163fed12df9a9ea18d0ae76bab45;dc34ceca0dd9ecd4d1bbd7c1b82b304cf3ac4e20c7990a805fdde99f8822f4c3;908d4cfecfe0de5596c970a8626a6fa1a10816369922c61cbe0a9321ad6e0d6d;07b965fd34519558fdd755b2df065ff2dc4154bdf66e7472b74dc8d686aae3ad;4b7adc8d48d893be7855a67d291405a14e929e9e69024cf2defd1f8b68358053. Temporary images and paths are not committed.,quorum-verified;adjudicated;reviewedByHuman=false
work-5e30ab3c7e3fb43e51f2,artRealism,known,2,0.90,originalPublisher,publisher,https://shogakukan-comic.jp/viewer-open?jdcn=091320090000d0000000&u1=https%3A%2F%2Fshogakukan-comic.jp%2Fbook%3Fjdcn%3D091320090000d0000000,official Shogakukan JDCN 091320090000d0000000 reader bridges frozen ISBN 9784091320094 to volume 1; official volume 2 and 3 JDCN pages confirm the entry range,Official internal preview mapped to the entry_1_3_volumes contract; static claims require at least 6 readable pages and 2 scene contexts.,reader-step-04 left;reader-step-04 right;reader-step-05 left;reader-step-05 right;reader-step-06 left;reader-step-06 right;reader-step-07 left;reader-step-07 right;reader-step-08 left;reader-step-08 right;reader-step-09 left;reader-step-09 right,6,palace;chase;confrontation,"Proportionate bodies and detailed palace architecture remain paired with large eyes, simplified faces, idealized hair, and conventional shoujo anatomy.",Entry-volume six-page official sample only; grounded settings do not displace the persistent general-stylization anchor.; Count capped at six; reader-step-05 to reader-step-06 to reader-step-07 preserves an exact bounded sequence of flight start; pursuit and wall leap/descent; landing and confrontation endpoint; cover title contents and ads were excluded; temporary sample SHA-256=f283db06cd04d06c3cddab3796c28d7555cc6781bab50e24d7e78be4010cbd28;1bcda3bbec6ed83d84a853db909b5917fffd187b0f3c96dcfa06075db3d29ad6;5c81a04abd5a4ae7c7d99f4bdc0efb51b1b353a4569cad89b1773fa5f7e45f4a;ea775ffa3eb18160919a0986edcf0ff7895d6d26c62b4110a6fed900fc501f28;2906c7decb5e90e1a0ac674ae6c4f2c91a63b43a61ca18d78ef69761e3d531b2;7fe5491aaf1ed6d0797625def24cfa41b2d72ef8cd894c8b0d4a94a6f9afa06e. Temporary images and paths are not committed.,quorum-verified;adjudicated;reviewedByHuman=false
work-5e30ab3c7e3fb43e51f2,artDensity,known,3,0.90,originalPublisher,publisher,https://shogakukan-comic.jp/viewer-open?jdcn=091320090000d0000000&u1=https%3A%2F%2Fshogakukan-comic.jp%2Fbook%3Fjdcn%3D091320090000d0000000,official Shogakukan JDCN 091320090000d0000000 reader bridges frozen ISBN 9784091320094 to volume 1; official volume 2 and 3 JDCN pages confirm the entry range,Official internal preview mapped to the entry_1_3_volumes contract; static claims require at least 6 readable pages and 2 scene contexts.,reader-step-04 left;reader-step-04 right;reader-step-05 left;reader-step-05 right;reader-step-06 left;reader-step-06 right;reader-step-07 left;reader-step-07 right;reader-step-08 left;reader-step-08 right;reader-step-09 left;reader-step-09 right,6,palace;chase;confrontation,"Intricate capital and palace architecture, stonework, garments, maps, and multi-panel staging recur above balance, while large white portrait fields keep the sample below value 4.",Entry-volume six-page official sample only; density sits between balanced and the high-density endpoint across the three contexts.; Count capped at six; reader-step-05 to reader-step-06 to reader-step-07 preserves an exact bounded sequence of flight start; pursuit and wall leap/descent; landing and confrontation endpoint; cover title contents and ads were excluded; temporary sample SHA-256=f283db06cd04d06c3cddab3796c28d7555cc6781bab50e24d7e78be4010cbd28;1bcda3bbec6ed83d84a853db909b5917fffd187b0f3c96dcfa06075db3d29ad6;5c81a04abd5a4ae7c7d99f4bdc0efb51b1b353a4569cad89b1773fa5f7e45f4a;ea775ffa3eb18160919a0986edcf0ff7895d6d26c62b4110a6fed900fc501f28;2906c7decb5e90e1a0ac674ae6c4f2c91a63b43a61ca18d78ef69761e3d531b2;7fe5491aaf1ed6d0797625def24cfa41b2d72ef8cd894c8b0d4a94a6f9afa06e. Temporary images and paths are not committed.,quorum-verified;adjudicated;reviewedByHuman=false
work-5e30ab3c7e3fb43e51f2,visualSoftness,known,4,0.92,originalPublisher,publisher,https://shogakukan-comic.jp/viewer-open?jdcn=091320090000d0000000&u1=https%3A%2F%2Fshogakukan-comic.jp%2Fbook%3Fjdcn%3D091320090000d0000000,official Shogakukan JDCN 091320090000d0000000 reader bridges frozen ISBN 9784091320094 to volume 1; official volume 2 and 3 JDCN pages confirm the entry range,Official internal preview mapped to the entry_1_3_volumes contract; static claims require at least 6 readable pages and 2 scene contexts.,reader-step-04 left;reader-step-04 right;reader-step-05 left;reader-step-05 right;reader-step-06 left;reader-step-06 right;reader-step-07 left;reader-step-07 right;reader-step-08 left;reader-step-08 right;reader-step-09 left;reader-step-09 right,6,palace;chase;confrontation,"Rounded faces, luminous eyes, flowing hair, fine contours, pale tones, and elegant fabric remain soft across palace, chase, and confrontation contexts.",Entry-volume six-page official sample only; speed lines alter motion staging but not the consistently soft character treatment.; Count capped at six; reader-step-05 to reader-step-06 to reader-step-07 preserves an exact bounded sequence of flight start; pursuit and wall leap/descent; landing and confrontation endpoint; cover title contents and ads were excluded; temporary sample SHA-256=f283db06cd04d06c3cddab3796c28d7555cc6781bab50e24d7e78be4010cbd28;1bcda3bbec6ed83d84a853db909b5917fffd187b0f3c96dcfa06075db3d29ad6;5c81a04abd5a4ae7c7d99f4bdc0efb51b1b353a4569cad89b1773fa5f7e45f4a;ea775ffa3eb18160919a0986edcf0ff7895d6d26c62b4110a6fed900fc501f28;2906c7decb5e90e1a0ac674ae6c4f2c91a63b43a61ca18d78ef69761e3d531b2;7fe5491aaf1ed6d0797625def24cfa41b2d72ef8cd894c8b0d4a94a6f9afa06e. Temporary images and paths are not committed.,quorum-verified;adjudicated;reviewedByHuman=false
work-5e30ab3c7e3fb43e51f2,motionImpact,known,2,0.90,originalPublisher,publisher,https://shogakukan-comic.jp/viewer-open?jdcn=091320090000d0000000&u1=https%3A%2F%2Fshogakukan-comic.jp%2Fbook%3Fjdcn%3D091320090000d0000000,official Shogakukan JDCN 091320090000d0000000 reader bridges frozen ISBN 9784091320094 to volume 1; official volume 2 and 3 JDCN pages confirm the entry range,Official internal preview mapped to the entry_1_3_volumes contract; static claims require at least 6 readable pages and 2 scene contexts.,official pages 5-7,6,palace;chase;confrontation,"The exact flight and pursuit, wall leap and descent, landing, and confrontation sequence uses clear speed lines and spatial continuity with moderate rather than forceful impact.",Only the authorized reader-step-05 to reader-step-06 to reader-step-07 sequence was judged; no broader action style was inferred.; Count capped at six; reader-step-05 to reader-step-06 to reader-step-07 preserves an exact bounded sequence of flight start; pursuit and wall leap/descent; landing and confrontation endpoint; cover title contents and ads were excluded; temporary sample SHA-256=f283db06cd04d06c3cddab3796c28d7555cc6781bab50e24d7e78be4010cbd28;1bcda3bbec6ed83d84a853db909b5917fffd187b0f3c96dcfa06075db3d29ad6;5c81a04abd5a4ae7c7d99f4bdc0efb51b1b353a4569cad89b1773fa5f7e45f4a;ea775ffa3eb18160919a0986edcf0ff7895d6d26c62b4110a6fed900fc501f28;2906c7decb5e90e1a0ac674ae6c4f2c91a63b43a61ca18d78ef69761e3d531b2;7fe5491aaf1ed6d0797625def24cfa41b2d72ef8cd894c8b0d4a94a6f9afa06e. Temporary images and paths are not committed.,quorum-verified;adjudicated;reviewedByHuman=false
work-77008e04537e3fd889e2,artRealism,known,3,0.92,originalPublisher,publisher,https://www.shueisha.co.jp/books/reader/main.php?cid=9784088703114,official Shueisha volume 1 product and exact ISBN reader bridge frozen ISBN 9784088703114; official volume 2 and 3 product pages confirm the entry range,Official internal preview mapped to the entry_1_3_volumes contract; static claims require at least 6 readable pages and 2 scene contexts.,reader-step-05 left;reader-step-05 right;reader-step-06 left;reader-step-06 right;reader-step-07 left;reader-step-07 right;reader-step-08 left;reader-step-08 right;reader-step-09 left;reader-step-09 right;reader-step-10 left;reader-step-10 right,6,character;urban and rubble;geological terrain,"Observed anatomy, hands, clothing folds, rubble, maps, architecture, and large-scale terrain approach realism while dramatic proportions, eyes, poses, and fashion remain visibly stylized.",Entry-volume six-page official sample only; recurring authorial deformation rejects value 4 despite highly observed bodies and environments.; Count capped at six after excluding title splash; reader-step-05 preserves an exact bounded fall sequence of stumble start; fall/collision impact; fallen aftermath and rising endpoint; cover title contents and ads were excluded; temporary sample SHA-256=bba491a471d3ce544ec68d68af9e50462d3b14487ebd51cbf7a1c246b8d2730b;f12ced145bae2595583e2d2471d184f815f3fe7ca23b2e07b28de6a05d6635e1;b655fa7fe144dd4be99e92b58cb3aeca65a95e83c1eb4dfc310da9b5d1f35682;9ad26c84852e6eefefe2e12c47f23490ff3c1ab5d731b967cb90f6399e174587;90155f576f780b31b62f2ac6d938ba333b1d4d259f9165c88093a4e195b9c599;fbd1bbb44a4371f13cb59c16d8984f9ca3d584054305235f00daf3f233ab940e. Temporary images and paths are not committed.,quorum-verified;adjudicated;reviewedByHuman=false
work-77008e04537e3fd889e2,artDensity,known,4,0.95,originalPublisher,publisher,https://www.shueisha.co.jp/books/reader/main.php?cid=9784088703114,official Shueisha volume 1 product and exact ISBN reader bridge frozen ISBN 9784088703114; official volume 2 and 3 product pages confirm the entry range,Official internal preview mapped to the entry_1_3_volumes contract; static claims require at least 6 readable pages and 2 scene contexts.,reader-step-05 left;reader-step-05 right;reader-step-06 left;reader-step-06 right;reader-step-07 left;reader-step-07 right;reader-step-08 left;reader-step-08 right;reader-step-09 left;reader-step-09 right;reader-step-10 left;reader-step-10 right,6,character;urban and rubble;geological terrain,"Every selected context sustains dense rubble, terrain, architecture, maps, hatching, modeled figures, tonal texture, environmental information, or tightly packed panel detail.",Entry-volume six-page official sample only; the high-density endpoint is limited to the exact authorized sample.; Count capped at six after excluding title splash; reader-step-05 preserves an exact bounded fall sequence of stumble start; fall/collision impact; fallen aftermath and rising endpoint; cover title contents and ads were excluded; temporary sample SHA-256=bba491a471d3ce544ec68d68af9e50462d3b14487ebd51cbf7a1c246b8d2730b;f12ced145bae2595583e2d2471d184f815f3fe7ca23b2e07b28de6a05d6635e1;b655fa7fe144dd4be99e92b58cb3aeca65a95e83c1eb4dfc310da9b5d1f35682;9ad26c84852e6eefefe2e12c47f23490ff3c1ab5d731b967cb90f6399e174587;90155f576f780b31b62f2ac6d938ba333b1d4d259f9165c88093a4e195b9c599;fbd1bbb44a4371f13cb59c16d8984f9ca3d584054305235f00daf3f233ab940e. Temporary images and paths are not committed.,quorum-verified;adjudicated;reviewedByHuman=false
work-77008e04537e3fd889e2,visualSoftness,known,0,0.93,originalPublisher,publisher,https://www.shueisha.co.jp/books/reader/main.php?cid=9784088703114,official Shueisha volume 1 product and exact ISBN reader bridge frozen ISBN 9784088703114; official volume 2 and 3 product pages confirm the entry range,Official internal preview mapped to the entry_1_3_volumes contract; static claims require at least 6 readable pages and 2 scene contexts.,reader-step-05 left;reader-step-05 right;reader-step-06 left;reader-step-06 right;reader-step-07 left;reader-step-07 right;reader-step-08 left;reader-step-08 right;reader-step-09 left;reader-step-09 right;reader-step-10 left;reader-step-10 right,6,character;urban and rubble;geological terrain,"Chiseled faces, hard contour changes, angular poses, heavy hatching, jagged rubble, sharp fault lines, and abrasive black textures dominate character, urban, and geological contexts.",Entry-volume six-page official sample only; polished draftsmanship does not make the repeatedly rough and angular treatment neutral.; Count capped at six after excluding title splash; reader-step-05 preserves an exact bounded fall sequence of stumble start; fall/collision impact; fallen aftermath and rising endpoint; cover title contents and ads were excluded; temporary sample SHA-256=bba491a471d3ce544ec68d68af9e50462d3b14487ebd51cbf7a1c246b8d2730b;f12ced145bae2595583e2d2471d184f815f3fe7ca23b2e07b28de6a05d6635e1;b655fa7fe144dd4be99e92b58cb3aeca65a95e83c1eb4dfc310da9b5d1f35682;9ad26c84852e6eefefe2e12c47f23490ff3c1ab5d731b967cb90f6399e174587;90155f576f780b31b62f2ac6d938ba333b1d4d259f9165c88093a4e195b9c599;fbd1bbb44a4371f13cb59c16d8984f9ca3d584054305235f00daf3f233ab940e. Temporary images and paths are not committed.,quorum-verified;adjudicated;reviewedByHuman=false
work-77008e04537e3fd889e2,motionImpact,known,2,0.91,originalPublisher,publisher,https://www.shueisha.co.jp/books/reader/main.php?cid=9784088703114,official Shueisha volume 1 product and exact ISBN reader bridge frozen ISBN 9784088703114; official volume 2 and 3 product pages confirm the entry range,Official internal preview mapped to the entry_1_3_volumes contract; static claims require at least 6 readable pages and 2 scene contexts.,official spread 5 bounded panel sequence,6,character;urban and rubble;geological terrain,"Within the exact spread, a diagonal stumble develops into a fall and rubble collision, then resolves in a fallen pause and crouched recovery with moderate kinetic emphasis.",Only the authorized reader-step-05 sequence was judged; its compact single-spread fall does not support above-normal value 3 or the forceful value 4 endpoint.; Count capped at six after excluding title splash; reader-step-05 preserves an exact bounded fall sequence of stumble start; fall/collision impact; fallen aftermath and rising endpoint; cover title contents and ads were excluded; temporary sample SHA-256=bba491a471d3ce544ec68d68af9e50462d3b14487ebd51cbf7a1c246b8d2730b;f12ced145bae2595583e2d2471d184f815f3fe7ca23b2e07b28de6a05d6635e1;b655fa7fe144dd4be99e92b58cb3aeca65a95e83c1eb4dfc310da9b5d1f35682;9ad26c84852e6eefefe2e12c47f23490ff3c1ab5d731b967cb90f6399e174587;90155f576f780b31b62f2ac6d938ba333b1d4d259f9165c88093a4e195b9c599;fbd1bbb44a4371f13cb59c16d8984f9ca3d584054305235f00daf3f233ab940e. Temporary images and paths are not committed.,quorum-verified;adjudicated;reviewedByHuman=false
work-8a7846af8ead1797e6a2,artRealism,known,1,0.91,originalPublisher,publisher,https://magazine.jp.square-enix.com/biggangan/introduction/highscoregirl/|https://magazine.jp.square-enix.com/biggangan/tachiyomi/his02/|https://magazine.jp.square-enix.com/biggangan/tachiyomi/his03/|https://magazine.jp.square-enix.com/top/comics/detail/9784757535121/|https://magazine.jp.square-enix.com/top/comics/detail/9784757536425/|https://magazine.jp.square-enix.com/top/comics/detail/9784757538412/,"The official Big Gangan series page identifies ハイスコアガール by 押切蓮介, links official 第1話・第2話・第3話 previews, and lists exact standard volume covers and ISBNs: vol.1 9784757535121, vol.2 9784757536425, vol.3 9784757538412. The frozen representative is exact vol.1 ISBN. Current publisher detail URLs for the three historical standard ISBNs return generic/404 pages, so the edition bridge is the series page's explicit title/creator/volume/ISBN mapping plus first-party preview links; no CONTINUE reissue was substituted.",Official internal preview mapped to the entry_1_3_volumes contract; static claims require at least 6 readable pages and 2 scene contexts.,reader-his02-p002=0161e58893499257746ad7bd1cba7e6e07d7591711e3edd406044e176c3c4966 left;reader-his02-p002=0161e58893499257746ad7bd1cba7e6e07d7591711e3edd406044e176c3c4966 right;reader-his02-p003=a5c3d1c83994934c193101fd0d10d676a462a48d28bda4421b65069349da803f left;reader-his02-p003=a5c3d1c83994934c193101fd0d10d676a462a48d28bda4421b65069349da803f right;reader-his02-p004=6ec72f8e4fcb9c0ab0ffec6b2f0b13176210e71b3b355486e01a61c95155d487 left;reader-his02-p004=6ec72f8e4fcb9c0ab0ffec6b2f0b13176210e71b3b355486e01a61c95155d487 right;reader-his02-p005=112acb66d9bf6b5f8f9842982ced40fc5f90836127522d98312e8716927f61b5 left;reader-his02-p005=112acb66d9bf6b5f8f9842982ced40fc5f90836127522d98312e8716927f61b5 right;reader-his02-p006=44de76624bfaf4c4421794c8d670693d2ec5f8c1a2d4fe21c8861a09d26fbb9f left;reader-his02-p006=44de76624bfaf4c4421794c8d670693d2ec5f8c1a2d4fe21c8861a09d26fbb9f right;reader-his02-p007=aee2737299e01a69175e69d013b95f82589aac058cd67f8ace6cca05dbd72de2 left;reader-his02-p007=aee2737299e01a69175e69d013b95f82589aac058cd67f8ace6cca05dbd72de2 right,6,street or social interaction;arcade/gameplay,"Coherent storefronts, arcade hardware, clothing, hands, and proportionate girl figures coexist with enlarged eyes, simplified bodies, diagram-like anatomy, and extreme comic facial deformation across both admitted contexts.","Exact official episode 2 six-page BODY sample only; repeated grounded objects and proportionate passages keep the result above the strong-deformation endpoint 0 while recurring caricature prevents the general-stylization anchor 2.; The official browser-rendered 第2話 exposes eight JPEG pages at 870x1236. Page 001 is the 2-CREDIT chapter opener and is excluded; pages 002-007 are six readable BODY pages. Pages 005, 006, and 007 are arcade/gameplay material; pages 002, 003, and 004 are street or social-interaction material, giving two distinct contexts. 第3話 was also enumerated as an official 8-page route for corroboration but is not merged into the six-page gate. This recovery adds no Art value and retains motionImpact outside this packet; no exact bounded motion sequence was claimed.; temporary sample SHA-256=0161e58893499257746ad7bd1cba7e6e07d7591711e3edd406044e176c3c4966;a5c3d1c83994934c193101fd0d10d676a462a48d28bda4421b65069349da803f;6ec72f8e4fcb9c0ab0ffec6b2f0b13176210e71b3b355486e01a61c95155d487;112acb66d9bf6b5f8f9842982ced40fc5f90836127522d98312e8716927f61b5;44de76624bfaf4c4421794c8d670693d2ec5f8c1a2d4fe21c8861a09d26fbb9f;aee2737299e01a69175e69d013b95f82589aac058cd67f8ace6cca05dbd72de2. Temporary images and paths are not committed.",quorum-verified;adjudicated;reviewedByHuman=false
work-8a7846af8ead1797e6a2,artDensity,known,2,0.91,originalPublisher,publisher,https://magazine.jp.square-enix.com/biggangan/introduction/highscoregirl/|https://magazine.jp.square-enix.com/biggangan/tachiyomi/his02/|https://magazine.jp.square-enix.com/biggangan/tachiyomi/his03/|https://magazine.jp.square-enix.com/top/comics/detail/9784757535121/|https://magazine.jp.square-enix.com/top/comics/detail/9784757536425/|https://magazine.jp.square-enix.com/top/comics/detail/9784757538412/,"The official Big Gangan series page identifies ハイスコアガール by 押切蓮介, links official 第1話・第2話・第3話 previews, and lists exact standard volume covers and ISBNs: vol.1 9784757535121, vol.2 9784757536425, vol.3 9784757538412. The frozen representative is exact vol.1 ISBN. Current publisher detail URLs for the three historical standard ISBNs return generic/404 pages, so the edition bridge is the series page's explicit title/creator/volume/ISBN mapping plus first-party preview links; no CONTINUE reissue was substituted.",Official internal preview mapped to the entry_1_3_volumes contract; static claims require at least 6 readable pages and 2 scene contexts.,reader-his02-p002=0161e58893499257746ad7bd1cba7e6e07d7591711e3edd406044e176c3c4966 left;reader-his02-p002=0161e58893499257746ad7bd1cba7e6e07d7591711e3edd406044e176c3c4966 right;reader-his02-p003=a5c3d1c83994934c193101fd0d10d676a462a48d28bda4421b65069349da803f left;reader-his02-p003=a5c3d1c83994934c193101fd0d10d676a462a48d28bda4421b65069349da803f right;reader-his02-p004=6ec72f8e4fcb9c0ab0ffec6b2f0b13176210e71b3b355486e01a61c95155d487 left;reader-his02-p004=6ec72f8e4fcb9c0ab0ffec6b2f0b13176210e71b3b355486e01a61c95155d487 right;reader-his02-p005=112acb66d9bf6b5f8f9842982ced40fc5f90836127522d98312e8716927f61b5 left;reader-his02-p005=112acb66d9bf6b5f8f9842982ced40fc5f90836127522d98312e8716927f61b5 right;reader-his02-p006=44de76624bfaf4c4421794c8d670693d2ec5f8c1a2d4fe21c8861a09d26fbb9f left;reader-his02-p006=44de76624bfaf4c4421794c8d670693d2ec5f8c1a2d4fe21c8861a09d26fbb9f right;reader-his02-p007=aee2737299e01a69175e69d013b95f82589aac058cd67f8ace6cca05dbd72de2 left;reader-his02-p007=aee2737299e01a69175e69d013b95f82589aac058cd67f8ace6cca05dbd72de2 right,6,street or social interaction;arcade/gameplay,"Detailed storefronts, shop shelves, arcade controls, clothing texture, foliage, hatching, and screentone recur alongside broad sky and ground areas, flat tone fields, sparse portraits, and omitted backgrounds.","Exact official episode 2 six-page BODY sample only; dense environmental panels and open graphic panels balance across the sample rather than sustaining the above-balanced interpolation 3.; The official browser-rendered 第2話 exposes eight JPEG pages at 870x1236. Page 001 is the 2-CREDIT chapter opener and is excluded; pages 002-007 are six readable BODY pages. Pages 005, 006, and 007 are arcade/gameplay material; pages 002, 003, and 004 are street or social-interaction material, giving two distinct contexts. 第3話 was also enumerated as an official 8-page route for corroboration but is not merged into the six-page gate. This recovery adds no Art value and retains motionImpact outside this packet; no exact bounded motion sequence was claimed.; temporary sample SHA-256=0161e58893499257746ad7bd1cba7e6e07d7591711e3edd406044e176c3c4966;a5c3d1c83994934c193101fd0d10d676a462a48d28bda4421b65069349da803f;6ec72f8e4fcb9c0ab0ffec6b2f0b13176210e71b3b355486e01a61c95155d487;112acb66d9bf6b5f8f9842982ced40fc5f90836127522d98312e8716927f61b5;44de76624bfaf4c4421794c8d670693d2ec5f8c1a2d4fe21c8861a09d26fbb9f;aee2737299e01a69175e69d013b95f82589aac058cd67f8ace6cca05dbd72de2. Temporary images and paths are not committed.",quorum-verified;adjudicated;reviewedByHuman=false
work-8a7846af8ead1797e6a2,visualSoftness,known,1,0.91,originalPublisher,publisher,https://magazine.jp.square-enix.com/biggangan/introduction/highscoregirl/|https://magazine.jp.square-enix.com/biggangan/tachiyomi/his02/|https://magazine.jp.square-enix.com/biggangan/tachiyomi/his03/|https://magazine.jp.square-enix.com/top/comics/detail/9784757535121/|https://magazine.jp.square-enix.com/top/comics/detail/9784757536425/|https://magazine.jp.square-enix.com/top/comics/detail/9784757538412/,"The official Big Gangan series page identifies ハイスコアガール by 押切蓮介, links official 第1話・第2話・第3話 previews, and lists exact standard volume covers and ISBNs: vol.1 9784757535121, vol.2 9784757536425, vol.3 9784757538412. The frozen representative is exact vol.1 ISBN. Current publisher detail URLs for the three historical standard ISBNs return generic/404 pages, so the edition bridge is the series page's explicit title/creator/volume/ISBN mapping plus first-party preview links; no CONTINUE reissue was substituted.",Official internal preview mapped to the entry_1_3_volumes contract; static claims require at least 6 readable pages and 2 scene contexts.,reader-his02-p002=0161e58893499257746ad7bd1cba7e6e07d7591711e3edd406044e176c3c4966 left;reader-his02-p002=0161e58893499257746ad7bd1cba7e6e07d7591711e3edd406044e176c3c4966 right;reader-his02-p003=a5c3d1c83994934c193101fd0d10d676a462a48d28bda4421b65069349da803f left;reader-his02-p003=a5c3d1c83994934c193101fd0d10d676a462a48d28bda4421b65069349da803f right;reader-his02-p004=6ec72f8e4fcb9c0ab0ffec6b2f0b13176210e71b3b355486e01a61c95155d487 left;reader-his02-p004=6ec72f8e4fcb9c0ab0ffec6b2f0b13176210e71b3b355486e01a61c95155d487 right;reader-his02-p005=112acb66d9bf6b5f8f9842982ced40fc5f90836127522d98312e8716927f61b5 left;reader-his02-p005=112acb66d9bf6b5f8f9842982ced40fc5f90836127522d98312e8716927f61b5 right;reader-his02-p006=44de76624bfaf4c4421794c8d670693d2ec5f8c1a2d4fe21c8861a09d26fbb9f left;reader-his02-p006=44de76624bfaf4c4421794c8d670693d2ec5f8c1a2d4fe21c8861a09d26fbb9f right;reader-his02-p007=aee2737299e01a69175e69d013b95f82589aac058cd67f8ace6cca05dbd72de2 left;reader-his02-p007=aee2737299e01a69175e69d013b95f82589aac058cd67f8ace6cca05dbd72de2 right,6,street or social interaction;arcade/gameplay,"Jagged expressions, hard black masses, scratchy hatching, sharp effects, and coarse caricature recur while the girl's rounded face, fine eyes, smooth hair highlights, and clean garment contours preserve a repeated soft counter-treatment.","Exact official episode 2 six-page BODY sample only; the recurring polished passages reject the fully rough endpoint 0 while rough and angular treatment remains too persistent for neutral 2.; The official browser-rendered 第2話 exposes eight JPEG pages at 870x1236. Page 001 is the 2-CREDIT chapter opener and is excluded; pages 002-007 are six readable BODY pages. Pages 005, 006, and 007 are arcade/gameplay material; pages 002, 003, and 004 are street or social-interaction material, giving two distinct contexts. 第3話 was also enumerated as an official 8-page route for corroboration but is not merged into the six-page gate. This recovery adds no Art value and retains motionImpact outside this packet; no exact bounded motion sequence was claimed.; temporary sample SHA-256=0161e58893499257746ad7bd1cba7e6e07d7591711e3edd406044e176c3c4966;a5c3d1c83994934c193101fd0d10d676a462a48d28bda4421b65069349da803f;6ec72f8e4fcb9c0ab0ffec6b2f0b13176210e71b3b355486e01a61c95155d487;112acb66d9bf6b5f8f9842982ced40fc5f90836127522d98312e8716927f61b5;44de76624bfaf4c4421794c8d670693d2ec5f8c1a2d4fe21c8861a09d26fbb9f;aee2737299e01a69175e69d013b95f82589aac058cd67f8ace6cca05dbd72de2. Temporary images and paths are not committed.",quorum-verified;adjudicated;reviewedByHuman=false
work-8a7846af8ead1797e6a2,motionImpact,known,4,0.93,originalPublisher,publisher,https://magazine.jp.square-enix.com/biggangan/introduction/highscoregirl/|https://magazine.jp.square-enix.com/biggangan/tachiyomi/his02/|https://magazine.jp.square-enix.com/biggangan/tachiyomi/his03/|https://magazine.jp.square-enix.com/top/comics/detail/9784757535121/|https://magazine.jp.square-enix.com/top/comics/detail/9784757536425/|https://magazine.jp.square-enix.com/top/comics/detail/9784757538412/,"The official Big Gangan series page identifies ハイスコアガール by 押切蓮介, links official 第1話・第2話・第3話 previews, and lists exact standard volume covers and ISBNs: vol.1 9784757535121, vol.2 9784757536425, vol.3 9784757538412. The frozen representative is exact vol.1 ISBN. Current publisher detail URLs for the three historical standard ISBNs return generic/404 pages, so the edition bridge is the series page's explicit title/creator/volume/ISBN mapping plus first-party preview links; no CONTINUE reissue was substituted.",Official internal preview mapped to the entry_1_3_volumes contract; static claims require at least 6 readable pages and 2 scene contexts.,official page 10 bounded panel sequence,6,street or social interaction;arcade/gameplay,The exact page progresses from the seated play state through the girl's approach to a large face-distorting fist impact with speed and burst lines and then a separate nosebleed aftermath.,"Only the authorized reader-page-010 start-development-impact-resolved sequence was judged; no broader action style or static Art value was inferred.; The official browser-rendered 第2話 exposes eight JPEG pages at 870x1236. Page 001 is the 2-CREDIT chapter opener and is excluded; pages 002-007 are six readable BODY pages. Pages 005, 006, and 007 are arcade/gameplay material; pages 002, 003, and 004 are street or social-interaction material, giving two distinct contexts. 第3話 was also enumerated as an official 8-page route for corroboration but is not merged into the six-page gate. This recovery adds no Art value and retains motionImpact outside this packet; no exact bounded motion sequence was claimed.; temporary sample SHA-256=0161e58893499257746ad7bd1cba7e6e07d7591711e3edd406044e176c3c4966;a5c3d1c83994934c193101fd0d10d676a462a48d28bda4421b65069349da803f;6ec72f8e4fcb9c0ab0ffec6b2f0b13176210e71b3b355486e01a61c95155d487;112acb66d9bf6b5f8f9842982ced40fc5f90836127522d98312e8716927f61b5;44de76624bfaf4c4421794c8d670693d2ec5f8c1a2d4fe21c8861a09d26fbb9f;aee2737299e01a69175e69d013b95f82589aac058cd67f8ace6cca05dbd72de2. Temporary images and paths are not committed.",quorum-verified;adjudicated;reviewedByHuman=false
work-e658d3aee2e33c17aa38,artRealism,known,2,0.88,originalPublisher,publisher,https://bookwalker.jp/de10e1d3b7-8ffe-4faf-bb14-e5ea8a6d18df/?sample=1,BOOK☆WALKER CID 10e1d3b7-8ffe-4faf-bb14-e5ea8a6d18df is product-linked to standard volume 2; official Shonengahosha products 7155/7156/7157 bridge standard volumes 1–3; frozen representative ISBN 9784785939830 is the standard volume 1,Official internal preview mapped to the entry_1_3_volumes contract; static claims require at least 6 readable pages and 2 scene contexts.,reader-v2-p006=54ea32927502dd995b0952d77a64e726f3f03441f84e8f2927cb85677bacd9ad left;reader-v2-p006=54ea32927502dd995b0952d77a64e726f3f03441f84e8f2927cb85677bacd9ad right;reader-v2-p007=6e572900e5e33c863c26e2f87b5d574f2b38b41e5c7a7f48c4af0108903b41a4 left;reader-v2-p007=6e572900e5e33c863c26e2f87b5d574f2b38b41e5c7a7f48c4af0108903b41a4 right;reader-v2-p008=65a6e3949dd6e08d4b724497b0673d96f3f1acbcd29a890213eac7752dfe938c left;reader-v2-p008=65a6e3949dd6e08d4b724497b0673d96f3f1acbcd29a890213eac7752dfe938c right;reader-v2-p009=39dd198ac1d80541b03abd9faa1f01c94a070532b0cad4f913e3f7a6722dcfc4 left;reader-v2-p009=39dd198ac1d80541b03abd9faa1f01c94a070532b0cad4f913e3f7a6722dcfc4 right;reader-v2-p010=0d37650396712882c4147ef87c7334fc4cbd244c09a981b94d33a771fef26dd5 left;reader-v2-p010=0d37650396712882c4147ef87c7334fc4cbd244c09a981b94d33a771fef26dd5 right;reader-v2-p011=e2b97fdebf7d8b483136615e770e87470bc437f14153e0b62d85b58811c23ed4 left;reader-v2-p011=e2b97fdebf7d8b483136615e770e87470bc437f14153e0b62d85b58811c23ed4 right,6,fantasy travel memory;school corridor and classroom,Standard manga stylization persists across all six pages: enlarged eyes simplified facial planes and caricatured reactions coexist with coherent anatomy clothing school furniture architecture and perspective.,Judgment is limited to six readable standard-volume-2 BODY pages across two entry contexts.; Cover p001 and blank/frontmatter p002 excluded; opening/title material p003–p005 excluded; p006–p011 are six readable BODY pages spanning colour fantasy/travel-memory and present-day school corridor/classroom contexts; no exact continuous motion sequence; temporary sample SHA-256=17d9246b0ea04ecd2af200225ca0f20de318f906f3006bf644ccacc30bdccead. Temporary images and paths are not committed.,quorum-verified;adjudicated;reviewedByHuman=false
work-e658d3aee2e33c17aa38,artDensity,known,1,0.87,originalPublisher,publisher,https://bookwalker.jp/de10e1d3b7-8ffe-4faf-bb14-e5ea8a6d18df/?sample=1,BOOK☆WALKER CID 10e1d3b7-8ffe-4faf-bb14-e5ea8a6d18df is product-linked to standard volume 2; official Shonengahosha products 7155/7156/7157 bridge standard volumes 1–3; frozen representative ISBN 9784785939830 is the standard volume 1,Official internal preview mapped to the entry_1_3_volumes contract; static claims require at least 6 readable pages and 2 scene contexts.,reader-v2-p006=54ea32927502dd995b0952d77a64e726f3f03441f84e8f2927cb85677bacd9ad left;reader-v2-p006=54ea32927502dd995b0952d77a64e726f3f03441f84e8f2927cb85677bacd9ad right;reader-v2-p007=6e572900e5e33c863c26e2f87b5d574f2b38b41e5c7a7f48c4af0108903b41a4 left;reader-v2-p007=6e572900e5e33c863c26e2f87b5d574f2b38b41e5c7a7f48c4af0108903b41a4 right;reader-v2-p008=65a6e3949dd6e08d4b724497b0673d96f3f1acbcd29a890213eac7752dfe938c left;reader-v2-p008=65a6e3949dd6e08d4b724497b0673d96f3f1acbcd29a890213eac7752dfe938c right;reader-v2-p009=39dd198ac1d80541b03abd9faa1f01c94a070532b0cad4f913e3f7a6722dcfc4 left;reader-v2-p009=39dd198ac1d80541b03abd9faa1f01c94a070532b0cad4f913e3f7a6722dcfc4 right;reader-v2-p010=0d37650396712882c4147ef87c7334fc4cbd244c09a981b94d33a771fef26dd5 left;reader-v2-p010=0d37650396712882c4147ef87c7334fc4cbd244c09a981b94d33a771fef26dd5 right;reader-v2-p011=e2b97fdebf7d8b483136615e770e87470bc437f14153e0b62d85b58811c23ed4 left;reader-v2-p011=e2b97fdebf7d8b483136615e770e87470bc437f14153e0b62d85b58811c23ed4 right,6,fantasy travel memory;school corridor and classroom,School architecture furniture clothing tone and the colour landscape recur but broad white fields omitted backgrounds flat black masses and sparse portrait panels dominate most of the sample.,Judgment is limited to six readable standard-volume-2 BODY pages across two entry contexts.; Cover p001 and blank/frontmatter p002 excluded; opening/title material p003–p005 excluded; p006–p011 are six readable BODY pages spanning colour fantasy/travel-memory and present-day school corridor/classroom contexts; no exact continuous motion sequence; temporary sample SHA-256=17d9246b0ea04ecd2af200225ca0f20de318f906f3006bf644ccacc30bdccead. Temporary images and paths are not committed.,quorum-verified;adjudicated;reviewedByHuman=false
work-e658d3aee2e33c17aa38,visualSoftness,known,2,0.90,originalPublisher,publisher,https://bookwalker.jp/de10e1d3b7-8ffe-4faf-bb14-e5ea8a6d18df/?sample=1,BOOK☆WALKER CID 10e1d3b7-8ffe-4faf-bb14-e5ea8a6d18df is product-linked to standard volume 2; official Shonengahosha products 7155/7156/7157 bridge standard volumes 1–3; frozen representative ISBN 9784785939830 is the standard volume 1,Official internal preview mapped to the entry_1_3_volumes contract; static claims require at least 6 readable pages and 2 scene contexts.,reader-v2-p006=54ea32927502dd995b0952d77a64e726f3f03441f84e8f2927cb85677bacd9ad left;reader-v2-p006=54ea32927502dd995b0952d77a64e726f3f03441f84e8f2927cb85677bacd9ad right;reader-v2-p007=6e572900e5e33c863c26e2f87b5d574f2b38b41e5c7a7f48c4af0108903b41a4 left;reader-v2-p007=6e572900e5e33c863c26e2f87b5d574f2b38b41e5c7a7f48c4af0108903b41a4 right;reader-v2-p008=65a6e3949dd6e08d4b724497b0673d96f3f1acbcd29a890213eac7752dfe938c left;reader-v2-p008=65a6e3949dd6e08d4b724497b0673d96f3f1acbcd29a890213eac7752dfe938c right;reader-v2-p009=39dd198ac1d80541b03abd9faa1f01c94a070532b0cad4f913e3f7a6722dcfc4 left;reader-v2-p009=39dd198ac1d80541b03abd9faa1f01c94a070532b0cad4f913e3f7a6722dcfc4 right;reader-v2-p010=0d37650396712882c4147ef87c7334fc4cbd244c09a981b94d33a771fef26dd5 left;reader-v2-p010=0d37650396712882c4147ef87c7334fc4cbd244c09a981b94d33a771fef26dd5 right;reader-v2-p011=e2b97fdebf7d8b483136615e770e87470bc437f14153e0b62d85b58811c23ed4 left;reader-v2-p011=e2b97fdebf7d8b483136615e770e87470bc437f14153e0b62d85b58811c23ed4 right,6,fantasy travel memory;school corridor and classroom,Rounded faces smooth hair curves and clean contours are repeatedly countered by spiky hair hard black masses angular reactions and firm panel geometry producing a neutral treatment.,Judgment is limited to six readable standard-volume-2 BODY pages across two entry contexts.; Cover p001 and blank/frontmatter p002 excluded; opening/title material p003–p005 excluded; p006–p011 are six readable BODY pages spanning colour fantasy/travel-memory and present-day school corridor/classroom contexts; no exact continuous motion sequence; temporary sample SHA-256=17d9246b0ea04ecd2af200225ca0f20de318f906f3006bf644ccacc30bdccead. Temporary images and paths are not committed.,quorum-verified;adjudicated;reviewedByHuman=false
work-e658d3aee2e33c17aa38,motionImpact,unknown,,,originalPublisher,publisher,https://bookwalker.jp/de10e1d3b7-8ffe-4faf-bb14-e5ea8a6d18df/?sample=1,BOOK☆WALKER CID 10e1d3b7-8ffe-4faf-bb14-e5ea8a6d18df is product-linked to standard volume 2; official Shonengahosha products 7155/7156/7157 bridge standard volumes 1–3; frozen representative ISBN 9784785939830 is the standard volume 1,Official internal preview mapped to the entry_1_3_volumes contract; static claims require at least 6 readable pages and 2 scene contexts.,reader-v2-p006=54ea32927502dd995b0952d77a64e726f3f03441f84e8f2927cb85677bacd9ad left;reader-v2-p006=54ea32927502dd995b0952d77a64e726f3f03441f84e8f2927cb85677bacd9ad right;reader-v2-p007=6e572900e5e33c863c26e2f87b5d574f2b38b41e5c7a7f48c4af0108903b41a4 left;reader-v2-p007=6e572900e5e33c863c26e2f87b5d574f2b38b41e5c7a7f48c4af0108903b41a4 right;reader-v2-p008=65a6e3949dd6e08d4b724497b0673d96f3f1acbcd29a890213eac7752dfe938c left;reader-v2-p008=65a6e3949dd6e08d4b724497b0673d96f3f1acbcd29a890213eac7752dfe938c right;reader-v2-p009=39dd198ac1d80541b03abd9faa1f01c94a070532b0cad4f913e3f7a6722dcfc4 left;reader-v2-p009=39dd198ac1d80541b03abd9faa1f01c94a070532b0cad4f913e3f7a6722dcfc4 right;reader-v2-p010=0d37650396712882c4147ef87c7334fc4cbd244c09a981b94d33a771fef26dd5 left;reader-v2-p010=0d37650396712882c4147ef87c7334fc4cbd244c09a981b94d33a771fef26dd5 right;reader-v2-p011=e2b97fdebf7d8b483136615e770e87470bc437f14153e0b62d85b58811c23ed4 left;reader-v2-p011=e2b97fdebf7d8b483136615e770e87470bc437f14153e0b62d85b58811c23ed4 right,6,fantasy travel memory;school corridor and classroom,The sample contains isolated raised arms walking and conversational gestures but no exact continuous start development impact and resolved endpoint sequence.,motionGateAttemptable=false; unknown is not a low value and no motion inference was made from isolated panels.; Cover p001 and blank/frontmatter p002 excluded; opening/title material p003–p005 excluded; p006–p011 are six readable BODY pages spanning colour fantasy/travel-memory and present-day school corridor/classroom contexts; no exact continuous motion sequence; temporary sample SHA-256=17d9246b0ea04ecd2af200225ca0f20de318f906f3006bf644ccacc30bdccead. Temporary images and paths are not committed.,quorum-verified;adjudicated;reviewedByHuman=false
work-f31a42ea4ad724acefa5,artRealism,known,2,0.90,originalPublisher,publisher,https://sc-portal.tameshiyo.me/9784091865007,official Shogakukan product ISBN 9784091865007 identifies デッドデッドデーモンズデデデデデストラクション 1 by 浅野いにお and resolves to the registered tameshiyo reader; products 1–3 bridge the frozen entry range,Official internal preview mapped to the entry_1_3_volumes contract; static claims require at least 6 readable pages and 2 scene contexts.,reader-trg-07=8c052552e3ed87a25d6e70a518df1cdbbf7461ab5da7bddfe77db0088de330f5 left;reader-trg-07=8c052552e3ed87a25d6e70a518df1cdbbf7461ab5da7bddfe77db0088de330f5 right;reader-trg-08=26ec82bc57c28aedf59d2b25c78b5e02f6d1e268372ea10a650c53c2024aecfd left;reader-trg-08=26ec82bc57c28aedf59d2b25c78b5e02f6d1e268372ea10a650c53c2024aecfd right;reader-trg-09=1f5f1c6e3a8a83d5374939a66e2b2647246fbb2e2786634cfeddb36a84e186ba left;reader-trg-09=1f5f1c6e3a8a83d5374939a66e2b2647246fbb2e2786634cfeddb36a84e186ba right;reader-trg-10=b21b3f8293c663deb99f2adbfe1b708495091b503e3692c58687211b9a42b741 left;reader-trg-10=b21b3f8293c663deb99f2adbfe1b708495091b503e3692c58687211b9a42b741 right;reader-trg-11=ca323453185022b57924b89803891471b9fa4c81512ddfebe6127bdae3395360 left;reader-trg-11=ca323453185022b57924b89803891471b9fa4c81512ddfebe6127bdae3395360 right;reader-trg-12=c719d47840525bddb65069b5fa6293f658e853eca6e68fd20a9efd829d0e44fa left;reader-trg-12=c719d47840525bddb65069b5fa6293f658e853eca6e68fd20a9efd829d0e44fa right,6,household;street or bicycle;school,Photographically observed rooms streets and objects coexist with persistently simplified rounded manga faces; across all three contexts the combined treatment matches general stylization rather than a realism-leaning endpoint.,"Judgment is limited to six readable volume-1 BODY pages in three entry contexts.; Cover, opening advertisement, title page, contents, and ads were excluded; six readable body pages span household scenes, street or bicycle scenes, and school scenes; no exact bounded continuous start-development-impact-resolved sequence was isolated; temporary sample SHA-256=d2b1a145193601ac8f4a1e9e27aa44af4961e8b13ecc78f86e2a575b88ca89ca. Temporary images and paths are not committed.",quorum-verified;adjudicated;reviewedByHuman=false
work-f31a42ea4ad724acefa5,artDensity,known,4,0.94,originalPublisher,publisher,https://sc-portal.tameshiyo.me/9784091865007,official Shogakukan product ISBN 9784091865007 identifies デッドデッドデーモンズデデデデデストラクション 1 by 浅野いにお and resolves to the registered tameshiyo reader; products 1–3 bridge the frozen entry range,Official internal preview mapped to the entry_1_3_volumes contract; static claims require at least 6 readable pages and 2 scene contexts.,reader-trg-07=8c052552e3ed87a25d6e70a518df1cdbbf7461ab5da7bddfe77db0088de330f5 left;reader-trg-07=8c052552e3ed87a25d6e70a518df1cdbbf7461ab5da7bddfe77db0088de330f5 right;reader-trg-08=26ec82bc57c28aedf59d2b25c78b5e02f6d1e268372ea10a650c53c2024aecfd left;reader-trg-08=26ec82bc57c28aedf59d2b25c78b5e02f6d1e268372ea10a650c53c2024aecfd right;reader-trg-09=1f5f1c6e3a8a83d5374939a66e2b2647246fbb2e2786634cfeddb36a84e186ba left;reader-trg-09=1f5f1c6e3a8a83d5374939a66e2b2647246fbb2e2786634cfeddb36a84e186ba right;reader-trg-10=b21b3f8293c663deb99f2adbfe1b708495091b503e3692c58687211b9a42b741 left;reader-trg-10=b21b3f8293c663deb99f2adbfe1b708495091b503e3692c58687211b9a42b741 right;reader-trg-11=ca323453185022b57924b89803891471b9fa4c81512ddfebe6127bdae3395360 left;reader-trg-11=ca323453185022b57924b89803891471b9fa4c81512ddfebe6127bdae3395360 right;reader-trg-12=c719d47840525bddb65069b5fa6293f658e853eca6e68fd20a9efd829d0e44fa left;reader-trg-12=c719d47840525bddb65069b5fa6293f658e853eca6e68fd20a9efd829d0e44fa right,6,household;street or bicycle;school,Cables books devices household clutter street architecture foliage clothing textures and surface hatching create consistently high information density.,"Judgment is limited to six readable volume-1 BODY pages in three entry contexts.; Cover, opening advertisement, title page, contents, and ads were excluded; six readable body pages span household scenes, street or bicycle scenes, and school scenes; no exact bounded continuous start-development-impact-resolved sequence was isolated; temporary sample SHA-256=d2b1a145193601ac8f4a1e9e27aa44af4961e8b13ecc78f86e2a575b88ca89ca. Temporary images and paths are not committed.",quorum-verified;adjudicated;reviewedByHuman=false
work-f31a42ea4ad724acefa5,visualSoftness,known,2,0.82,originalPublisher,publisher,https://sc-portal.tameshiyo.me/9784091865007,official Shogakukan product ISBN 9784091865007 identifies デッドデッドデーモンズデデデデデストラクション 1 by 浅野いにお and resolves to the registered tameshiyo reader; products 1–3 bridge the frozen entry range,Official internal preview mapped to the entry_1_3_volumes contract; static claims require at least 6 readable pages and 2 scene contexts.,reader-trg-07=8c052552e3ed87a25d6e70a518df1cdbbf7461ab5da7bddfe77db0088de330f5 left;reader-trg-07=8c052552e3ed87a25d6e70a518df1cdbbf7461ab5da7bddfe77db0088de330f5 right;reader-trg-08=26ec82bc57c28aedf59d2b25c78b5e02f6d1e268372ea10a650c53c2024aecfd left;reader-trg-08=26ec82bc57c28aedf59d2b25c78b5e02f6d1e268372ea10a650c53c2024aecfd right;reader-trg-09=1f5f1c6e3a8a83d5374939a66e2b2647246fbb2e2786634cfeddb36a84e186ba left;reader-trg-09=1f5f1c6e3a8a83d5374939a66e2b2647246fbb2e2786634cfeddb36a84e186ba right;reader-trg-10=b21b3f8293c663deb99f2adbfe1b708495091b503e3692c58687211b9a42b741 left;reader-trg-10=b21b3f8293c663deb99f2adbfe1b708495091b503e3692c58687211b9a42b741 right;reader-trg-11=ca323453185022b57924b89803891471b9fa4c81512ddfebe6127bdae3395360 left;reader-trg-11=ca323453185022b57924b89803891471b9fa4c81512ddfebe6127bdae3395360 right;reader-trg-12=c719d47840525bddb65069b5fa6293f658e853eca6e68fd20a9efd829d0e44fa left;reader-trg-12=c719d47840525bddb65069b5fa6293f658e853eca6e68fd20a9efd829d0e44fa right,6,household;street or bicycle;school,Rounded youthful faces coexist with precise contours heavy environmental texture and firm black framing; producing a neutral rather than markedly soft or rough treatment.,"Judgment is limited to six readable volume-1 BODY pages in three entry contexts.; Cover, opening advertisement, title page, contents, and ads were excluded; six readable body pages span household scenes, street or bicycle scenes, and school scenes; no exact bounded continuous start-development-impact-resolved sequence was isolated; temporary sample SHA-256=d2b1a145193601ac8f4a1e9e27aa44af4961e8b13ecc78f86e2a575b88ca89ca. Temporary images and paths are not committed.",quorum-verified;adjudicated;reviewedByHuman=false
work-f31a42ea4ad724acefa5,motionImpact,unknown,,,originalPublisher,publisher,https://sc-portal.tameshiyo.me/9784091865007,official Shogakukan product ISBN 9784091865007 identifies デッドデッドデーモンズデデデデデストラクション 1 by 浅野いにお and resolves to the registered tameshiyo reader; products 1–3 bridge the frozen entry range,Official internal preview mapped to the entry_1_3_volumes contract; static claims require at least 6 readable pages and 2 scene contexts.,reader-trg-07=8c052552e3ed87a25d6e70a518df1cdbbf7461ab5da7bddfe77db0088de330f5 left;reader-trg-07=8c052552e3ed87a25d6e70a518df1cdbbf7461ab5da7bddfe77db0088de330f5 right;reader-trg-08=26ec82bc57c28aedf59d2b25c78b5e02f6d1e268372ea10a650c53c2024aecfd left;reader-trg-08=26ec82bc57c28aedf59d2b25c78b5e02f6d1e268372ea10a650c53c2024aecfd right;reader-trg-09=1f5f1c6e3a8a83d5374939a66e2b2647246fbb2e2786634cfeddb36a84e186ba left;reader-trg-09=1f5f1c6e3a8a83d5374939a66e2b2647246fbb2e2786634cfeddb36a84e186ba right;reader-trg-10=b21b3f8293c663deb99f2adbfe1b708495091b503e3692c58687211b9a42b741 left;reader-trg-10=b21b3f8293c663deb99f2adbfe1b708495091b503e3692c58687211b9a42b741 right;reader-trg-11=ca323453185022b57924b89803891471b9fa4c81512ddfebe6127bdae3395360 left;reader-trg-11=ca323453185022b57924b89803891471b9fa4c81512ddfebe6127bdae3395360 right;reader-trg-12=c719d47840525bddb65069b5fa6293f658e853eca6e68fd20a9efd829d0e44fa left;reader-trg-12=c719d47840525bddb65069b5fa6293f658e853eca6e68fd20a9efd829d0e44fa right,6,household;street or bicycle;school,No exact bounded continuous action sequence with start development impact and resolved endpoint was present.,"motionGateAttemptable=false; bicycle movement is isolated and lacks a complete continuous endpoint sequence.; Cover, opening advertisement, title page, contents, and ads were excluded; six readable body pages span household scenes, street or bicycle scenes, and school scenes; no exact bounded continuous start-development-impact-resolved sequence was isolated; temporary sample SHA-256=d2b1a145193601ac8f4a1e9e27aa44af4961e8b13ecc78f86e2a575b88ca89ca. Temporary images and paths are not committed.",quorum-verified;adjudicated;reviewedByHuman=false
