workId,axisId,state,value,confidence,evidenceId
fruits-basket,progression,known,1,0.82,ev-g2-fresh-b-annotation-fruits-basket
fruits-basket,problemSolving,known,1,0.82,ev-g2-fresh-b-annotation-fruits-basket
fruits-basket,strategy,known,0,0.82,ev-g2-fresh-b-annotation-fruits-basket
fruits-basket,pacing,known,2,0.82,ev-g2-fresh-b-annotation-fruits-basket
fruits-basket,mysteryReveal,known,2,0.82,ev-g2-fresh-b-annotation-fruits-basket
fruits-basket,worldBuilding,known,3,0.82,ev-g2-fresh-b-annotation-fruits-basket
fruits-basket,characterArcWeight,known,4,0.82,ev-g2-fresh-b-annotation-fruits-basket
fruits-basket,relationshipStructure,known,4,0.82,ev-g2-fresh-b-annotation-fruits-basket
fruits-basket,comedy,known,3,0.82,ev-g2-fresh-b-annotation-fruits-basket
fruits-basket,darkness,known,2,0.82,ev-g2-fresh-b-annotation-fruits-basket
fruits-basket,mentalStress,known,3,0.82,ev-g2-fresh-b-annotation-fruits-basket
fruits-basket,romance,known,3,0.82,ev-g2-fresh-b-annotation-fruits-basket
fruits-basket,emotionalWarmth,known,4,0.82,ev-g2-fresh-b-annotation-fruits-basket
fruits-basket,artRealism,known,1,0.86,ev-g2-fresh-b-art-fruits-basket
fruits-basket,artDensity,known,2,0.86,ev-g2-fresh-b-art-fruits-basket
fruits-basket,visualSoftness,known,4,0.86,ev-g2-fresh-b-art-fruits-basket
fruits-basket,motionImpact,unknown,,,ev-g2-fresh-b-art-fruits-basket
inuyasha,progression,known,2,0.82,ev-g2-fresh-b-annotation-inuyasha
inuyasha,problemSolving,known,1,0.82,ev-g2-fresh-b-annotation-inuyasha
inuyasha,strategy,known,0,0.82,ev-g2-fresh-b-annotation-inuyasha
inuyasha,pacing,known,4,0.82,ev-g2-fresh-b-annotation-inuyasha
inuyasha,mysteryReveal,known,2,0.82,ev-g2-fresh-b-annotation-inuyasha
inuyasha,worldBuilding,known,3,0.82,ev-g2-fresh-b-annotation-inuyasha
inuyasha,characterArcWeight,known,2,0.82,ev-g2-fresh-b-annotation-inuyasha
inuyasha,relationshipStructure,known,2,0.82,ev-g2-fresh-b-annotation-inuyasha
inuyasha,comedy,known,2,0.82,ev-g2-fresh-b-annotation-inuyasha
inuyasha,darkness,known,2,0.82,ev-g2-fresh-b-annotation-inuyasha
inuyasha,mentalStress,known,1,0.82,ev-g2-fresh-b-annotation-inuyasha
inuyasha,romance,known,2,0.82,ev-g2-fresh-b-annotation-inuyasha
inuyasha,emotionalWarmth,known,2,0.82,ev-g2-fresh-b-annotation-inuyasha
inuyasha,artRealism,known,2,0.86,ev-g2-fresh-b-art-inuyasha
inuyasha,artDensity,known,3,0.86,ev-g2-fresh-b-art-inuyasha
inuyasha,visualSoftness,known,2,0.86,ev-g2-fresh-b-art-inuyasha
inuyasha,motionImpact,known,4,0.84,ev-g2-fresh-b-art-inuyasha
space-brothers,progression,known,4,0.82,ev-g2-fresh-b-annotation-space-brothers
space-brothers,problemSolving,known,3,0.82,ev-g2-fresh-b-annotation-space-brothers
space-brothers,strategy,known,2,0.82,ev-g2-fresh-b-annotation-space-brothers
space-brothers,pacing,known,2,0.82,ev-g2-fresh-b-annotation-space-brothers
space-brothers,mysteryReveal,known,0,0.82,ev-g2-fresh-b-annotation-space-brothers
space-brothers,worldBuilding,known,3,0.82,ev-g2-fresh-b-annotation-space-brothers
space-brothers,characterArcWeight,known,4,0.82,ev-g2-fresh-b-annotation-space-brothers
space-brothers,relationshipStructure,known,3,0.82,ev-g2-fresh-b-annotation-space-brothers
space-brothers,comedy,known,2,0.82,ev-g2-fresh-b-annotation-space-brothers
space-brothers,darkness,known,1,0.82,ev-g2-fresh-b-annotation-space-brothers
space-brothers,mentalStress,known,2,0.82,ev-g2-fresh-b-annotation-space-brothers
space-brothers,romance,known,0,0.82,ev-g2-fresh-b-annotation-space-brothers
space-brothers,emotionalWarmth,known,4,0.82,ev-g2-fresh-b-annotation-space-brothers
space-brothers,artRealism,known,3,0.86,ev-g2-fresh-b-art-space-brothers
space-brothers,artDensity,known,3,0.86,ev-g2-fresh-b-art-space-brothers
space-brothers,visualSoftness,known,2,0.86,ev-g2-fresh-b-art-space-brothers
space-brothers,motionImpact,unknown,,,ev-g2-fresh-b-art-space-brothers
blue-giant,progression,known,4,0.82,ev-g2-fresh-b-annotation-blue-giant
blue-giant,problemSolving,known,1,0.82,ev-g2-fresh-b-annotation-blue-giant
blue-giant,strategy,known,0,0.82,ev-g2-fresh-b-annotation-blue-giant
blue-giant,pacing,known,2,0.82,ev-g2-fresh-b-annotation-blue-giant
blue-giant,mysteryReveal,known,0,0.82,ev-g2-fresh-b-annotation-blue-giant
blue-giant,worldBuilding,known,2,0.82,ev-g2-fresh-b-annotation-blue-giant
blue-giant,characterArcWeight,known,4,0.82,ev-g2-fresh-b-annotation-blue-giant
blue-giant,relationshipStructure,known,2,0.82,ev-g2-fresh-b-annotation-blue-giant
blue-giant,comedy,known,1,0.82,ev-g2-fresh-b-annotation-blue-giant
blue-giant,darkness,known,0,0.82,ev-g2-fresh-b-annotation-blue-giant
blue-giant,mentalStress,known,2,0.82,ev-g2-fresh-b-annotation-blue-giant
blue-giant,romance,known,0,0.82,ev-g2-fresh-b-annotation-blue-giant
blue-giant,emotionalWarmth,known,3,0.82,ev-g2-fresh-b-annotation-blue-giant
blue-giant,artRealism,known,3,0.86,ev-g2-fresh-b-art-blue-giant
blue-giant,artDensity,known,3,0.86,ev-g2-fresh-b-art-blue-giant
blue-giant,visualSoftness,known,2,0.86,ev-g2-fresh-b-art-blue-giant
blue-giant,motionImpact,unknown,,,ev-g2-fresh-b-art-blue-giant
blue-period,progression,known,4,0.82,ev-g2-fresh-b-annotation-blue-period
blue-period,problemSolving,known,3,0.82,ev-g2-fresh-b-annotation-blue-period
blue-period,strategy,known,2,0.82,ev-g2-fresh-b-annotation-blue-period
blue-period,pacing,known,2,0.82,ev-g2-fresh-b-annotation-blue-period
blue-period,mysteryReveal,known,0,0.82,ev-g2-fresh-b-annotation-blue-period
blue-period,worldBuilding,known,3,0.82,ev-g2-fresh-b-annotation-blue-period
blue-period,characterArcWeight,known,4,0.82,ev-g2-fresh-b-annotation-blue-period
blue-period,relationshipStructure,known,3,0.82,ev-g2-fresh-b-annotation-blue-period
blue-period,comedy,known,1,0.82,ev-g2-fresh-b-annotation-blue-period
blue-period,darkness,known,1,0.82,ev-g2-fresh-b-annotation-blue-period
blue-period,mentalStress,known,4,0.82,ev-g2-fresh-b-annotation-blue-period
blue-period,romance,known,0,0.82,ev-g2-fresh-b-annotation-blue-period
blue-period,emotionalWarmth,known,2,0.82,ev-g2-fresh-b-annotation-blue-period
blue-period,artRealism,known,2,0.86,ev-g2-fresh-b-art-blue-period
blue-period,artDensity,known,3,0.86,ev-g2-fresh-b-art-blue-period
blue-period,visualSoftness,known,3,0.86,ev-g2-fresh-b-art-blue-period
blue-period,motionImpact,unknown,,,ev-g2-fresh-b-art-blue-period
the-apothecary-diaries,progression,known,1,0.82,ev-g2-fresh-b-annotation-the-apothecary-diaries
the-apothecary-diaries,problemSolving,known,4,0.82,ev-g2-fresh-b-annotation-the-apothecary-diaries
the-apothecary-diaries,strategy,known,3,0.82,ev-g2-fresh-b-annotation-the-apothecary-diaries
the-apothecary-diaries,pacing,known,3,0.82,ev-g2-fresh-b-annotation-the-apothecary-diaries
the-apothecary-diaries,mysteryReveal,known,4,0.82,ev-g2-fresh-b-annotation-the-apothecary-diaries
the-apothecary-diaries,worldBuilding,known,4,0.82,ev-g2-fresh-b-annotation-the-apothecary-diaries
the-apothecary-diaries,characterArcWeight,known,3,0.82,ev-g2-fresh-b-annotation-the-apothecary-diaries
the-apothecary-diaries,relationshipStructure,known,2,0.82,ev-g2-fresh-b-annotation-the-apothecary-diaries
the-apothecary-diaries,comedy,known,2,0.82,ev-g2-fresh-b-annotation-the-apothecary-diaries
the-apothecary-diaries,darkness,known,2,0.82,ev-g2-fresh-b-annotation-the-apothecary-diaries
the-apothecary-diaries,mentalStress,known,2,0.82,ev-g2-fresh-b-annotation-the-apothecary-diaries
the-apothecary-diaries,romance,known,1,0.82,ev-g2-fresh-b-annotation-the-apothecary-diaries
the-apothecary-diaries,emotionalWarmth,known,1,0.82,ev-g2-fresh-b-annotation-the-apothecary-diaries
the-apothecary-diaries,artRealism,known,2,0.86,ev-g2-fresh-b-art-the-apothecary-diaries
the-apothecary-diaries,artDensity,known,3,0.86,ev-g2-fresh-b-art-the-apothecary-diaries
the-apothecary-diaries,visualSoftness,known,2,0.86,ev-g2-fresh-b-art-the-apothecary-diaries
the-apothecary-diaries,motionImpact,unknown,,,ev-g2-fresh-b-art-the-apothecary-diaries
dorohedoro,progression,known,2,0.82,ev-g2-fresh-b-annotation-dorohedoro
dorohedoro,problemSolving,known,1,0.82,ev-g2-fresh-b-annotation-dorohedoro
dorohedoro,strategy,known,1,0.82,ev-g2-fresh-b-annotation-dorohedoro
dorohedoro,pacing,known,4,0.82,ev-g2-fresh-b-annotation-dorohedoro
dorohedoro,mysteryReveal,known,4,0.82,ev-g2-fresh-b-annotation-dorohedoro
dorohedoro,worldBuilding,known,4,0.82,ev-g2-fresh-b-annotation-dorohedoro
dorohedoro,characterArcWeight,known,3,0.82,ev-g2-fresh-b-annotation-dorohedoro
dorohedoro,relationshipStructure,known,4,0.82,ev-g2-fresh-b-annotation-dorohedoro
dorohedoro,comedy,known,3,0.82,ev-g2-fresh-b-annotation-dorohedoro
dorohedoro,darkness,known,4,0.82,ev-g2-fresh-b-annotation-dorohedoro
dorohedoro,mentalStress,known,2,0.82,ev-g2-fresh-b-annotation-dorohedoro
dorohedoro,romance,known,0,0.82,ev-g2-fresh-b-annotation-dorohedoro
dorohedoro,emotionalWarmth,known,2,0.82,ev-g2-fresh-b-annotation-dorohedoro
dorohedoro,artRealism,known,2,0.86,ev-g2-fresh-b-art-dorohedoro
dorohedoro,artDensity,known,4,0.86,ev-g2-fresh-b-art-dorohedoro
dorohedoro,visualSoftness,known,0,0.86,ev-g2-fresh-b-art-dorohedoro
dorohedoro,motionImpact,unknown,,,ev-g2-fresh-b-art-dorohedoro
sweat-and-soap,progression,known,1,0.82,ev-g2-fresh-b-annotation-sweat-and-soap
sweat-and-soap,problemSolving,known,1,0.82,ev-g2-fresh-b-annotation-sweat-and-soap
sweat-and-soap,strategy,known,0,0.82,ev-g2-fresh-b-annotation-sweat-and-soap
sweat-and-soap,pacing,known,3,0.82,ev-g2-fresh-b-annotation-sweat-and-soap
sweat-and-soap,mysteryReveal,known,0,0.82,ev-g2-fresh-b-annotation-sweat-and-soap
sweat-and-soap,worldBuilding,known,1,0.82,ev-g2-fresh-b-annotation-sweat-and-soap
sweat-and-soap,characterArcWeight,known,4,0.82,ev-g2-fresh-b-annotation-sweat-and-soap
sweat-and-soap,relationshipStructure,known,2,0.82,ev-g2-fresh-b-annotation-sweat-and-soap
sweat-and-soap,comedy,known,2,0.82,ev-g2-fresh-b-annotation-sweat-and-soap
sweat-and-soap,darkness,known,0,0.82,ev-g2-fresh-b-annotation-sweat-and-soap
sweat-and-soap,mentalStress,known,2,0.82,ev-g2-fresh-b-annotation-sweat-and-soap
sweat-and-soap,romance,known,4,0.82,ev-g2-fresh-b-annotation-sweat-and-soap
sweat-and-soap,emotionalWarmth,known,4,0.82,ev-g2-fresh-b-annotation-sweat-and-soap
sweat-and-soap,artRealism,known,2,0.86,ev-g2-fresh-b-art-sweat-and-soap
sweat-and-soap,artDensity,known,2,0.86,ev-g2-fresh-b-art-sweat-and-soap
sweat-and-soap,visualSoftness,known,3,0.86,ev-g2-fresh-b-art-sweat-and-soap
sweat-and-soap,motionImpact,unknown,,,ev-g2-fresh-b-art-sweat-and-soap
a-condition-called-love,progression,known,1,0.82,ev-g2-fresh-b-annotation-a-condition-called-love
a-condition-called-love,problemSolving,known,1,0.82,ev-g2-fresh-b-annotation-a-condition-called-love
a-condition-called-love,strategy,known,0,0.82,ev-g2-fresh-b-annotation-a-condition-called-love
a-condition-called-love,pacing,known,2,0.82,ev-g2-fresh-b-annotation-a-condition-called-love
a-condition-called-love,mysteryReveal,known,0,0.82,ev-g2-fresh-b-annotation-a-condition-called-love
a-condition-called-love,worldBuilding,known,0,0.82,ev-g2-fresh-b-annotation-a-condition-called-love
a-condition-called-love,characterArcWeight,known,4,0.82,ev-g2-fresh-b-annotation-a-condition-called-love
a-condition-called-love,relationshipStructure,known,2,0.82,ev-g2-fresh-b-annotation-a-condition-called-love
a-condition-called-love,comedy,known,1,0.82,ev-g2-fresh-b-annotation-a-condition-called-love
a-condition-called-love,darkness,known,1,0.82,ev-g2-fresh-b-annotation-a-condition-called-love
a-condition-called-love,mentalStress,known,4,0.82,ev-g2-fresh-b-annotation-a-condition-called-love
a-condition-called-love,romance,known,4,0.82,ev-g2-fresh-b-annotation-a-condition-called-love
a-condition-called-love,emotionalWarmth,known,3,0.82,ev-g2-fresh-b-annotation-a-condition-called-love
a-condition-called-love,artRealism,known,1,0.86,ev-g2-fresh-b-art-a-condition-called-love
a-condition-called-love,artDensity,known,2,0.86,ev-g2-fresh-b-art-a-condition-called-love
a-condition-called-love,visualSoftness,known,4,0.86,ev-g2-fresh-b-art-a-condition-called-love
a-condition-called-love,motionImpact,unknown,,,ev-g2-fresh-b-art-a-condition-called-love
she-loves-to-cook-and-she-loves-to-eat,progression,known,0,0.82,ev-g2-fresh-b-annotation-she-loves-to-cook-and-she-loves-to-eat
she-loves-to-cook-and-she-loves-to-eat,problemSolving,known,2,0.82,ev-g2-fresh-b-annotation-she-loves-to-cook-and-she-loves-to-eat
she-loves-to-cook-and-she-loves-to-eat,strategy,known,0,0.82,ev-g2-fresh-b-annotation-she-loves-to-cook-and-she-loves-to-eat
she-loves-to-cook-and-she-loves-to-eat,pacing,known,1,0.82,ev-g2-fresh-b-annotation-she-loves-to-cook-and-she-loves-to-eat
she-loves-to-cook-and-she-loves-to-eat,mysteryReveal,known,0,0.82,ev-g2-fresh-b-annotation-she-loves-to-cook-and-she-loves-to-eat
she-loves-to-cook-and-she-loves-to-eat,worldBuilding,known,1,0.82,ev-g2-fresh-b-annotation-she-loves-to-cook-and-she-loves-to-eat
she-loves-to-cook-and-she-loves-to-eat,characterArcWeight,known,3,0.82,ev-g2-fresh-b-annotation-she-loves-to-cook-and-she-loves-to-eat
she-loves-to-cook-and-she-loves-to-eat,relationshipStructure,known,2,0.82,ev-g2-fresh-b-annotation-she-loves-to-cook-and-she-loves-to-eat
she-loves-to-cook-and-she-loves-to-eat,comedy,known,2,0.82,ev-g2-fresh-b-annotation-she-loves-to-cook-and-she-loves-to-eat
she-loves-to-cook-and-she-loves-to-eat,darkness,known,0,0.82,ev-g2-fresh-b-annotation-she-loves-to-cook-and-she-loves-to-eat
she-loves-to-cook-and-she-loves-to-eat,mentalStress,known,1,0.82,ev-g2-fresh-b-annotation-she-loves-to-cook-and-she-loves-to-eat
she-loves-to-cook-and-she-loves-to-eat,romance,known,3,0.82,ev-g2-fresh-b-annotation-she-loves-to-cook-and-she-loves-to-eat
she-loves-to-cook-and-she-loves-to-eat,emotionalWarmth,known,4,0.82,ev-g2-fresh-b-annotation-she-loves-to-cook-and-she-loves-to-eat
she-loves-to-cook-and-she-loves-to-eat,artRealism,known,2,0.86,ev-g2-fresh-b-art-she-loves-to-cook-and-she-loves-to-eat
she-loves-to-cook-and-she-loves-to-eat,artDensity,known,2,0.86,ev-g2-fresh-b-art-she-loves-to-cook-and-she-loves-to-eat
she-loves-to-cook-and-she-loves-to-eat,visualSoftness,known,3,0.86,ev-g2-fresh-b-art-she-loves-to-cook-and-she-loves-to-eat
she-loves-to-cook-and-she-loves-to-eat,motionImpact,unknown,,,ev-g2-fresh-b-art-she-loves-to-cook-and-she-loves-to-eat
my-brothers-husband,progression,known,0,0.82,ev-g2-fresh-b-annotation-my-brothers-husband
my-brothers-husband,problemSolving,known,2,0.82,ev-g2-fresh-b-annotation-my-brothers-husband
my-brothers-husband,strategy,known,0,0.82,ev-g2-fresh-b-annotation-my-brothers-husband
my-brothers-husband,pacing,known,1,0.82,ev-g2-fresh-b-annotation-my-brothers-husband
my-brothers-husband,mysteryReveal,known,0,0.82,ev-g2-fresh-b-annotation-my-brothers-husband
my-brothers-husband,worldBuilding,known,1,0.82,ev-g2-fresh-b-annotation-my-brothers-husband
my-brothers-husband,characterArcWeight,known,4,0.82,ev-g2-fresh-b-annotation-my-brothers-husband
my-brothers-husband,relationshipStructure,known,2,0.82,ev-g2-fresh-b-annotation-my-brothers-husband
my-brothers-husband,comedy,known,1,0.82,ev-g2-fresh-b-annotation-my-brothers-husband
my-brothers-husband,darkness,known,1,0.82,ev-g2-fresh-b-annotation-my-brothers-husband
my-brothers-husband,mentalStress,known,2,0.82,ev-g2-fresh-b-annotation-my-brothers-husband
my-brothers-husband,romance,known,0,0.82,ev-g2-fresh-b-annotation-my-brothers-husband
my-brothers-husband,emotionalWarmth,known,4,0.82,ev-g2-fresh-b-annotation-my-brothers-husband
my-brothers-husband,artRealism,known,3,0.86,ev-g2-fresh-b-art-my-brothers-husband
my-brothers-husband,artDensity,known,2,0.86,ev-g2-fresh-b-art-my-brothers-husband
my-brothers-husband,visualSoftness,known,2,0.86,ev-g2-fresh-b-art-my-brothers-husband
my-brothers-husband,motionImpact,unknown,,,ev-g2-fresh-b-art-my-brothers-husband
our-dreams-at-dusk,progression,known,0,0.82,ev-g2-fresh-b-annotation-our-dreams-at-dusk
our-dreams-at-dusk,problemSolving,known,1,0.82,ev-g2-fresh-b-annotation-our-dreams-at-dusk
our-dreams-at-dusk,strategy,known,0,0.82,ev-g2-fresh-b-annotation-our-dreams-at-dusk
our-dreams-at-dusk,pacing,known,2,0.82,ev-g2-fresh-b-annotation-our-dreams-at-dusk
our-dreams-at-dusk,mysteryReveal,known,1,0.82,ev-g2-fresh-b-annotation-our-dreams-at-dusk
our-dreams-at-dusk,worldBuilding,known,1,0.82,ev-g2-fresh-b-annotation-our-dreams-at-dusk
our-dreams-at-dusk,characterArcWeight,known,4,0.82,ev-g2-fresh-b-annotation-our-dreams-at-dusk
our-dreams-at-dusk,relationshipStructure,known,4,0.82,ev-g2-fresh-b-annotation-our-dreams-at-dusk
our-dreams-at-dusk,comedy,known,0,0.82,ev-g2-fresh-b-annotation-our-dreams-at-dusk
our-dreams-at-dusk,darkness,known,2,0.82,ev-g2-fresh-b-annotation-our-dreams-at-dusk
our-dreams-at-dusk,mentalStress,known,4,0.82,ev-g2-fresh-b-annotation-our-dreams-at-dusk
our-dreams-at-dusk,romance,known,1,0.82,ev-g2-fresh-b-annotation-our-dreams-at-dusk
our-dreams-at-dusk,emotionalWarmth,known,2,0.82,ev-g2-fresh-b-annotation-our-dreams-at-dusk
our-dreams-at-dusk,artRealism,known,2,0.86,ev-g2-fresh-b-art-our-dreams-at-dusk
our-dreams-at-dusk,artDensity,known,2,0.86,ev-g2-fresh-b-art-our-dreams-at-dusk
our-dreams-at-dusk,visualSoftness,known,3,0.86,ev-g2-fresh-b-art-our-dreams-at-dusk
our-dreams-at-dusk,motionImpact,unknown,,,ev-g2-fresh-b-art-our-dreams-at-dusk
nina-the-starry-bride,progression,known,2,0.82,ev-g2-fresh-b-annotation-nina-the-starry-bride
nina-the-starry-bride,problemSolving,known,3,0.82,ev-g2-fresh-b-annotation-nina-the-starry-bride
nina-the-starry-bride,strategy,known,3,0.82,ev-g2-fresh-b-annotation-nina-the-starry-bride
nina-the-starry-bride,pacing,known,4,0.82,ev-g2-fresh-b-annotation-nina-the-starry-bride
nina-the-starry-bride,mysteryReveal,known,2,0.82,ev-g2-fresh-b-annotation-nina-the-starry-bride
nina-the-starry-bride,worldBuilding,known,4,0.82,ev-g2-fresh-b-annotation-nina-the-starry-bride
nina-the-starry-bride,characterArcWeight,known,4,0.82,ev-g2-fresh-b-annotation-nina-the-starry-bride
nina-the-starry-bride,relationshipStructure,known,2,0.82,ev-g2-fresh-b-annotation-nina-the-starry-bride
nina-the-starry-bride,comedy,known,1,0.82,ev-g2-fresh-b-annotation-nina-the-starry-bride
nina-the-starry-bride,darkness,known,2,0.82,ev-g2-fresh-b-annotation-nina-the-starry-bride
nina-the-starry-bride,mentalStress,known,3,0.82,ev-g2-fresh-b-annotation-nina-the-starry-bride
nina-the-starry-bride,romance,known,4,0.82,ev-g2-fresh-b-annotation-nina-the-starry-bride
nina-the-starry-bride,emotionalWarmth,known,2,0.82,ev-g2-fresh-b-annotation-nina-the-starry-bride
nina-the-starry-bride,artRealism,known,1,0.86,ev-g2-fresh-b-art-nina-the-starry-bride
nina-the-starry-bride,artDensity,known,3,0.86,ev-g2-fresh-b-art-nina-the-starry-bride
nina-the-starry-bride,visualSoftness,known,3,0.86,ev-g2-fresh-b-art-nina-the-starry-bride
nina-the-starry-bride,motionImpact,unknown,,,ev-g2-fresh-b-art-nina-the-starry-bride
baby-steps,progression,known,4,0.82,ev-g2-fresh-b-annotation-baby-steps
baby-steps,problemSolving,known,4,0.82,ev-g2-fresh-b-annotation-baby-steps
baby-steps,strategy,known,2,0.82,ev-g2-fresh-b-annotation-baby-steps
baby-steps,pacing,known,2,0.82,ev-g2-fresh-b-annotation-baby-steps
baby-steps,mysteryReveal,known,0,0.82,ev-g2-fresh-b-annotation-baby-steps
baby-steps,worldBuilding,known,3,0.82,ev-g2-fresh-b-annotation-baby-steps
baby-steps,characterArcWeight,known,3,0.82,ev-g2-fresh-b-annotation-baby-steps
baby-steps,relationshipStructure,known,2,0.82,ev-g2-fresh-b-annotation-baby-steps
baby-steps,comedy,known,1,0.82,ev-g2-fresh-b-annotation-baby-steps
baby-steps,darkness,known,0,0.82,ev-g2-fresh-b-annotation-baby-steps
baby-steps,mentalStress,known,2,0.82,ev-g2-fresh-b-annotation-baby-steps
baby-steps,romance,known,1,0.82,ev-g2-fresh-b-annotation-baby-steps
baby-steps,emotionalWarmth,known,3,0.82,ev-g2-fresh-b-annotation-baby-steps
baby-steps,artRealism,known,2,0.86,ev-g2-fresh-b-art-baby-steps
baby-steps,artDensity,known,2,0.86,ev-g2-fresh-b-art-baby-steps
baby-steps,visualSoftness,known,2,0.86,ev-g2-fresh-b-art-baby-steps
baby-steps,motionImpact,unknown,,,ev-g2-fresh-b-art-baby-steps
capeta,progression,known,4,0.82,ev-g2-fresh-b-annotation-capeta
capeta,problemSolving,known,3,0.82,ev-g2-fresh-b-annotation-capeta
capeta,strategy,known,2,0.82,ev-g2-fresh-b-annotation-capeta
capeta,pacing,known,3,0.82,ev-g2-fresh-b-annotation-capeta
capeta,mysteryReveal,known,0,0.82,ev-g2-fresh-b-annotation-capeta
capeta,worldBuilding,known,3,0.82,ev-g2-fresh-b-annotation-capeta
capeta,characterArcWeight,known,4,0.82,ev-g2-fresh-b-annotation-capeta
capeta,relationshipStructure,known,3,0.82,ev-g2-fresh-b-annotation-capeta
capeta,comedy,known,1,0.82,ev-g2-fresh-b-annotation-capeta
capeta,darkness,known,1,0.82,ev-g2-fresh-b-annotation-capeta
capeta,mentalStress,known,3,0.82,ev-g2-fresh-b-annotation-capeta
capeta,romance,known,0,0.82,ev-g2-fresh-b-annotation-capeta
capeta,emotionalWarmth,known,4,0.82,ev-g2-fresh-b-annotation-capeta
capeta,artRealism,known,2,0.86,ev-g2-fresh-b-art-capeta
capeta,artDensity,known,3,0.86,ev-g2-fresh-b-art-capeta
capeta,visualSoftness,known,1,0.86,ev-g2-fresh-b-art-capeta
capeta,motionImpact,unknown,,,ev-g2-fresh-b-art-capeta
yowamushi-pedal,progression,known,4,0.82,ev-g2-fresh-b-annotation-yowamushi-pedal
yowamushi-pedal,problemSolving,known,3,0.82,ev-g2-fresh-b-annotation-yowamushi-pedal
yowamushi-pedal,strategy,known,2,0.82,ev-g2-fresh-b-annotation-yowamushi-pedal
yowamushi-pedal,pacing,known,4,0.82,ev-g2-fresh-b-annotation-yowamushi-pedal
yowamushi-pedal,mysteryReveal,known,0,0.82,ev-g2-fresh-b-annotation-yowamushi-pedal
yowamushi-pedal,worldBuilding,known,3,0.82,ev-g2-fresh-b-annotation-yowamushi-pedal
yowamushi-pedal,characterArcWeight,known,3,0.82,ev-g2-fresh-b-annotation-yowamushi-pedal
yowamushi-pedal,relationshipStructure,known,2,0.82,ev-g2-fresh-b-annotation-yowamushi-pedal
yowamushi-pedal,comedy,known,3,0.82,ev-g2-fresh-b-annotation-yowamushi-pedal
yowamushi-pedal,darkness,known,0,0.82,ev-g2-fresh-b-annotation-yowamushi-pedal
yowamushi-pedal,mentalStress,known,2,0.82,ev-g2-fresh-b-annotation-yowamushi-pedal
yowamushi-pedal,romance,known,0,0.82,ev-g2-fresh-b-annotation-yowamushi-pedal
yowamushi-pedal,emotionalWarmth,known,4,0.82,ev-g2-fresh-b-annotation-yowamushi-pedal
yowamushi-pedal,artRealism,known,1,0.86,ev-g2-fresh-b-art-yowamushi-pedal
yowamushi-pedal,artDensity,known,3,0.86,ev-g2-fresh-b-art-yowamushi-pedal
yowamushi-pedal,visualSoftness,known,1,0.86,ev-g2-fresh-b-art-yowamushi-pedal
yowamushi-pedal,motionImpact,known,4,0.84,ev-g2-fresh-b-art-yowamushi-pedal
moon-land,progression,known,4,0.82,ev-g2-fresh-b-annotation-moon-land
moon-land,problemSolving,known,4,0.82,ev-g2-fresh-b-annotation-moon-land
moon-land,strategy,known,2,0.82,ev-g2-fresh-b-annotation-moon-land
moon-land,pacing,known,3,0.82,ev-g2-fresh-b-annotation-moon-land
moon-land,mysteryReveal,known,0,0.82,ev-g2-fresh-b-annotation-moon-land
moon-land,worldBuilding,known,3,0.82,ev-g2-fresh-b-annotation-moon-land
moon-land,characterArcWeight,known,4,0.82,ev-g2-fresh-b-annotation-moon-land
moon-land,relationshipStructure,known,3,0.82,ev-g2-fresh-b-annotation-moon-land
moon-land,comedy,known,1,0.82,ev-g2-fresh-b-annotation-moon-land
moon-land,darkness,known,0,0.82,ev-g2-fresh-b-annotation-moon-land
moon-land,mentalStress,known,2,0.82,ev-g2-fresh-b-annotation-moon-land
moon-land,romance,known,0,0.82,ev-g2-fresh-b-annotation-moon-land
moon-land,emotionalWarmth,known,3,0.82,ev-g2-fresh-b-annotation-moon-land
moon-land,artRealism,known,2,0.86,ev-g2-fresh-b-art-moon-land
moon-land,artDensity,known,3,0.86,ev-g2-fresh-b-art-moon-land
moon-land,visualSoftness,known,2,0.86,ev-g2-fresh-b-art-moon-land
moon-land,motionImpact,unknown,,,ev-g2-fresh-b-art-moon-land
giant-killing,progression,known,2,0.82,ev-g2-fresh-b-annotation-giant-killing
giant-killing,problemSolving,known,4,0.82,ev-g2-fresh-b-annotation-giant-killing
giant-killing,strategy,known,4,0.82,ev-g2-fresh-b-annotation-giant-killing
giant-killing,pacing,known,3,0.82,ev-g2-fresh-b-annotation-giant-killing
giant-killing,mysteryReveal,known,1,0.82,ev-g2-fresh-b-annotation-giant-killing
giant-killing,worldBuilding,known,4,0.82,ev-g2-fresh-b-annotation-giant-killing
giant-killing,characterArcWeight,known,3,0.82,ev-g2-fresh-b-annotation-giant-killing
giant-killing,relationshipStructure,known,2,0.82,ev-g2-fresh-b-annotation-giant-killing
giant-killing,comedy,known,1,0.82,ev-g2-fresh-b-annotation-giant-killing
giant-killing,darkness,known,0,0.82,ev-g2-fresh-b-annotation-giant-killing
giant-killing,mentalStress,known,2,0.82,ev-g2-fresh-b-annotation-giant-killing
giant-killing,romance,known,0,0.82,ev-g2-fresh-b-annotation-giant-killing
giant-killing,emotionalWarmth,known,3,0.82,ev-g2-fresh-b-annotation-giant-killing
giant-killing,artRealism,known,3,0.86,ev-g2-fresh-b-art-giant-killing
giant-killing,artDensity,known,3,0.86,ev-g2-fresh-b-art-giant-killing
giant-killing,visualSoftness,known,1,0.86,ev-g2-fresh-b-art-giant-killing
giant-killing,motionImpact,unknown,,,ev-g2-fresh-b-art-giant-killing
dragon-head,progression,known,0,0.82,ev-g2-fresh-b-annotation-dragon-head
dragon-head,problemSolving,known,3,0.82,ev-g2-fresh-b-annotation-dragon-head
dragon-head,strategy,known,1,0.82,ev-g2-fresh-b-annotation-dragon-head
dragon-head,pacing,known,3,0.82,ev-g2-fresh-b-annotation-dragon-head
dragon-head,mysteryReveal,known,4,0.82,ev-g2-fresh-b-annotation-dragon-head
dragon-head,worldBuilding,known,3,0.82,ev-g2-fresh-b-annotation-dragon-head
dragon-head,characterArcWeight,known,3,0.82,ev-g2-fresh-b-annotation-dragon-head
dragon-head,relationshipStructure,known,2,0.82,ev-g2-fresh-b-annotation-dragon-head
dragon-head,comedy,known,0,0.82,ev-g2-fresh-b-annotation-dragon-head
dragon-head,darkness,known,4,0.82,ev-g2-fresh-b-annotation-dragon-head
dragon-head,mentalStress,known,4,0.82,ev-g2-fresh-b-annotation-dragon-head
dragon-head,romance,known,0,0.82,ev-g2-fresh-b-annotation-dragon-head
dragon-head,emotionalWarmth,known,0,0.82,ev-g2-fresh-b-annotation-dragon-head
dragon-head,artRealism,known,4,0.86,ev-g2-fresh-b-art-dragon-head
dragon-head,artDensity,known,4,0.86,ev-g2-fresh-b-art-dragon-head
dragon-head,visualSoftness,known,0,0.86,ev-g2-fresh-b-art-dragon-head
dragon-head,motionImpact,unknown,,,ev-g2-fresh-b-art-dragon-head
kasane,progression,known,2,0.82,ev-g2-fresh-b-annotation-kasane
kasane,problemSolving,known,3,0.82,ev-g2-fresh-b-annotation-kasane
kasane,strategy,known,3,0.82,ev-g2-fresh-b-annotation-kasane
kasane,pacing,known,3,0.82,ev-g2-fresh-b-annotation-kasane
kasane,mysteryReveal,known,4,0.82,ev-g2-fresh-b-annotation-kasane
kasane,worldBuilding,known,2,0.82,ev-g2-fresh-b-annotation-kasane
kasane,characterArcWeight,known,4,0.82,ev-g2-fresh-b-annotation-kasane
kasane,relationshipStructure,known,3,0.82,ev-g2-fresh-b-annotation-kasane
kasane,comedy,known,0,0.82,ev-g2-fresh-b-annotation-kasane
kasane,darkness,known,4,0.82,ev-g2-fresh-b-annotation-kasane
kasane,mentalStress,known,4,0.82,ev-g2-fresh-b-annotation-kasane
kasane,romance,known,2,0.82,ev-g2-fresh-b-annotation-kasane
kasane,emotionalWarmth,known,0,0.82,ev-g2-fresh-b-annotation-kasane
kasane,artRealism,known,2,0.86,ev-g2-fresh-b-art-kasane
kasane,artDensity,known,3,0.86,ev-g2-fresh-b-art-kasane
kasane,visualSoftness,known,1,0.86,ev-g2-fresh-b-art-kasane
kasane,motionImpact,unknown,,,ev-g2-fresh-b-art-kasane
homunculus,progression,known,0,0.82,ev-g2-fresh-b-annotation-homunculus
homunculus,problemSolving,known,2,0.82,ev-g2-fresh-b-annotation-homunculus
homunculus,strategy,known,1,0.82,ev-g2-fresh-b-annotation-homunculus
homunculus,pacing,known,2,0.82,ev-g2-fresh-b-annotation-homunculus
homunculus,mysteryReveal,known,4,0.82,ev-g2-fresh-b-annotation-homunculus
homunculus,worldBuilding,known,3,0.82,ev-g2-fresh-b-annotation-homunculus
homunculus,characterArcWeight,known,4,0.82,ev-g2-fresh-b-annotation-homunculus
homunculus,relationshipStructure,known,2,0.82,ev-g2-fresh-b-annotation-homunculus
homunculus,comedy,known,0,0.82,ev-g2-fresh-b-annotation-homunculus
homunculus,darkness,known,4,0.82,ev-g2-fresh-b-annotation-homunculus
homunculus,mentalStress,known,4,0.82,ev-g2-fresh-b-annotation-homunculus
homunculus,romance,known,0,0.82,ev-g2-fresh-b-annotation-homunculus
homunculus,emotionalWarmth,known,0,0.82,ev-g2-fresh-b-annotation-homunculus
homunculus,artRealism,known,4,0.86,ev-g2-fresh-b-art-homunculus
homunculus,artDensity,known,4,0.86,ev-g2-fresh-b-art-homunculus
homunculus,visualSoftness,known,1,0.86,ev-g2-fresh-b-art-homunculus
homunculus,motionImpact,unknown,,,ev-g2-fresh-b-art-homunculus
fort-of-apocalypse,progression,known,2,0.82,ev-g2-fresh-b-annotation-fort-of-apocalypse
fort-of-apocalypse,problemSolving,known,3,0.82,ev-g2-fresh-b-annotation-fort-of-apocalypse
fort-of-apocalypse,strategy,known,2,0.82,ev-g2-fresh-b-annotation-fort-of-apocalypse
fort-of-apocalypse,pacing,known,4,0.82,ev-g2-fresh-b-annotation-fort-of-apocalypse
fort-of-apocalypse,mysteryReveal,known,3,0.82,ev-g2-fresh-b-annotation-fort-of-apocalypse
fort-of-apocalypse,worldBuilding,known,3,0.82,ev-g2-fresh-b-annotation-fort-of-apocalypse
fort-of-apocalypse,characterArcWeight,known,3,0.82,ev-g2-fresh-b-annotation-fort-of-apocalypse
fort-of-apocalypse,relationshipStructure,known,3,0.82,ev-g2-fresh-b-annotation-fort-of-apocalypse
fort-of-apocalypse,comedy,known,1,0.82,ev-g2-fresh-b-annotation-fort-of-apocalypse
fort-of-apocalypse,darkness,known,4,0.82,ev-g2-fresh-b-annotation-fort-of-apocalypse
fort-of-apocalypse,mentalStress,known,4,0.82,ev-g2-fresh-b-annotation-fort-of-apocalypse
fort-of-apocalypse,romance,known,0,0.82,ev-g2-fresh-b-annotation-fort-of-apocalypse
fort-of-apocalypse,emotionalWarmth,known,1,0.82,ev-g2-fresh-b-annotation-fort-of-apocalypse
fort-of-apocalypse,artRealism,known,2,0.86,ev-g2-fresh-b-art-fort-of-apocalypse
fort-of-apocalypse,artDensity,known,3,0.86,ev-g2-fresh-b-art-fort-of-apocalypse
fort-of-apocalypse,visualSoftness,known,1,0.86,ev-g2-fresh-b-art-fort-of-apocalypse
fort-of-apocalypse,motionImpact,unknown,,,ev-g2-fresh-b-art-fort-of-apocalypse
a-brides-story,progression,known,0,0.82,ev-g2-fresh-b-annotation-a-brides-story
a-brides-story,problemSolving,known,2,0.82,ev-g2-fresh-b-annotation-a-brides-story
a-brides-story,strategy,known,1,0.82,ev-g2-fresh-b-annotation-a-brides-story
a-brides-story,pacing,known,1,0.82,ev-g2-fresh-b-annotation-a-brides-story
a-brides-story,mysteryReveal,known,0,0.82,ev-g2-fresh-b-annotation-a-brides-story
a-brides-story,worldBuilding,known,4,0.82,ev-g2-fresh-b-annotation-a-brides-story
a-brides-story,characterArcWeight,known,4,0.82,ev-g2-fresh-b-annotation-a-brides-story
a-brides-story,relationshipStructure,known,4,0.82,ev-g2-fresh-b-annotation-a-brides-story
a-brides-story,comedy,known,1,0.82,ev-g2-fresh-b-annotation-a-brides-story
a-brides-story,darkness,known,1,0.82,ev-g2-fresh-b-annotation-a-brides-story
a-brides-story,mentalStress,known,2,0.82,ev-g2-fresh-b-annotation-a-brides-story
a-brides-story,romance,known,4,0.82,ev-g2-fresh-b-annotation-a-brides-story
a-brides-story,emotionalWarmth,known,4,0.82,ev-g2-fresh-b-annotation-a-brides-story
a-brides-story,artRealism,known,4,0.86,ev-g2-fresh-b-art-a-brides-story
a-brides-story,artDensity,known,4,0.86,ev-g2-fresh-b-art-a-brides-story
a-brides-story,visualSoftness,known,2,0.86,ev-g2-fresh-b-art-a-brides-story
a-brides-story,motionImpact,unknown,,,ev-g2-fresh-b-art-a-brides-story
isabella-bird-in-wonderland,progression,known,0,0.82,ev-g2-fresh-b-annotation-isabella-bird-in-wonderland
isabella-bird-in-wonderland,problemSolving,known,4,0.82,ev-g2-fresh-b-annotation-isabella-bird-in-wonderland
isabella-bird-in-wonderland,strategy,known,2,0.82,ev-g2-fresh-b-annotation-isabella-bird-in-wonderland
isabella-bird-in-wonderland,pacing,known,2,0.82,ev-g2-fresh-b-annotation-isabella-bird-in-wonderland
isabella-bird-in-wonderland,mysteryReveal,known,0,0.82,ev-g2-fresh-b-annotation-isabella-bird-in-wonderland
isabella-bird-in-wonderland,worldBuilding,known,4,0.82,ev-g2-fresh-b-annotation-isabella-bird-in-wonderland
isabella-bird-in-wonderland,characterArcWeight,known,4,0.82,ev-g2-fresh-b-annotation-isabella-bird-in-wonderland
isabella-bird-in-wonderland,relationshipStructure,known,2,0.82,ev-g2-fresh-b-annotation-isabella-bird-in-wonderland
isabella-bird-in-wonderland,comedy,known,1,0.82,ev-g2-fresh-b-annotation-isabella-bird-in-wonderland
isabella-bird-in-wonderland,darkness,known,1,0.82,ev-g2-fresh-b-annotation-isabella-bird-in-wonderland
isabella-bird-in-wonderland,mentalStress,known,2,0.82,ev-g2-fresh-b-annotation-isabella-bird-in-wonderland
isabella-bird-in-wonderland,romance,known,0,0.82,ev-g2-fresh-b-annotation-isabella-bird-in-wonderland
isabella-bird-in-wonderland,emotionalWarmth,known,2,0.82,ev-g2-fresh-b-annotation-isabella-bird-in-wonderland
isabella-bird-in-wonderland,artRealism,known,3,0.86,ev-g2-fresh-b-art-isabella-bird-in-wonderland
isabella-bird-in-wonderland,artDensity,known,3,0.86,ev-g2-fresh-b-art-isabella-bird-in-wonderland
isabella-bird-in-wonderland,visualSoftness,known,2,0.86,ev-g2-fresh-b-art-isabella-bird-in-wonderland
isabella-bird-in-wonderland,motionImpact,unknown,,,ev-g2-fresh-b-art-isabella-bird-in-wonderland
arte,progression,known,4,0.82,ev-g2-fresh-b-annotation-arte
arte,problemSolving,known,3,0.82,ev-g2-fresh-b-annotation-arte
arte,strategy,known,2,0.82,ev-g2-fresh-b-annotation-arte
arte,pacing,known,2,0.82,ev-g2-fresh-b-annotation-arte
arte,mysteryReveal,known,0,0.82,ev-g2-fresh-b-annotation-arte
arte,worldBuilding,known,4,0.82,ev-g2-fresh-b-annotation-arte
arte,characterArcWeight,known,4,0.82,ev-g2-fresh-b-annotation-arte
arte,relationshipStructure,known,3,0.82,ev-g2-fresh-b-annotation-arte
arte,comedy,known,1,0.82,ev-g2-fresh-b-annotation-arte
arte,darkness,known,1,0.82,ev-g2-fresh-b-annotation-arte
arte,mentalStress,known,2,0.82,ev-g2-fresh-b-annotation-arte
arte,romance,known,1,0.82,ev-g2-fresh-b-annotation-arte
arte,emotionalWarmth,known,3,0.82,ev-g2-fresh-b-annotation-arte
arte,artRealism,known,3,0.86,ev-g2-fresh-b-art-arte
arte,artDensity,known,4,0.86,ev-g2-fresh-b-art-arte
arte,visualSoftness,known,2,0.86,ev-g2-fresh-b-art-arte
arte,motionImpact,unknown,,,ev-g2-fresh-b-art-arte
thermae-romae,progression,known,1,0.82,ev-g2-fresh-b-annotation-thermae-romae
thermae-romae,problemSolving,known,4,0.82,ev-g2-fresh-b-annotation-thermae-romae
thermae-romae,strategy,known,1,0.82,ev-g2-fresh-b-annotation-thermae-romae
thermae-romae,pacing,known,4,0.82,ev-g2-fresh-b-annotation-thermae-romae
thermae-romae,mysteryReveal,known,0,0.82,ev-g2-fresh-b-annotation-thermae-romae
thermae-romae,worldBuilding,known,4,0.82,ev-g2-fresh-b-annotation-thermae-romae
thermae-romae,characterArcWeight,known,2,0.82,ev-g2-fresh-b-annotation-thermae-romae
thermae-romae,relationshipStructure,known,2,0.82,ev-g2-fresh-b-annotation-thermae-romae
thermae-romae,comedy,known,4,0.82,ev-g2-fresh-b-annotation-thermae-romae
thermae-romae,darkness,known,0,0.82,ev-g2-fresh-b-annotation-thermae-romae
thermae-romae,mentalStress,known,1,0.82,ev-g2-fresh-b-annotation-thermae-romae
thermae-romae,romance,known,0,0.82,ev-g2-fresh-b-annotation-thermae-romae
thermae-romae,emotionalWarmth,known,3,0.82,ev-g2-fresh-b-annotation-thermae-romae
thermae-romae,artRealism,known,4,0.86,ev-g2-fresh-b-art-thermae-romae
thermae-romae,artDensity,known,4,0.86,ev-g2-fresh-b-art-thermae-romae
thermae-romae,visualSoftness,known,1,0.86,ev-g2-fresh-b-art-thermae-romae
thermae-romae,motionImpact,unknown,,,ev-g2-fresh-b-art-thermae-romae
knights-of-sidonia,progression,known,3,0.82,ev-g2-fresh-b-annotation-knights-of-sidonia
knights-of-sidonia,problemSolving,known,3,0.82,ev-g2-fresh-b-annotation-knights-of-sidonia
knights-of-sidonia,strategy,known,4,0.82,ev-g2-fresh-b-annotation-knights-of-sidonia
knights-of-sidonia,pacing,known,4,0.82,ev-g2-fresh-b-annotation-knights-of-sidonia
knights-of-sidonia,mysteryReveal,known,4,0.82,ev-g2-fresh-b-annotation-knights-of-sidonia
knights-of-sidonia,worldBuilding,known,4,0.82,ev-g2-fresh-b-annotation-knights-of-sidonia
knights-of-sidonia,characterArcWeight,known,3,0.82,ev-g2-fresh-b-annotation-knights-of-sidonia
knights-of-sidonia,relationshipStructure,known,2,0.82,ev-g2-fresh-b-annotation-knights-of-sidonia
knights-of-sidonia,comedy,known,1,0.82,ev-g2-fresh-b-annotation-knights-of-sidonia
knights-of-sidonia,darkness,known,4,0.82,ev-g2-fresh-b-annotation-knights-of-sidonia
knights-of-sidonia,mentalStress,known,3,0.82,ev-g2-fresh-b-annotation-knights-of-sidonia
knights-of-sidonia,romance,known,2,0.82,ev-g2-fresh-b-annotation-knights-of-sidonia
knights-of-sidonia,emotionalWarmth,known,1,0.82,ev-g2-fresh-b-annotation-knights-of-sidonia
knights-of-sidonia,artRealism,known,2,0.86,ev-g2-fresh-b-art-knights-of-sidonia
knights-of-sidonia,artDensity,known,3,0.86,ev-g2-fresh-b-art-knights-of-sidonia
knights-of-sidonia,visualSoftness,known,1,0.86,ev-g2-fresh-b-art-knights-of-sidonia
knights-of-sidonia,motionImpact,unknown,,,ev-g2-fresh-b-art-knights-of-sidonia
saturn-apartments,progression,known,1,0.82,ev-g2-fresh-b-annotation-saturn-apartments
saturn-apartments,problemSolving,known,3,0.82,ev-g2-fresh-b-annotation-saturn-apartments
saturn-apartments,strategy,known,1,0.82,ev-g2-fresh-b-annotation-saturn-apartments
saturn-apartments,pacing,known,1,0.82,ev-g2-fresh-b-annotation-saturn-apartments
saturn-apartments,mysteryReveal,known,2,0.82,ev-g2-fresh-b-annotation-saturn-apartments
saturn-apartments,worldBuilding,known,4,0.82,ev-g2-fresh-b-annotation-saturn-apartments
saturn-apartments,characterArcWeight,known,4,0.82,ev-g2-fresh-b-annotation-saturn-apartments
saturn-apartments,relationshipStructure,known,3,0.82,ev-g2-fresh-b-annotation-saturn-apartments
saturn-apartments,comedy,known,1,0.82,ev-g2-fresh-b-annotation-saturn-apartments
saturn-apartments,darkness,known,1,0.82,ev-g2-fresh-b-annotation-saturn-apartments
saturn-apartments,mentalStress,known,2,0.82,ev-g2-fresh-b-annotation-saturn-apartments
saturn-apartments,romance,known,0,0.82,ev-g2-fresh-b-annotation-saturn-apartments
saturn-apartments,emotionalWarmth,known,4,0.82,ev-g2-fresh-b-annotation-saturn-apartments
saturn-apartments,artRealism,known,2,0.86,ev-g2-fresh-b-art-saturn-apartments
saturn-apartments,artDensity,known,2,0.86,ev-g2-fresh-b-art-saturn-apartments
saturn-apartments,visualSoftness,known,4,0.86,ev-g2-fresh-b-art-saturn-apartments
saturn-apartments,motionImpact,unknown,,,ev-g2-fresh-b-art-saturn-apartments
origin,progression,known,3,0.82,ev-g2-fresh-b-annotation-origin
origin,problemSolving,known,4,0.82,ev-g2-fresh-b-annotation-origin
origin,strategy,known,3,0.82,ev-g2-fresh-b-annotation-origin
origin,pacing,known,4,0.82,ev-g2-fresh-b-annotation-origin
origin,mysteryReveal,known,3,0.82,ev-g2-fresh-b-annotation-origin
origin,worldBuilding,known,4,0.82,ev-g2-fresh-b-annotation-origin
origin,characterArcWeight,known,3,0.82,ev-g2-fresh-b-annotation-origin
origin,relationshipStructure,known,2,0.82,ev-g2-fresh-b-annotation-origin
origin,comedy,known,1,0.82,ev-g2-fresh-b-annotation-origin
origin,darkness,known,4,0.82,ev-g2-fresh-b-annotation-origin
origin,mentalStress,known,2,0.82,ev-g2-fresh-b-annotation-origin
origin,romance,known,0,0.82,ev-g2-fresh-b-annotation-origin
origin,emotionalWarmth,known,0,0.82,ev-g2-fresh-b-annotation-origin
origin,artRealism,known,4,0.86,ev-g2-fresh-b-art-origin
origin,artDensity,known,4,0.86,ev-g2-fresh-b-art-origin
origin,visualSoftness,known,0,0.86,ev-g2-fresh-b-art-origin
origin,motionImpact,unknown,,,ev-g2-fresh-b-art-origin
accomplishments-of-the-dukes-daughter,progression,known,4,0.82,ev-g2-fresh-b-annotation-accomplishments-of-the-dukes-daughter
accomplishments-of-the-dukes-daughter,problemSolving,known,4,0.82,ev-g2-fresh-b-annotation-accomplishments-of-the-dukes-daughter
accomplishments-of-the-dukes-daughter,strategy,known,4,0.82,ev-g2-fresh-b-annotation-accomplishments-of-the-dukes-daughter
accomplishments-of-the-dukes-daughter,pacing,known,3,0.82,ev-g2-fresh-b-annotation-accomplishments-of-the-dukes-daughter
accomplishments-of-the-dukes-daughter,mysteryReveal,known,2,0.82,ev-g2-fresh-b-annotation-accomplishments-of-the-dukes-daughter
accomplishments-of-the-dukes-daughter,worldBuilding,known,4,0.82,ev-g2-fresh-b-annotation-accomplishments-of-the-dukes-daughter
accomplishments-of-the-dukes-daughter,characterArcWeight,known,3,0.82,ev-g2-fresh-b-annotation-accomplishments-of-the-dukes-daughter
accomplishments-of-the-dukes-daughter,relationshipStructure,known,2,0.82,ev-g2-fresh-b-annotation-accomplishments-of-the-dukes-daughter
accomplishments-of-the-dukes-daughter,comedy,known,1,0.82,ev-g2-fresh-b-annotation-accomplishments-of-the-dukes-daughter
accomplishments-of-the-dukes-daughter,darkness,known,1,0.82,ev-g2-fresh-b-annotation-accomplishments-of-the-dukes-daughter
accomplishments-of-the-dukes-daughter,mentalStress,known,2,0.82,ev-g2-fresh-b-annotation-accomplishments-of-the-dukes-daughter
accomplishments-of-the-dukes-daughter,romance,known,2,0.82,ev-g2-fresh-b-annotation-accomplishments-of-the-dukes-daughter
accomplishments-of-the-dukes-daughter,emotionalWarmth,known,2,0.82,ev-g2-fresh-b-annotation-accomplishments-of-the-dukes-daughter
accomplishments-of-the-dukes-daughter,artRealism,known,1,0.86,ev-g2-fresh-b-art-accomplishments-of-the-dukes-daughter
accomplishments-of-the-dukes-daughter,artDensity,known,2,0.86,ev-g2-fresh-b-art-accomplishments-of-the-dukes-daughter
accomplishments-of-the-dukes-daughter,visualSoftness,known,3,0.86,ev-g2-fresh-b-art-accomplishments-of-the-dukes-daughter
accomplishments-of-the-dukes-daughter,motionImpact,unknown,,,ev-g2-fresh-b-art-accomplishments-of-the-dukes-daughter
the-heroic-legend-of-arslan,progression,known,3,0.82,ev-g2-fresh-b-annotation-the-heroic-legend-of-arslan
the-heroic-legend-of-arslan,problemSolving,known,3,0.82,ev-g2-fresh-b-annotation-the-heroic-legend-of-arslan
the-heroic-legend-of-arslan,strategy,known,4,0.82,ev-g2-fresh-b-annotation-the-heroic-legend-of-arslan
the-heroic-legend-of-arslan,pacing,known,4,0.82,ev-g2-fresh-b-annotation-the-heroic-legend-of-arslan
the-heroic-legend-of-arslan,mysteryReveal,known,3,0.82,ev-g2-fresh-b-annotation-the-heroic-legend-of-arslan
the-heroic-legend-of-arslan,worldBuilding,known,4,0.82,ev-g2-fresh-b-annotation-the-heroic-legend-of-arslan
the-heroic-legend-of-arslan,characterArcWeight,known,4,0.82,ev-g2-fresh-b-annotation-the-heroic-legend-of-arslan
the-heroic-legend-of-arslan,relationshipStructure,known,4,0.82,ev-g2-fresh-b-annotation-the-heroic-legend-of-arslan
the-heroic-legend-of-arslan,comedy,known,1,0.82,ev-g2-fresh-b-annotation-the-heroic-legend-of-arslan
the-heroic-legend-of-arslan,darkness,known,3,0.82,ev-g2-fresh-b-annotation-the-heroic-legend-of-arslan
the-heroic-legend-of-arslan,mentalStress,known,3,0.82,ev-g2-fresh-b-annotation-the-heroic-legend-of-arslan
the-heroic-legend-of-arslan,romance,known,0,0.82,ev-g2-fresh-b-annotation-the-heroic-legend-of-arslan
the-heroic-legend-of-arslan,emotionalWarmth,known,2,0.82,ev-g2-fresh-b-annotation-the-heroic-legend-of-arslan
the-heroic-legend-of-arslan,artRealism,known,2,0.86,ev-g2-fresh-b-art-the-heroic-legend-of-arslan
the-heroic-legend-of-arslan,artDensity,known,3,0.86,ev-g2-fresh-b-art-the-heroic-legend-of-arslan
the-heroic-legend-of-arslan,visualSoftness,known,2,0.86,ev-g2-fresh-b-art-the-heroic-legend-of-arslan
the-heroic-legend-of-arslan,motionImpact,unknown,,,ev-g2-fresh-b-art-the-heroic-legend-of-arslan
