sourceItemId,sourceId,status,candidateId,workId,decisionRef
nippan-bookseller-recommendations-2025-010,nippan-bookseller-recommendations-2025,duplicate,candidate-025c8ab93483a39c9330,work-025c8ab93483a39c9330,mapping-c557b84e22cc60e1a8c2
tsugimanga-2025-comics-031,tsugimanga-2025-comics,included,candidate-025c8ab93483a39c9330,work-025c8ab93483a39c9330,mapping-2807a031a8264ecc0567
konomanga-2022-ranking-14,konomanga-2022-ranking,included,candidate-098b1781e14365eea667,work-098b1781e14365eea667,mapping-5c8fc26bdd35491ec2fc
tsugimanga-2021-comics-005,tsugimanga-2021-comics,duplicate,candidate-098b1781e14365eea667,work-098b1781e14365eea667,mapping-fa71eedbada8764cbe62
nippan-bookseller-recommendations-2016-010,nippan-bookseller-recommendations-2016,duplicate,candidate-0f3a44f5dcab9623d1be,work-0f3a44f5dcab9623d1be,mapping-c992543cb1e4dfb86cc7
tsugimanga-2015-comics-024,tsugimanga-2015-comics,included,candidate-0f3a44f5dcab9623d1be,work-0f3a44f5dcab9623d1be,mapping-36332f98ba05d2751df8
mangataisho-2008-142,mangataisho-2008,included,candidate-11d23966f22f777e95d0,work-11d23966f22f777e95d0,mapping-33ed80701453d29f61c9
mangataisho-2009-080,mangataisho-2009,duplicate,candidate-11d23966f22f777e95d0,work-11d23966f22f777e95d0,mapping-425e99b665aacdc2510b
mangataisho-2010-132,mangataisho-2010,duplicate,candidate-11d23966f22f777e95d0,work-11d23966f22f777e95d0,mapping-d4b43f78eda357a5dba1
mangataisho-2012-058,mangataisho-2012,included,candidate-132ce7172750a3b1fa53,work-132ce7172750a3b1fa53,mapping-554d9d7a520db61c12a5
mangataisho-2014-163,mangataisho-2014,duplicate,candidate-132ce7172750a3b1fa53,work-132ce7172750a3b1fa53,mapping-a433a9f97f9d3f8e094a
mangataisho-2015-134,mangataisho-2015,duplicate,candidate-132ce7172750a3b1fa53,work-132ce7172750a3b1fa53,mapping-9229ccbb00c26c177ac4
mangataisho-2008-096,mangataisho-2008,included,candidate-15dba4fdb46308ab45d7,work-15dba4fdb46308ab45d7,mapping-2172cd04e5198c833b5d
mangataisho-2009-115,mangataisho-2009,duplicate,candidate-15dba4fdb46308ab45d7,work-15dba4fdb46308ab45d7,mapping-888b98944953f60be976
mangataisho-2010-068,mangataisho-2010,duplicate,candidate-15dba4fdb46308ab45d7,work-15dba4fdb46308ab45d7,mapping-1f1777c95c80f6d3eb1d
mangataisho-2011-158,mangataisho-2011,included,candidate-188ba092c6195603bb3f,work-188ba092c6195603bb3f,mapping-e806a5e06c0a0f0a4f0d
mangataisho-2013-216,mangataisho-2013,duplicate,candidate-188ba092c6195603bb3f,work-188ba092c6195603bb3f,mapping-bf404b93671809f74713
mangataisho-2014-114,mangataisho-2014,duplicate,candidate-188ba092c6195603bb3f,work-188ba092c6195603bb3f,mapping-798166f0cb0818bc13f9
mangataisho-2011-131,mangataisho-2011,included,candidate-19c2017b33c07f48634e,work-19c2017b33c07f48634e,mapping-983680b891fc8a98eb7f
mangataisho-2012-051,mangataisho-2012,duplicate,candidate-19c2017b33c07f48634e,work-19c2017b33c07f48634e,mapping-5df2e6a2126fc62d58d4
mangataisho-2013-060,mangataisho-2013,duplicate,candidate-19c2017b33c07f48634e,work-19c2017b33c07f48634e,mapping-da188d70750faa955eb0
mangataisho-2008-102,mangataisho-2008,included,candidate-1a6ad6771865b43c8516,work-1a6ad6771865b43c8516,mapping-2d042c4a344d49cda40d
mangataisho-2009-157,mangataisho-2009,duplicate,candidate-1a6ad6771865b43c8516,work-1a6ad6771865b43c8516,mapping-5b9abac38940b4dfdb67
mangataisho-2010-130,mangataisho-2010,duplicate,candidate-1a6ad6771865b43c8516,work-1a6ad6771865b43c8516,mapping-adf8e974ed7fec6aa877
mangataisho-2011-029,mangataisho-2011,included,candidate-1cdc6c5cca7c33fafe51,work-1cdc6c5cca7c33fafe51,mapping-6d782c143375fdfbcb80
mangataisho-2012-178,mangataisho-2012,duplicate,candidate-1cdc6c5cca7c33fafe51,work-1cdc6c5cca7c33fafe51,mapping-450085f6097c3fa801ed
mangataisho-2013-185,mangataisho-2013,duplicate,candidate-1cdc6c5cca7c33fafe51,work-1cdc6c5cca7c33fafe51,mapping-9a0c8533abb0f7ef2252
mangataisho-2013-109,mangataisho-2013,included,candidate-23077ad33a2066bef5a6,work-23077ad33a2066bef5a6,mapping-0f77ad10b4e18af51127
mangataisho-2014-082,mangataisho-2014,duplicate,candidate-23077ad33a2066bef5a6,work-23077ad33a2066bef5a6,mapping-552d25c31f1b2b79bd08
shogakukan-manga-award-61-005,shogakukan-manga-award-61,duplicate,candidate-23077ad33a2066bef5a6,work-23077ad33a2066bef5a6,mapping-8012d40639d3ad3c1557
mangataisho-2013-112,mangataisho-2013,included,candidate-2356050c72240569e1c5,work-2356050c72240569e1c5,mapping-a341a73b6349c3758b94
mangataisho-2014-101,mangataisho-2014,duplicate,candidate-2356050c72240569e1c5,work-2356050c72240569e1c5,mapping-baaa529a2cbb045e6e14
mangataisho-2015-111,mangataisho-2015,duplicate,candidate-2356050c72240569e1c5,work-2356050c72240569e1c5,mapping-7ce9b94734f5f9c54980
mangataisho-2013-049,mangataisho-2013,included,candidate-2c4fe00df5255fc082f9,work-2c4fe00df5255fc082f9,mapping-ebdf076642fc378fcfbe
mangataisho-2014-059,mangataisho-2014,duplicate,candidate-2c4fe00df5255fc082f9,work-2c4fe00df5255fc082f9,mapping-6998524e2aec41ed01a7
mangataisho-2015-168,mangataisho-2015,duplicate,candidate-2c4fe00df5255fc082f9,work-2c4fe00df5255fc082f9,mapping-e163397269693555797f
nippan-bookseller-recommendations-2025-008,nippan-bookseller-recommendations-2025,duplicate,candidate-2d385ad0525742330e70,work-2d385ad0525742330e70,mapping-a2738f8c3b887031854a
tsugimanga-2024-comics-025,tsugimanga-2024-comics,included,candidate-2d385ad0525742330e70,work-2d385ad0525742330e70,mapping-f639c8214496baa5c358
nippan-bookseller-recommendations-2024-007,nippan-bookseller-recommendations-2024,duplicate,candidate-2df743e085adef5e9bd3,work-2df743e085adef5e9bd3,mapping-e9b516ef92259721c64b
tsugimanga-2024-comics-008,tsugimanga-2024-comics,included,candidate-2df743e085adef5e9bd3,work-2df743e085adef5e9bd3,mapping-f3d3bccf75630434463f
nippan-bookseller-recommendations-2025-011,nippan-bookseller-recommendations-2025,duplicate,candidate-2f1d1c3ad0f943f1562f,work-2f1d1c3ad0f943f1562f,mapping-69ee0201c6cf38dbf94a
tsugimanga-2024-comics-002,tsugimanga-2024-comics,included,candidate-2f1d1c3ad0f943f1562f,work-2f1d1c3ad0f943f1562f,mapping-2d280ed0e5fd5ca84133
mangataisho-2014-053,mangataisho-2014,duplicate,candidate-3713ab561de583d709bc,work-3713ab561de583d709bc,mapping-226ddfd56a0433ad2307
mangataisho-2015-081,mangataisho-2015,duplicate,candidate-3713ab561de583d709bc,work-3713ab561de583d709bc,mapping-7fe3180e04c855d09127
tsugimanga-2015-comics-021,tsugimanga-2015-comics,included,candidate-3713ab561de583d709bc,work-3713ab561de583d709bc,mapping-10dff6126f827d73cc1f
mangataisho-2010-116,mangataisho-2010,included,candidate-39c1a2b6791238827ed5,work-39c1a2b6791238827ed5,mapping-147b466728adbca0ad10
mangataisho-2011-116,mangataisho-2011,duplicate,candidate-39c1a2b6791238827ed5,work-39c1a2b6791238827ed5,mapping-7bf67f4bfa726db55f5a
mangataisho-2012-077,mangataisho-2012,duplicate,candidate-39c1a2b6791238827ed5,work-39c1a2b6791238827ed5,mapping-f203146960f4c2192f8e
konomanga-2020-ranking-33,konomanga-2020-ranking,included,candidate-3ad85a2ffdc026007d61,work-3ad85a2ffdc026007d61,mapping-d80f808396c4eacd616d
nippan-bookseller-recommendations-2020-004,nippan-bookseller-recommendations-2020,duplicate,candidate-3ad85a2ffdc026007d61,work-3ad85a2ffdc026007d61,mapping-4c85af7ea692f69d5d79
konomanga-2025-ranking-02,konomanga-2025-ranking,included,candidate-44d0000353478596369e,work-44d0000353478596369e,mapping-7f8c45d3a3739357fed1
mangataisho-2024-008,mangataisho-2024,duplicate,candidate-44d0000353478596369e,work-44d0000353478596369e,mapping-562cdcf66a785f919405
nippan-bookseller-recommendations-2021-006,nippan-bookseller-recommendations-2021,duplicate,candidate-53fb816835ab36e40a1f,work-53fb816835ab36e40a1f,mapping-bbb1cdd9e9026e1c8cc2
tsugimanga-2020-comics-006,tsugimanga-2020-comics,included,candidate-53fb816835ab36e40a1f,work-53fb816835ab36e40a1f,mapping-2d00efb9845f7b7c1e8d
nippan-bookseller-recommendations-2013-005,nippan-bookseller-recommendations-2013,included,candidate-62fbc6b2253b895e3a66,work-62fbc6b2253b895e3a66,mapping-e3cffe19ecd4057b8c29
shogakukan-manga-award-61-003,shogakukan-manga-award-61,duplicate,candidate-62fbc6b2253b895e3a66,work-62fbc6b2253b895e3a66,mapping-ee805d68eb8ae3b67db3
mangataisho-2008-115,mangataisho-2008,included,candidate-634f34830600e07d8f17,work-634f34830600e07d8f17,mapping-abb70bb1a13531f9e8a6
nippan-bookseller-recommendations-2008-004,nippan-bookseller-recommendations-2008,duplicate,candidate-634f34830600e07d8f17,work-634f34830600e07d8f17,mapping-ad19e32010e2a639fa2a
nippan-bookseller-recommendations-2026-015,nippan-bookseller-recommendations-2026,duplicate,candidate-65f856a6fa2078f21d2f,work-65f856a6fa2078f21d2f,mapping-fdc18030569928fe7836
tsugimanga-2026-comics-011,tsugimanga-2026-comics,included,candidate-65f856a6fa2078f21d2f,work-65f856a6fa2078f21d2f,mapping-bdaec866ac868a756fd6
konomanga-2022-ranking-01,konomanga-2022-ranking,included,candidate-741deb03d9f59e723929,work-741deb03d9f59e723929,mapping-8df11902ee2517a600ac
mangataisho-2022-002,mangataisho-2022,duplicate,candidate-741deb03d9f59e723929,work-741deb03d9f59e723929,mapping-07529d309e06631d60d3
konomanga-2020-ranking-22,konomanga-2020-ranking,included,candidate-7c8931bc010e2f28f7ec,work-7c8931bc010e2f28f7ec,mapping-73a436db673bfa5f69ef
mangataisho-2020-007,mangataisho-2020,duplicate,candidate-7c8931bc010e2f28f7ec,work-7c8931bc010e2f28f7ec,mapping-a5a4fecda28fc754a78e
konomanga-2020-ranking-11,konomanga-2020-ranking,included,candidate-7d4568dcc8e9175d35ba,work-7d4568dcc8e9175d35ba,mapping-0231be13caba14b2716a
nippan-bookseller-recommendations-2020-007,nippan-bookseller-recommendations-2020,duplicate,candidate-7d4568dcc8e9175d35ba,work-7d4568dcc8e9175d35ba,mapping-342e03e34db5e2575f25
nippan-bookseller-recommendations-2017-010,nippan-bookseller-recommendations-2017,included,candidate-7f0f63c5d80083f2be7f,work-7f0f63c5d80083f2be7f,mapping-f9e7499b9ec7fd03cb30
shogakukan-manga-award-63-003,shogakukan-manga-award-63,duplicate,candidate-7f0f63c5d80083f2be7f,work-7f0f63c5d80083f2be7f,mapping-d0e7678a59323fe60896
mangataisho-2013-024,mangataisho-2013,included,candidate-80a2f62ce5073ade2ec2,work-80a2f62ce5073ade2ec2,mapping-37ee2006a4e009592b7e
nippan-bookseller-recommendations-2013-012,nippan-bookseller-recommendations-2013,duplicate,candidate-80a2f62ce5073ade2ec2,work-80a2f62ce5073ade2ec2,mapping-44088507b47f8daf2255
mangataisho-2012-132,mangataisho-2012,included,candidate-8733067e6afcaeadbd8d,work-8733067e6afcaeadbd8d,mapping-7a3cb49cd7c904f5ae79
nippan-bookseller-recommendations-2012-013,nippan-bookseller-recommendations-2012,duplicate,candidate-8733067e6afcaeadbd8d,work-8733067e6afcaeadbd8d,mapping-5c4ae54ef9838adf88a6
mangataisho-2026-003,mangataisho-2026,included,candidate-925f371723beac5227f7,work-925f371723beac5227f7,mapping-26f5dd27afac59b7ee62
nippan-bookseller-recommendations-2026-013,nippan-bookseller-recommendations-2026,duplicate,candidate-925f371723beac5227f7,work-925f371723beac5227f7,mapping-6d299761c1faf6deb0f5
mangataisho-2015-028,mangataisho-2015,included,candidate-961a49798df191311f42,work-961a49798df191311f42,mapping-d19632d96de8d2c26b9b
nippan-bookseller-recommendations-2015-012,nippan-bookseller-recommendations-2015,duplicate,candidate-961a49798df191311f42,work-961a49798df191311f42,mapping-327fd64ba2a9c340a47e
konomanga-2020-ranking-23,konomanga-2020-ranking,included,candidate-9bd00739b995d84e2494,work-9bd00739b995d84e2494,mapping-3a2af03e23e68e452989
mangataisho-2020-012,mangataisho-2020,duplicate,candidate-9bd00739b995d84e2494,work-9bd00739b995d84e2494,mapping-7a51983f8fa1085f15cf
mangataisho-2025-010,mangataisho-2025,included,candidate-a3d922576a1a1ecc8e3e,work-a3d922576a1a1ecc8e3e,mapping-3e73ee79fa15b4969e3d
nippan-bookseller-recommendations-2025-006,nippan-bookseller-recommendations-2025,duplicate,candidate-a3d922576a1a1ecc8e3e,work-a3d922576a1a1ecc8e3e,mapping-087a67102dfce7b0b589
nippan-bookseller-recommendations-2026-004,nippan-bookseller-recommendations-2026,duplicate,candidate-aa85b65d02f367e76a07,work-aa85b65d02f367e76a07,mapping-b9b69bf82098be7cd23e
tsugimanga-2026-comics-022,tsugimanga-2026-comics,included,candidate-aa85b65d02f367e76a07,work-aa85b65d02f367e76a07,mapping-1c31dd2fd12f31066e71
mangataisho-2014-010,mangataisho-2014,included,candidate-af3443bab1c30d470a76,work-af3443bab1c30d470a76,mapping-dc529c9afd021acbc20b
nippan-bookseller-recommendations-2014-001,nippan-bookseller-recommendations-2014,duplicate,candidate-af3443bab1c30d470a76,work-af3443bab1c30d470a76,mapping-f99a548590ac897770db
nippan-bookseller-recommendations-2019-011,nippan-bookseller-recommendations-2019,duplicate,candidate-bd5c323a3dbc9f3a04d4,work-bd5c323a3dbc9f3a04d4,mapping-a647c7bdfdb3d10952be
tsugimanga-2018-comics-047,tsugimanga-2018-comics,included,candidate-bd5c323a3dbc9f3a04d4,work-bd5c323a3dbc9f3a04d4,mapping-712cb03fb3d8e4b1c0ac
konomanga-2021-ranking-15,konomanga-2021-ranking,included,candidate-c2df32661c0b925ff74f,work-c2df32661c0b925ff74f,mapping-896bef8c0e365ac86169
mangataisho-2021-003,mangataisho-2021,duplicate,candidate-c2df32661c0b925ff74f,work-c2df32661c0b925ff74f,mapping-149bb167e684ea60c6f2
nippan-bookseller-recommendations-2025-013,nippan-bookseller-recommendations-2025,duplicate,candidate-c2f3864045578cebb590,work-c2f3864045578cebb590,mapping-7c1e7f3ddbd964a5dd91
tsugimanga-2025-comics-021,tsugimanga-2025-comics,included,candidate-c2f3864045578cebb590,work-c2f3864045578cebb590,mapping-bd6a20272769ce2d279b
nippan-bookseller-recommendations-2021-005,nippan-bookseller-recommendations-2021,duplicate,candidate-c5c2695ad33fd05af945,work-c5c2695ad33fd05af945,mapping-2bd75869937b494975dc
tsugimanga-2020-comics-012,tsugimanga-2020-comics,included,candidate-c5c2695ad33fd05af945,work-c5c2695ad33fd05af945,mapping-c1dd4a5307e855e414a2
nippan-bookseller-recommendations-2024-011,nippan-bookseller-recommendations-2024,duplicate,candidate-c7280f9dcc2754d3f864,work-c7280f9dcc2754d3f864,mapping-1c002873a4e8629b6545
tsugimanga-2024-comics-023,tsugimanga-2024-comics,included,candidate-c7280f9dcc2754d3f864,work-c7280f9dcc2754d3f864,mapping-aa5b1eb92916327cde68
mangataisho-2010-008,mangataisho-2010,included,candidate-d63a83030a8819ff553c,work-d63a83030a8819ff553c,mapping-0d14b15539e88aa9b95c
nippan-bookseller-recommendations-2010-014,nippan-bookseller-recommendations-2010,duplicate,candidate-d63a83030a8819ff553c,work-d63a83030a8819ff553c,mapping-ea6ecf5f2b00f5aaeb82
nippan-bookseller-recommendations-2018-008,nippan-bookseller-recommendations-2018,duplicate,candidate-d8a87d01c1f35d58e791,work-d8a87d01c1f35d58e791,mapping-991a2fc764341d77ca29
tsugimanga-2017-comics-047,tsugimanga-2017-comics,included,candidate-d8a87d01c1f35d58e791,work-d8a87d01c1f35d58e791,mapping-93ef71ac64c781dd9fd9
nippan-bookseller-recommendations-2016-009,nippan-bookseller-recommendations-2016,duplicate,candidate-e2f095e08fc5e08d5a2b,work-e2f095e08fc5e08d5a2b,mapping-10610060d0b40cf0fab3
tsugimanga-2016-comics-022,tsugimanga-2016-comics,included,candidate-e2f095e08fc5e08d5a2b,work-e2f095e08fc5e08d5a2b,mapping-8ff2306e7ffecfc39509
nippan-bookseller-recommendations-2021-014,nippan-bookseller-recommendations-2021,duplicate,candidate-e81955a9fc5c4d84580f,work-e81955a9fc5c4d84580f,mapping-1459f1616c1809885782
tsugimanga-2018-comics-013,tsugimanga-2018-comics,included,candidate-e81955a9fc5c4d84580f,work-e81955a9fc5c4d84580f,mapping-16634315bff718b2ca5c
konomanga-2023-ranking-02,konomanga-2023-ranking,included,candidate-eef84d07d90ba2b040cf,work-eef84d07d90ba2b040cf,mapping-79b5b9be82f0634ede14
mangataisho-2023-007,mangataisho-2023,duplicate,candidate-eef84d07d90ba2b040cf,work-eef84d07d90ba2b040cf,mapping-7d322fd177239c86a7d1
nippan-bookseller-recommendations-2024-005,nippan-bookseller-recommendations-2024,duplicate,candidate-f8cb26831612e0c6ece5,work-f8cb26831612e0c6ece5,mapping-558575681b195cc3d410
tsugimanga-2023-comics-015,tsugimanga-2023-comics,included,candidate-f8cb26831612e0c6ece5,work-f8cb26831612e0c6ece5,mapping-036c31c40442eaa987e1
tsugimanga-2025-comics-011,tsugimanga-2025-comics,duplicate,candidate-f8cb26831612e0c6ece5,work-f8cb26831612e0c6ece5,mapping-904b1c65c6a89b8b8131
mangataisho-2012-181,mangataisho-2012,included,candidate-fc53cb5669aa4099ee4a,work-fc53cb5669aa4099ee4a,mapping-33f0dc4bb9c27079e9fe
mangataisho-2013-131,mangataisho-2013,duplicate,candidate-fc53cb5669aa4099ee4a,work-fc53cb5669aa4099ee4a,mapping-99ad7a342da0acd63b30
nippan-bookseller-recommendations-2012-003,nippan-bookseller-recommendations-2012,duplicate,candidate-fc53cb5669aa4099ee4a,work-fc53cb5669aa4099ee4a,mapping-3306aeb65536074647f8
mangataisho-2010-090,mangataisho-2010,included,candidate-fd2a957c501c36047ed0,work-fd2a957c501c36047ed0,mapping-1187b8354cf004ae495b
mangataisho-2012-182,mangataisho-2012,duplicate,candidate-fd2a957c501c36047ed0,work-fd2a957c501c36047ed0,mapping-a0de4a1d58132e3310c9
nippan-bookseller-recommendations-2011-005,nippan-bookseller-recommendations-2011,duplicate,candidate-fd2a957c501c36047ed0,work-fd2a957c501c36047ed0,mapping-966851224dcf966d0ea6
mangataisho-2010-168,mangataisho-2010,included,candidate-ff9b025f58d7e12f3cb1,work-ff9b025f58d7e12f3cb1,mapping-befd8ffe82e596957f35
nippan-bookseller-recommendations-2010-013,nippan-bookseller-recommendations-2010,duplicate,candidate-ff9b025f58d7e12f3cb1,work-ff9b025f58d7e12f3cb1,mapping-435e3dffea32c0dfd7b2
