position,workId,canonicalTitle,genres,themes,progression,problemSolving,strategy,pacing,mysteryReveal,worldBuilding,characterArcWeight,relationshipStructure,comedy,darkness,mentalStress,romance,emotionalWarmth,factorConfidence,evidenceName,evidenceUrl,evidencePublishedAt,retrievedAt,japaneseEvidenceUrls,koreanEvidenceUrls,koreanQueries,notes
"1","work-196f917715fbb17d4d0f","貧乏神が！","action;comedy;fantasy","combat:1:0.72;foundFamily:1:0.62","2","2","0","2","2","2","2","2","4","2","2","2","2","0.80","Official Rakuten Books representative product for 貧乏神が！","https://books.rakuten.co.jp/rb/5890604/","2009","2026-08-26","https://booklive.jp/review/list/title_id/172304/vol_no/001","","빈보신이! 만화 리뷰;빈보가미가 만화 리뷰","초반 1~3권 범위에서 공식 Rakuten 상품문구와 BookLive 1권 직접 리뷰를 대조했다. 행운 과잉 여고생 이치코와 운을 조정하려는 빈곤신 모미지가 충돌하며 개그와 액션이 반복되고 이치코의 인간적 성장이 이어진다는 본문을 확인했다. 한국어 한글명 검색(빈보신이! 만화 리뷰;빈보가미가 만화 리뷰)을 수행했지만 작품별 직접 KR 본문은 확보하지 못해 URL은 비웠다. Conservative mappings: progression=2;problemSolving=2;strategy=0;pacing=2;mysteryReveal=2;worldBuilding=2;characterArcWeight=2;relationshipStructure=2;comedy=4;darkness=2;mentalStress=2;romance=2;emotionalWarmth=2. Art는 선택 축으로 평가하지 않았다."
"2","work-19914389b95a96a94e2b","グリーングリーングリーンズ","sports;sliceOfLife","sportsCompetition:2:0.88;school:1:0.70","2","2","unknown","2","unknown","2","2","2","2","unknown","2","unknown","2","0.68","Official Rakuten Books representative product for グリーングリーングリーンズ","https://books.rakuten.co.jp/rb/17828933/","2024-08-28","2026-08-26","https://jdmgajdmga.hatenablog.com/entry/2023/11/27/032543","","그린 그린 그린즈 만화 리뷰;그린그린그린즈 리뷰","초반 1~3화 관찰: 코하쿠가 골프를 접하고 멘토의 조언으로 연습·선택을 이어가는 청춘 골프 진입부다. 공식 Rakuten 상품(https://books.rakuten.co.jp/rb/17828933/)을 판본 기준으로 삼았다. 일본 독립 리뷰(https://jdmgajdmga.hatenablog.com/entry/2023/11/27/032543)를 직접 확인해 골프 경기와 성장 도입을 교차했다. 한국어 직접 리뷰는 없어 URL을 비웠다. 값 근거(progression=2; problemSolving=2; pacing=2; worldBuilding=2; characterArcWeight=2; relationshipStructure=2; comedy=2; mentalStress=2; emotionalWarmth=2): 각 토큰은 위 관찰 범위에 한정한다. Art는 선택 축으로 평가하지 않았다."
"3","work-1998a3621df8e8cb4b95","暁のヨナ","fantasy;romance;action","adventure:2:0.78;politics:1:0.68;foundFamily:1:0.72","2","2","2","4","2","4","4","4","2","2","2","4","2","0.84","Official Rakuten Books representative product for 暁のヨナ","https://books.rakuten.co.jp/rb/6272839/","2012","2026-08-26","https://booklive.jp/review/list/title_id/200982/vol_no/001","https://m.yes24.com/Goods/Review/5948422","새벽의 연화 만화 리뷰;아카츠키노 요나 리뷰","초반 1~3권 범위에서 공식 Rakuten 상품문구와 BookLive 1권 직접 리뷰 및 YES24 1권 한국어 리뷰를 대조했다. 공주 요나가 쿠데타로 아버지를 잃고 하크와 도주하며 동료를 모으고 왕국의 비밀과 정치적 충돌을 겪는 진입부를 확인했다. 한국어 한글명 검색(새벽의 연화 만화 리뷰;아카츠키노 요나 리뷰)을 수행했고 YES24 1권 직접 본문을 보존했다. Conservative mappings: progression=2;problemSolving=2;strategy=2;pacing=4;mysteryReveal=2;worldBuilding=4;characterArcWeight=4;relationshipStructure=4;comedy=2;darkness=2;mentalStress=2;romance=4;emotionalWarmth=2. Art는 선택 축으로 평가하지 않았다."
"4","work-19bf120239dd0661fdc0","SKET DANCE","comedy;sliceOfLife","school:2:0.92;foundFamily:2:0.82","2","2","unknown","2","2","2","4","4","4","2","2","unknown","4","0.80","Official Rakuten Books representative product for SKET DANCE","https://books.rakuten.co.jp/rb/4969587/","2009","2026-08-26","https://asiamoth.com/200711092352/","https://keepforreview.tistory.com/53","스켓 댄스 만화 리뷰;스켓댄스 리뷰","초반 1~3권 관찰: 스켓단 세 명이 학교 학생들의 의뢰를 받아 해결하며 개그와 진지한 사연 에피소드가 교차한다. 공식 Rakuten 상품(https://books.rakuten.co.jp/rb/4969587/)이 대표 권을 고정한다. 일본 독립 리뷰(https://asiamoth.com/200711092352/)와 한국어 개별 리뷰(https://keepforreview.tistory.com/53)를 직접 확인했다. 값 근거(progression=2; problemSolving=2; pacing=2; mysteryReveal=2; worldBuilding=2; characterArcWeight=4; relationshipStructure=4; comedy=4; darkness=2; mentalStress=2; emotionalWarmth=4): 의뢰·동아리·군상 관계의 반복만 반영했다. Art는 선택 축으로 평가하지 않았다."
"5","work-19c3e776eecdbd1e2d8f","ホテルポパン","sliceOfLife","workplace:2:0.90;foundFamily:2:0.84","2","2","0","2","2","2","4","4","2","2","2","unknown","4","0.86","Official Rakuten Books representative product for ホテルポパン","https://books.rakuten.co.jp/rb/12134676/","2013","2026-08-26","https://booklive.jp/review/list/title_id/704947/vol_no/001","","호텔 포팡 만화 리뷰;호텔 포판 리뷰","초반 1~3권 범위에서 공식 Rakuten 상품과 BookWalker 상품 소개(https://bookwalker.jp/series/235452/) 및 BookLive 1권 직접 리뷰를 대조했다. 산속 호텔에서 일하는 직원과 나츠가 팀으로 손님을 맞이하고 각자의 복잡한 과거와 회복을 드러내는 성인 군상극이라는 문구와 리뷰를 확인했다. 한국어 한글명 검색(호텔 포팡 만화 리뷰 후기;호텔 포판 리뷰)을 수행했지만 작품별 직접 KR 본문은 확보하지 못해 URL은 비웠다. Conservative mappings: progression=2;problemSolving=2;strategy=0;pacing=2;mysteryReveal=2;worldBuilding=2;characterArcWeight=4;relationshipStructure=4;comedy=2;darkness=2;mentalStress=2;emotionalWarmth=4. romance는 초반 직접 근거가 부족해 unknown으로 유지했다. Art는 선택 축으로 평가하지 않았다."
"6","work-19f7ccc2693b36d742e4","グラゼニ","sports;comedy","sportsCompetition:2:0.90;workplace:2:0.86","2","2","2","2","unknown","2","2","2","2","2","2","unknown","unknown","0.80","Official Rakuten Books representative product for グラゼニ","https://books.rakuten.co.jp/rb/11169418/","2012","2026-08-26","https://nakano-laboratory.hatenablog.com/entry/2016/04/01/144309","","그라제니 만화 리뷰;그라제니 야구 만화 리뷰","초반 1~3권 범위에서 공식 Rakuten 상품과 나카노 실험실 1권 직접 리뷰를 대조했다. 프로 중계 투수 반다 신노스케가 연봉과 세금 및 은퇴 후 진로를 계산하며 직업 야구의 제약 속에서 커리어를 판단하는 내용과 현실적 금전 압박을 확인했다. 한국어 한글명 검색(그라제니 야구 만화 리뷰;그라제니 만화 리뷰)을 수행했지만 작품별 직접 KR 본문은 확보하지 못해 URL은 비웠다. Conservative mappings: progression=2;problemSolving=2;strategy=2;pacing=2;worldBuilding=2;characterArcWeight=2;relationshipStructure=2;comedy=2;darkness=2;mentalStress=2. mysteryReveal와 romance 및 emotionalWarmth는 초반 직접 근거가 부족해 unknown으로 유지했다. Art는 선택 축으로 평가하지 않았다."
"7","work-1a084f8d1e59ba8ed260","空想郵便局","fantasy;sliceOfLife","workplace:2:0.82","2","2","0","2","2","2","4","4","2","2","2","unknown","4","0.82","Official Rakuten Books representative product for 空想郵便局","https://books.rakuten.co.jp/rb/11658804/","2013","2026-08-26","https://booklive.jp/review/list/title_id/221770/vol_no/001","","공상 우체국 만화 리뷰;쿠소 유빙국 리뷰","초반 1~3권 범위에서 공식 Rakuten 상품과 BookLive 1권 직접 리뷰 및 Konomanga 작품 소개를 대조했다. 교통사고로 혼수상태가 된 고교생 마코토가 생환을 위해 기적을 배달하는 사후와 현실의 업무를 맡고 수취인에게 희망과 행복을 전달하며 자신의 삶과 가치관을 다시 묻는 에피소드 구조를 확인했다. 한국어 한글명 검색(공상 우체국 만화 리뷰;쿠소 유빙국 리뷰)을 수행했지만 작품별 직접 KR 본문은 확보하지 못해 URL은 비웠다. Conservative mappings: progression=2;problemSolving=2;strategy=0;pacing=2;mysteryReveal=2;worldBuilding=2;characterArcWeight=4;relationshipStructure=4;comedy=2;darkness=2;mentalStress=2;emotionalWarmth=4. romance는 초반 직접 근거가 부족해 unknown으로 유지했다. Art는 선택 축으로 평가하지 않았다."
"8","work-1a3c3749e3db82bec0a4","さすらいアフロ田中","comedy;sliceOfLife","exploration:1:0.68;workplace:1:0.58","2","unknown","0","4","unknown","2","4","4","4","2","2","2","2","0.80","Official Rakuten Books representative product for さすらいアフロ田中","https://books.rakuten.co.jp/rb/6644746/","2012","2026-08-26","https://booklive.jp/review/list/title_id/183083/vol_no/001?spoiler=1","","방랑 아프로 다나카 만화 리뷰;사스라이 아프로 다나카 리뷰","초반 1~3권 범위에서 공식 Rakuten 상품과 BookLive 1권 직접 리뷰를 대조했다. 실연으로 상처 입은 평범한 계약직 청년 다나카가 인생 리셋을 위해 즉흥적으로 여행을 떠나고 장소와 관계를 바꾸며 자조 개그와 쓸쓸함을 반복하는 진입부를 확인했다. 한국어 한글명 검색(방랑 아프로 다나카 만화 리뷰;사스라이 아프로 다나카 리뷰)을 수행했지만 작품별 직접 KR 본문은 확보하지 못해 URL은 비웠다. Conservative mappings: progression=2;strategy=0;pacing=4;worldBuilding=2;characterArcWeight=4;relationshipStructure=4;comedy=4;darkness=2;mentalStress=2;romance=2;emotionalWarmth=2. problemSolving와 mysteryReveal는 초반 직접 근거가 부족해 unknown으로 유지했다. Art는 선택 축으로 평가하지 않았다."
"9","work-1a4f3079592a2bf3e9ab","ACONY","fantasy;horror;comedy","foundFamily:1:0.62","2","2","0","2","2","2","4","4","2","2","2","unknown","2","0.82","Official Rakuten Books representative product for ACONY","https://books.rakuten.co.jp/rb/5996495/","2011","2026-08-26","https://booklive.jp/review/list/title_id/60011828/vol_no/001","","아코니 만화 리뷰;ACONY 만화 1권 리뷰","초반 1~3권 범위에서 공식 Rakuten 상품과 BookLive 1권 직접 리뷰를 대조했다. 70년 된 시키미노 아파트로 이사 온 소년과 불가사의한 아코니 및 유령과 요괴 같은 주민들의 생활과 각자의 드라마가 시작되며 가벼운 유머와 호러 고딕 분위기가 공존한다는 본문을 확인했다. 한국어 한글명 검색(아코니 만화 리뷰;ACONY 만화 1권 리뷰)을 수행했지만 작품별 직접 KR 본문은 확보하지 못해 URL은 비웠다. Conservative mappings: progression=2;problemSolving=2;strategy=0;pacing=2;mysteryReveal=2;worldBuilding=2;characterArcWeight=4;relationshipStructure=4;comedy=2;darkness=2;mentalStress=2;emotionalWarmth=2. romance는 초반 직접 근거가 부족해 unknown으로 유지했다. foundFamily는 아파트 주민 공동체의 반복 유대에만 중심성 1로 보수 적용했다. Art는 선택 축으로 평가하지 않았다."
"10","work-1aaf3b559f7d9c7f85e3","死後出版","sliceOfLife","workplace:2:0.90","2","unknown","unknown","2","2","2","4","4","unknown","2","2","unknown","2","0.74","Official Rakuten Books representative product for 死後出版","https://books.rakuten.co.jp/rb/17517038/","2024-08-28","2026-08-26","https://manba.co.jp/topics/52622","","사후 출판 만화 리뷰;시고 출판 리뷰","초반 1~3권 관찰: 작가 사후 원고를 보관하는 출판사와 편집자의 업무를 통해 미완성 원고와 인간 사연을 에피소드로 다룬다. 공식 Rakuten 상품(https://books.rakuten.co.jp/rb/17517038/)이 대표 권을 고정한다. 일본 독립 작품·리뷰 페이지(https://manba.co.jp/topics/52622)를 직접 확인했지만 한국어 직접 결과는 없었다. 값 근거(progression=2; pacing=2; mysteryReveal=2; worldBuilding=2; characterArcWeight=4; relationshipStructure=4; darkness=2; mentalStress=2; emotionalWarmth=2): 출판 업무·원고 비밀·관계 드라마의 초반 관찰만 반영했다. Art는 선택 축으로 평가하지 않았다."
"11","work-1b7812afe1c1ec2f6d03","マグロちゃんは食べられたい！","comedy;sliceOfLife","foundFamily:1:0.68","2","2","0","2","2","2","4","4","4","0","2","unknown","4","0.84","Official Rakuten Books representative product for マグロちゃんは食べられたい！","https://books.rakuten.co.jp/rb/17307528/","2023-08-31","2026-08-26","https://hanhans.hatenablog.com/entry/2023/03/05/213148;https://kc1game.hatenablog.com/entry/maguro_chan1","","참치짱은 먹히고 싶어! 만화 리뷰;마구로짱은 먹히고 싶어 리뷰","초반 1권 범위에서 공식 Rakuten 상품과 두 일본 직접 리뷰 본문을 대조했다. 낚시 소녀 미사키가 사람 모습으로 변한 참치 소녀 마구로를 보호하며 먹히고 싶다는 어류의 규칙과 인간의 윤리적 거부 사이를 매일의 개그와 동거 에피소드로 다룬다. 한국어 한글명 검색(참치짱은 먹히고 싶어! 만화 리뷰;마구로짱은 먹히고 싶어 리뷰)을 수행했지만 작품별 직접 KR 본문은 확보하지 못해 URL은 비웠다. Conservative mappings: progression=2;problemSolving=2;strategy=0;pacing=2;mysteryReveal=2;worldBuilding=2;characterArcWeight=4;relationshipStructure=4;comedy=4;darkness=0;mentalStress=2;emotionalWarmth=4. romance는 초반 직접 근거가 부족해 unknown으로 유지했다. foundFamily는 보호와 동거의 반복 구조에만 중심성 1로 보수 적용했다. Art는 선택 축으로 평가하지 않았다."
"12","work-1b839a7f7034e313c8d1","地球へ…","scienceFiction;action","politics:2:0.86","2","2","2","4","4","4","4","2","0","4","4","unknown","2","0.86","Official Rakuten Books representative product for 地球へ…","https://books.rakuten.co.jp/rb/4334421/","1979","2026-08-26","https://booklive.jp/review/list/title_id/302461/vol_no/001","","지구로… 만화 리뷰;테라 헤 만화 리뷰","초반 1~3권 범위에서 공식 Rakuten 상품과 BookLive 1권 직접 리뷰를 대조했다. 환경 붕괴 뒤 우주 이주와 특수 정부의 완전 관리 사회에서 조미가 뮤로 각성하고 박해를 피해 저항의 문턱에 서는 SF 모험의 진입부를 확인했다. 한국어 한글명 검색(지구로 테라へ 만화 리뷰;지구로… 만화 감상)을 수행했지만 검색 결과는 애니메이션·위키 중심이라 작품별 직접 KR 본문은 확보하지 못해 URL은 비웠다. Conservative mappings: progression=2;problemSolving=2;strategy=2;pacing=4;mysteryReveal=4;worldBuilding=4;characterArcWeight=4;relationshipStructure=2;comedy=0;darkness=4;mentalStress=4;emotionalWarmth=2. romance는 초반 직접 근거가 부족해 unknown으로 유지했다. politics는 특수 정부와 관리 체제의 반복 갈등에 중심성 2로 적용했다. Art는 선택 축으로 평가하지 않았다."
"13","work-1b94cd8bacb92576eb36","イロドリミドリ","romance;sliceOfLife","foundFamily:1:0.62","2","0","0","2","2","2","4","4","0","2","2","4","4","0.84","Official Rakuten Books representative product for イロドリミドリ","https://books.rakuten.co.jp/rb/5830246/","2009","2026-08-26","https://booklive.jp/review/list/title_id/285053/vol_no/001;https://www.cmoa.jp/title/customer_review/title_id/85631/","","이로도리미도리 만화 리뷰;이로도리 미도리 리뷰","초반 1권 범위에서 공식 Rakuten 상품과 BookLive 및 Cmoa의 직접 리뷰 본문을 대조했다. 중학생 타마오와 불가사의한 미도리군의 표제작을 포함한 네 편의 단편이 첫사랑과 가족애 및 사람 사이 거리의 어려움을 섬세하게 그리며 비밀 공개와 따뜻하고 씁쓸한 결말을 반복한다는 본문을 확인했다. 한국어 한글명 검색(이로도리미도리 만화 리뷰;이로도리 미도리 리뷰)을 수행했지만 검색 결과는 동명 Sega 음악 IP가 대부분이라 작품별 직접 KR 본문은 확보하지 못해 URL은 비웠다. Conservative mappings: progression=2;problemSolving=0;strategy=0;pacing=2;mysteryReveal=2;worldBuilding=2;characterArcWeight=4;relationshipStructure=4;comedy=0;darkness=2;mentalStress=2;romance=4;emotionalWarmth=4. foundFamily는 단편 전반의 가족애와 서로 돌보는 관계를 법적 Theme로 중심성 1에 한정했다. Art는 선택 축으로 평가하지 않았다."
"14","work-1b9fc6e13c87db1a08c4","高橋さんが聞いている。","comedy;sliceOfLife","school:2:0.82","2","2","0","4","2","2","2","4","4","0","2","0","2","0.82","Official Rakuten Books representative product for 高橋さんが聞いている。","https://books.rakuten.co.jp/rb/12504442/","2015-02-06","2026-08-26","https://heibon-nikki.com/takahashisangakiiteiru/;https://nelja.jp/manga-review/3676","","다카하시 씨가 듣고 있어 만화 리뷰;타카하시상이 듣고 있다 리뷰","공식 Rakuten 대표 상품과 일본 직접 리뷰 본문(https://heibon-nikki.com/takahashisangakiiteiru/; https://nelja.jp/manga-review/3676)을 대조했다. 고교생 아이돌 에나가 반 친구 둘의 엉뚱한 대화를 몰래 듣고 마음속으로 반응하며, 각 화의 대화와 오치로 자신의 고민을 풀어 가는 학교 일상 개그 구조를 확인했다. 한국어 한글명 검색(다카하시 씨가 듣고 있어 만화 리뷰;타카하시상이 듣고 있다 리뷰)을 수행했지만 작품별 직접 KR 본문은 확보하지 못해 URL은 비웠다. Conservative mappings: progression=2;problemSolving=2;strategy=0;pacing=4;mysteryReveal=2;worldBuilding=2;characterArcWeight=2;relationshipStructure=4;comedy=4;darkness=0;mentalStress=2;romance=0;emotionalWarmth=2. Art는 선택 축으로 평가하지 않았다."
"15","work-1bdd89da60157e62d8ae","ハンザスカイ","sports;action","martialArts:2:0.92;school:1:0.68","4","2","2","4","0","2","4","4","2","2","4","4","2","0.86","Official Rakuten Books representative product for ハンザスカイ","https://books.rakuten.co.jp/rb/6454232/","2011","2026-08-26","https://booklive.jp/review/list/title_id/129553/vol_no/001","","한자 스카이 만화 리뷰;한자스카이 리뷰","공식 Rakuten 대표 상품과 BookLive 1권 직접 리뷰 본문(https://booklive.jp/review/list/title_id/129553/vol_no/001)을 대조했다. 전직 불량 소년 반좌가 강한 공수도부 선배를 만나 공수도부에 들어가고, 배움·대련·대회로 인간성과 실력을 키우는 고교 청춘 공수도물이라는 진입을 확인했다. 리뷰의 아츠이·카코이이·도키도키하라하라 태그와 대련의 명료함도 교차했다. 한국어 한글명 검색(한자 스카이 만화 리뷰;한자스카이 리뷰)을 수행했지만 직접 KR 본문은 확보하지 못해 URL은 비웠다. Conservative mappings: progression=4;problemSolving=2;strategy=2;pacing=4;mysteryReveal=0;worldBuilding=2;characterArcWeight=4;relationshipStructure=4;comedy=2;darkness=2;mentalStress=4;romance=4;emotionalWarmth=2. Art는 선택 축으로 평가하지 않았다."
"16","work-1c08e020ca3edbdb268c","怪しいおまわりさん","comedy;sliceOfLife","workplace:2:0.86","2","2","0","2","0","2","2","4","4","0","2","0","4","0.84","Official Rakuten Books representative product for 怪しいおまわりさん","https://books.rakuten.co.jp/rb/18158520/","2025-09-18","2026-08-26","https://note.com/sasuke4160/n/n420c404e31a9;https://www.cmoa.jp/title/customer_review/title_id/319812/","","수상한 경찰관 만화 리뷰;아야시이 오마와리상 리뷰","공식 담당자 홍보문구(https://tonarinoyj.hatenablog.com/entry/2024/10/02/120000)와 일본 직접 리뷰 본문(https://note.com/sasuke4160/n/n420c404e31a9; https://www.cmoa.jp/title/customer_review/title_id/319812/)을 대조했다. 작은 교번에 모인 개성적인 순사들이 시민 대응과 사건·문제를 처리하는 경찰 일상 코미디이며, 경찰끼리의 암시적 브로맨스와 진지함·웃음이 교차한다는 내용을 확인했다. 한국어 한글명 검색(수상한 경찰관 만화 리뷰;아야시이 오마와리상 리뷰)을 수행했지만 직접 KR 본문은 확보하지 못해 URL은 비웠다. Conservative mappings: progression=2;problemSolving=2;strategy=0;pacing=2;mysteryReveal=0;worldBuilding=2;characterArcWeight=2;relationshipStructure=4;comedy=4;darkness=0;mentalStress=2;romance=0;emotionalWarmth=4. Art는 선택 축으로 평가하지 않았다."
"17","work-1c11c52424ffad601818","竜女戦記","fantasy;historical","politics:2:0.90;historicalReconstruction:2:0.90","4","2","4","2","2","4","4","2","0","4","4","0","2","0.86","Official Rakuten Books representative product for 竜女戦記","https://books.rakuten.co.jp/rb/16280777/","2020-12-10","2026-08-26","https://honto.jp/ebook/pd-review_0630356143.html;https://stantsiya-iriya.hatenablog.com/entry/2020/07/10/165530","","용녀전기 만화 리뷰;류조센키 리뷰","공식 Rakuten 대표 상품과 일본 직접 독자 리뷰 본문(https://honto.jp/ebook/pd-review_0630356143.html; https://stantsiya-iriya.hatenablog.com/entry/2020/07/10/165530), 그리고 만화대상 심사 홍보문구를 대조했다. 일본 근세와 닮은 가공의 섬나라에서 평범한 무가 주부 타카가 남편을 대신해 천하를 노리는 전쟁에 뛰어드는 역사 판타지이며, 1권은 고난 끝에 결의를 세우는 프롤로그라는 본문을 확인했다. 한국어 한글명 검색(용녀전기 만화 리뷰;류조센키 리뷰)을 수행했지만 직접 KR 본문은 확보하지 못해 URL은 비웠다. Conservative mappings: progression=4;problemSolving=2;strategy=4;pacing=2;mysteryReveal=2;worldBuilding=4;characterArcWeight=4;relationshipStructure=2;comedy=0;darkness=4;mentalStress=4;romance=0;emotionalWarmth=2. Art는 선택 축으로 평가하지 않았다."
"18","work-1c1cf67a3118c01ffaad","クロサギ","mystery","investigation:2:0.94;revenge:2:0.90","4","4","4","2","4","2","4","2","0","4","4","0","2","0.90","Official Rakuten Books representative product for クロサギ","https://books.rakuten.co.jp/rb/1660684/","2007","2026-08-26","https://booklive.jp/review/list/title_id/185677/vol_no/001;https://www.cmoa.jp/title/4258/","","검은 사기꾼 쿠로사기 만화 리뷰;쿠로사기 만화 리뷰","공식 Rakuten 대표 상품과 일본 직접 독자 리뷰 본문(https://booklive.jp/review/list/title_id/185677/vol_no/001; https://www.cmoa.jp/title/4258/)을 대조했다. 사기꾼만 노리는 사기꾼 쿠로사기가 부모를 잃은 복수 동기로 각종 사기 수법을 조사·설계해 상대를 역으로 함정에 빠뜨리는 단편형 범죄 서스펜스 구조를 확인했다. 한국어 한글명 검색(검은 사기꾼 쿠로사기 만화 리뷰;쿠로사기 만화 리뷰)을 수행했지만 직접 KR 본문은 확보하지 못해 URL은 비웠다. Conservative mappings: progression=4;problemSolving=4;strategy=4;pacing=2;mysteryReveal=4;worldBuilding=2;characterArcWeight=4;relationshipStructure=2;comedy=0;darkness=4;mentalStress=4;romance=0;emotionalWarmth=2. Art는 선택 축으로 평가하지 않았다."
"19","work-1c3e79210ad2ec6fe4ff","モブ子の恋","romance;sliceOfLife","workplace:2:0.90","4","2","0","2","0","2","4","4","0","0","2","4","4","0.88","Official Rakuten Books representative product for モブ子の恋","https://books.rakuten.co.jp/rb/15116529/","2018-08-23","2026-08-26","https://booklive.jp/review/list/title_id/473321/vol_no/001","","모브코의 사랑 만화 리뷰;모브코노 코이 리뷰","공식 Rakuten 대표 상품과 BookLive 1권 직접 리뷰 본문(https://booklive.jp/review/list/title_id/473321/vol_no/001)을 대조했다. 존재감이 희박하고 소극적인 대학생 노부코가 슈퍼 아르바이트 동료 이리에에게 처음 품은 사랑을 용기 내어 한 걸음씩 좁혀 가며, 큰 사건 없이 일상과 내면 독백으로 관계와 자존감이 변하는 잔잔한 로맨스라는 본문을 확인했다. 한국어 한글명 검색(모브코의 사랑 만화 리뷰;모브코노 코이 리뷰)을 수행했으며 YES24의 한글 1권 상품·리뷰 진입도 확인했지만 직접 본문 URL은 일본 리뷰로 보존했다. Conservative mappings: progression=4;problemSolving=2;strategy=0;pacing=2;mysteryReveal=0;worldBuilding=2;characterArcWeight=4;relationshipStructure=4;comedy=0;darkness=0;mentalStress=2;romance=4;emotionalWarmth=4. workplace는 슈퍼 아르바이트가 반복되는 관계 중심 무대라 중심성 2로 적용했다. Art는 선택 축으로 평가하지 않았다."
"20","work-1c65e693efaeeca02c67","All You Need Is Kill","scienceFiction;action","combat:2:0.96;war:2:0.82;timeTravel:2:0.96;survival:2:0.86","4","4","2","4","4","2","4","2","unknown","4","4","2","2","0.90","Official Rakuten Books representative product for All You Need Is Kill","https://books.rakuten.co.jp/rb/12789988/","2015","2026-08-26","","https://m.yes24.com/Goods/Review/13432358","올 유 니드 이즈 킬 만화 리뷰;올유니드이즈킬 리뷰","초반 1~3권 관찰: 한국 YES24 개별 리뷰 본문과 공식 상품 설명에서 외계인 전쟁, 전사자의 하루 회귀, 반복 훈련·전술과 원인 추적을 확인했다. 값 근거(progression=4; problemSolving=4; strategy=2; pacing=4; mysteryReveal=4; worldBuilding=2; characterArcWeight=4; relationshipStructure=2; darkness=4; mentalStress=4; romance=2; emotionalWarmth=2): 루프의 반복 숙련, 전투·전쟁·추리 보상, 죽음과 심리 압박만 매핑했다. BookMeter 오류 페이지는 제거하고 YES24 직접 본문만 보존했다. Art는 선택 축으로 평가하지 않았다."
"21","work-1c78f22da99c77aca86d","プリマックス","comedy;sliceOfLife","school:2:0.84","2","2","2","4","0","2","2","2","4","0","2","0","2","0.84","Official Rakuten Books representative product for プリマックス","https://books.rakuten.co.jp/rb/13346976/","2016-02-04","2026-08-26","https://ameblo.jp/tanaka-comic/entry-12080220399.html;https://3f.blog.jp/archives/46339431.html","","프리맥스 만화 리뷰;프리맥스 1권 리뷰","공식 Rakuten 대표 상품과 일본 직접 1권 리뷰 본문(https://ameblo.jp/tanaka-comic/entry-12080220399.html; https://3f.blog.jp/archives/46339431.html)을 대조했다. 어린 시절부터 친구인 고교생 세 명이 ‘100만 엔이면 무엇이든 한다’는 약속으로 귀여움의 극한을 목표로 의뢰를 수행하는 고텐션 청춘 코미디라는 본문을 확인했다. 한국어 한글명 검색(프리맥스 만화 리뷰;프리맥스 1권 리뷰)을 수행했지만 직접 KR 본문은 확보하지 못해 URL은 비웠다. Conservative mappings: progression=2;problemSolving=2;strategy=2;pacing=4;mysteryReveal=0;worldBuilding=2;characterArcWeight=2;relationshipStructure=2;comedy=4;darkness=0;mentalStress=2;romance=0;emotionalWarmth=2. Art는 선택 축으로 평가하지 않았다."
"22","work-1ccf4922ae88d4a273af","虎鶫 とらつぐみ －TSUGUMI PROJECT－","scienceFiction;action","postApocalypse:2:0.98;survival:2:0.98;exploration:2:0.88;combat:1:0.70","unknown","2","2","2","2","4","unknown","2","2","4","4","0","2","0.88","Official Rakuten Books representative product for 虎鶫 とらつぐみ －TSUGUMI PROJECT－","https://books.rakuten.co.jp/rb/16728009/","2022","2026-08-26","https://gomashelf.com/toratsugumi-review/;https://mattarikunblog.com/scaly-thrush/","","호랑지빠귀 츠구미 프로젝트 만화 리뷰;츠구미 프로젝트 만화 리뷰","공식 Rakuten 대표 상품과 일본 직접 1권 리뷰 본문(https://gomashelf.com/toratsugumi-review/; https://mattarikunblog.com/scaly-thrush/)을 대조했다. 사형수가 핵전쟁 뒤 폐허가 된 구일본을 탐사하며 거대 생물·방사선·부상 위험 속에서 생존하는 극비 임무와, 긴장한 주인공·표정 풍부하고 코믹한 이형의 동료 츠구미 사이의 협력이 핵심임을 확인했다. 한국어 한글명 검색(호랑지빠귀 츠구미 프로젝트 만화 리뷰;츠구미 프로젝트 만화 리뷰)을 수행했지만 직접 KR 본문은 확보하지 못해 URL은 비웠다. Conservative mappings: progression=unknown;problemSolving=2;strategy=2;pacing=2;mysteryReveal=2;worldBuilding=4;characterArcWeight=unknown;relationshipStructure=2;comedy=2;darkness=4;mentalStress=4;romance=0;emotionalWarmth=2. 후반권 소개와 Art 평가는 사용하지 않았다."
"23","work-1ce4c2c1010c1442593d","図書館の主","sliceOfLife","workplace:2:0.90;foundFamily:1:0.74","2","2","unknown","2","unknown","2","2","2","2","0","2","0","4","0.82","Official Rakuten Books representative product for 図書館の主","https://books.rakuten.co.jp/rb/11259597/","2013","2026-08-26","https://booklive.jp/review/list/title_id/204742/vol_no/001;https://ebookstore.sony.jp/review/title/00204742/id/BT000020474200100101/","","도서관의 주인 만화 리뷰;도서관의 주인 1권 리뷰","공식 Rakuten 대표 상품과 일본 직접 1권 리뷰 본문(https://booklive.jp/review/list/title_id/204742/vol_no/001; https://ebookstore.sony.jp/review/title/00204742/id/BT000020474200100101/)을 대조했다. 사서 미코시바가 사설 아동도서관에서 방문자의 고민에 맞는 책을 골라 주고 작은 사건을 해결하며, 아동서의 메시지와 사람들의 사연이 이어지는 치유 일상극이라는 본문을 확인했다. 한국어 한글명 검색(도서관의 주인 만화 리뷰;도서관의 주인 1권 리뷰)을 수행했지만 직접 KR 본문은 확보하지 못해 URL은 비웠다. Conservative mappings: progression=2;problemSolving=2;strategy=unknown;pacing=2;mysteryReveal=unknown;worldBuilding=2;characterArcWeight=2;relationshipStructure=2;comedy=2;darkness=0;mentalStress=2;romance=0;emotionalWarmth=4. Art는 선택 축으로 평가하지 않았다."
"24","work-1cecf966898e6d18439d","雨天決行","fantasy;action","combat:2:0.90","4","2","2","4","2","2","4","2","unknown","2","4","unknown","2","0.84","Official Rakuten Books representative product for 雨天決行","https://books.rakuten.co.jp/rb/12458112/","2014","2026-08-26","https://genbara-k.hatenablog.jp/entry/20141229/1419856205;https://manganou.livedoor.blog/archives/51949751.html","","우천결행 만화 리뷰;우텐켓코 리뷰","공식 Rakuten 대표 상품과 일본 직접 독자 리뷰 본문(https://genbara-k.hatenablog.jp/entry/20141229/1419856205; https://manganou.livedoor.blog/archives/51949751.html)을 대조했다. 비가 반드시 내리는 소년 아마노 코토가 운명의 우산 바즈를 만나 천을 다루는 능력자로 각성하고, 요괴와 싸우며 동료를 지키는 배틀 판타지라는 1권 진입을 확인했다. 일본 독자 글은 연재 중 ‘番傘覚醒’ 전개를 뜨겁다고 평가하고 작품을 카ッコよくて優しいと 요약한다. 한국어 한글명 검색(우천결행 만화 리뷰;우텐켓코 리뷰)을 수행했지만 직접 KR 본문은 확보하지 못해 URL은 비웠다. Conservative mappings: progression=4;problemSolving=2;strategy=2;pacing=4;mysteryReveal=2;worldBuilding=2;characterArcWeight=4;relationshipStructure=2;comedy=unknown;darkness=2;mentalStress=4;romance=unknown;emotionalWarmth=2. Art는 선택 축으로 평가하지 않았다."
"25","work-1d00f523bae2dfe510eb","おぼっちゃまくん","comedy","school:1:0.72","0","0","0","4","0","2","2","2","4","0","0","0","2","0.78","Official Rakuten Books representative product for おぼっちゃまくん","https://books.rakuten.co.jp/rb/717414/","1988","2026-08-26","https://nobuneko.com/blog/archives/2001/12/_1_1.html;https://review.rakuten.co.jp/item/1/213310_11022344/1.1/","","오봇차마군 만화 리뷰;오봇차마군 1권 후기;도련님군 만화 리뷰","초반 1~3권 범위에서 공식 Rakuten 대표 판본과 일본 독립 블로그·구매자 리뷰의 직접 본문을 대조했다. 학교와 교사·친구가 등장하지만 성장 보상이나 추리·전략 없이 차마어와 과장된 부유층 개그가 반복되는 진입부이며, 사회계층 풍자와 고정 인물 관계만 보수적으로 반영했다. 한국어 한글명 검색(오봇차마군 만화 리뷰;오봇차마군 1권 후기;도련님군 만화 리뷰)을 수행했지만 작품별 직접 KR 본문은 확보하지 못해 URL을 비웠다. Conservative mappings: progression=0;problemSolving=0;strategy=0;pacing=4;mysteryReveal=0;worldBuilding=2;characterArcWeight=2;relationshipStructure=2;comedy=4;darkness=0;mentalStress=0;romance=0;emotionalWarmth=2. Art는 선택 축으로 평가하지 않았다."
"26","work-1d191998612dec7bb5ba","チノミ","horror;mystery;fantasy","investigation:2:0.84","2","2","0","0","4","2","2","2","0","4","4","0","unknown","0.82","Official Rakuten Books representative product for チノミ","https://books.rakuten.co.jp/rb/4491113/","2008","2026-08-26","https://honto.jp/ebook/pd-review_0610233560_192.html","","치노미 만화 리뷰;치노미 1권 후기;치노미 1권 리뷰","초반 1~3권 범위에서 공식 Rakuten 대표 판본과 일본 honto 직접 리뷰를 대조하고, 講談社 작품 소개의 ‘피를 먹는 일요일·이상 살인사건·청춘 흡혈귀 스토리’ 설명을 보조 근거로 삼았다. 독자 리뷰가 본편 진입 전 지연과 어두운 분위기를 지적하고 살인·흡혈귀 미스터리의 진입을 확인하므로 추리·비밀 공개와 지속 압박을 채택했다. 한국어 한글명 검색(치노미 만화 리뷰;치노미 1권 후기;치노미 1권 리뷰)을 수행했지만 작품별 직접 KR 본문은 확보하지 못해 URL을 비웠다. Conservative mappings: progression=2;problemSolving=2;strategy=0;pacing=0;mysteryReveal=4;worldBuilding=2;characterArcWeight=2;relationshipStructure=2;comedy=0;darkness=4;mentalStress=4;romance=0. emotionalWarmth는 직접 근거가 없어 unknown으로 유지했다. Art는 선택 축으로 평가하지 않았다."
"27","work-1d65bce561a9770057a6","なにかもちがってますか","scienceFiction;mystery","investigation:1:0.64;school:1:0.62","2","2","unknown","2","2","2","2","2","0","4","4","0","unknown","0.78","Official Rakuten Books representative product for なにかもちがってますか","https://books.rakuten.co.jp/rb/6925850/","2013","2026-08-26","https://ebookstore.sony.jp/review/title/00172523/id/BT000017252300100101","","뭔가 잘못된 것 같아 만화 리뷰;나니카 모치갓테마스카 리뷰;뭔가 잘못된 것 같아 1권 후기","초반 1~3권 범위에서 공식 Rakuten 대표 판본과 Sony Reader Store 1권 직접 리뷰를 대조했다. 초능력을 가진 중학생과 전학생이 살인·정의 문제를 조사하고 학교 밖 위험에 노출되는 설정 소개와, 1권이 설정 설명 중심이며 우울한 전개를 예고한다는 독자 본문을 확인했다. 기존 조사·비밀·초능력 규칙·심리 압박 값에 더해 사건 진입의 진행·일반적 템포, 인물의 도덕적 흔들림과 비연애적 톤을 보수적으로 반영했다. 한국어 한글명 검색(뭔가 잘못된 것 같아 만화 리뷰;나니카 모치갓테마스카 리뷰;뭔가 잘못된 것 같아 1권 후기)을 수행했지만 작품별 직접 KR 본문은 확보하지 못해 URL을 비웠다. Conservative mappings: progression=2;problemSolving=2;pacing=2;mysteryReveal=2;worldBuilding=2;characterArcWeight=2;relationshipStructure=2;comedy=0;darkness=4;mentalStress=4;romance=0. strategy와 emotionalWarmth는 직접 근거가 부족해 unknown으로 유지했다. Art는 선택 축으로 평가하지 않았다."
"28","work-1d7ca9dc1b4e67d8a6bc","三文未来の家庭訪問","scienceFiction;comedy;sliceOfLife","school:2:0.88;workplace:1:0.66","2","2","0","2","2","4","4","4","2","2","4","0","4","0.90","Official Rakuten Books representative product for 三文未来の家庭訪問","https://books.rakuten.co.jp/rb/12249220/","2014","2026-08-26","https://booklive.jp/review/list/title_id/202333/vol_no/001;https://kotetsu.game-waza.net/Entry/15/","","삼문 미래의 가정방문 만화 리뷰;산몬 미라이 카테이호몬 후기;삼문 미래의 가정방문 1권 리뷰","초반 1~3권 범위에서 공식 Rakuten 대표 판본과 BookLive·독립 블로그 직접 본문을 대조했다. 근미래의 유전·법률·세금 제도, 공립학교에 편입한 ‘아이를 낳을 수 있는 남자아이’와 상담원 업무, 차별 속 동급생의 도움을 확인했으며 세 편의 SF 단편과 마지막 유머도 교차했다. 한국어 한글명 검색(삼문 미래의 가정방문 만화 리뷰;산몬 미라이 카테이호몬 후기;삼문 미래의 가정방문 1권 리뷰)을 수행했지만 작품별 직접 KR 본문은 확보하지 못해 URL을 비웠다. Conservative mappings: progression=2;problemSolving=2;strategy=0;pacing=2;mysteryReveal=2;worldBuilding=4;characterArcWeight=4;relationshipStructure=4;comedy=2;darkness=2;mentalStress=4;romance=0;emotionalWarmth=4. Art는 선택 축으로 평가하지 않았다."
"29","work-1d9c4fcacb0b35e9fa5a","みゆき","romance;comedy;sliceOfLife","school:2:0.84","2","0","0","2","0","2","4","4","2","0","2","4","4","0.88","Official Rakuten Books representative product for みゆき","https://books.rakuten.co.jp/rb/9296290/","1982","2026-08-26","https://manga-e.blog/?p=651","","미유키 만화 리뷰;미유키 1권 후기;미유키 아다치 미츠 리뷰","초반 1권 범위에서 공식 Rakuten 대표 판본과 일본 독립 만화 리뷰의 직접 본문을 대조했다. 고교생 와카마쓰 마사토가 혈연 없는 여동생과 동경하던 동급생이라는 두 ‘미유키’ 사이에서 흔들리는 관계, 학교 일상과 말하지 못한 감정의 반복을 확인했다. 한국어 한글명 검색(미유키 만화 리뷰;미유키 1권 후기;미유키 아다치 미츠 리뷰)을 수행했지만 작품별 직접 KR 본문은 확보하지 못해 URL을 비웠다. Conservative mappings: progression=2;problemSolving=0;strategy=0;pacing=2;mysteryReveal=0;worldBuilding=2;characterArcWeight=4;relationshipStructure=4;comedy=2;darkness=0;mentalStress=2;romance=4;emotionalWarmth=4. Art는 선택 축으로 평가하지 않았다."
"30","work-1dc5eed44438268f78cd","あすなろ白書","romance;sliceOfLife","school:2:0.86","2","2","0","2","0","2","2","4","0","0","2","4","2","0.82","Official Rakuten Books representative product for あすなろ白書","https://books.rakuten.co.jp/rb/529489/","1991","2026-08-26","https://booklive.jp/review/list/title_id/183011/vol_no/001","","아스나로 백서 만화 리뷰;아스나로 하쿠쇼 리뷰;아스나로 백서 1권 후기","초반 1~3권 범위에서 공식 Rakuten 대표 판본과 BookLive 1권 직접 리뷰를 대조했다. 육상부 출신 학생이 진로를 바꾸어 예비교에서 여러 친구를 만나고, 대학 진학·우정·첫사랑과 삼각관계가 시작되는 청춘 군상극을 확인했다. 한국어 한글명 검색(아스나로 백서 만화 리뷰;아스나로 하쿠쇼 리뷰;아스나로 백서 1권 후기)을 수행했지만 작품별 직접 KR 본문은 확보하지 못해 URL을 비웠다. Conservative mappings: progression=2;problemSolving=2;strategy=0;pacing=2;mysteryReveal=0;worldBuilding=2;characterArcWeight=2;relationshipStructure=4;comedy=0;darkness=0;mentalStress=2;romance=4;emotionalWarmth=2. Art는 선택 축으로 평가하지 않았다."
"31","work-1e247ae03a8ffdd85abf","2DK、Gペン、目覚まし時計。","romance;sliceOfLife","workplace:2:0.78","2","2","0","2","0","2","4","2","unknown","2","2","4","2","0.84","Official Rakuten Books representative product for 2DK、Gペン、目覚まし時計。","https://books.rakuten.co.jp/rb/13239219/","2017-08-23","2026-08-26","https://squarewheel.jp/comic/2dk-gpen-alarm-clock/","","2DK G펜 알람시계 만화 리뷰;2DK G펜 1권 후기;2DK G펜 리뷰","초반 1~3권 범위에서 공식 Rakuten 대표 판본과 일본 독립 리뷰의 각 권 직접 본문을 대조했다. 유능한 OL과 만화가 지망생의 동거, 직장·생활비·성적 지향을 둘러싼 선택과 두 사람의 관계 변화가 반복됨을 확인했으며, 직장·주거라는 기능적 배경과 혼합된 정서를 반영했다. 한국어 한글명 검색(2DK G펜 알람시계 만화 리뷰;2DK G펜 1권 후기;2DK G펜 리뷰)을 수행했지만 작품별 직접 KR 본문은 확보하지 못해 URL을 비웠다. Conservative mappings: progression=2;problemSolving=2;strategy=0;pacing=2;mysteryReveal=0;worldBuilding=2;characterArcWeight=4;relationshipStructure=2;darkness=2;mentalStress=2;romance=4;emotionalWarmth=2. comedy는 초반 직접 근거가 없어 unknown으로 유지했다. Art는 선택 축으로 평가하지 않았다."
"32","work-1e508cb5384fdea51776","百器徒然袋 鳴釜 薔薇十字探偵の憂鬱","mystery","investigation:2:0.94","unknown","2","unknown","2","4","2","2","2","2","4","2","unknown","unknown","0.82","Official Rakuten Books representative product for 百器徒然袋 鳴釜 薔薇十字探偵の憂鬱","https://books.rakuten.co.jp/rb/6946870/","2012","2026-08-26","https://aki-o1984.hateblo.jp/entry/2025/04/17/180000","","백기 도연낭 나루카마 장미십자 탐정 만화 리뷰;햐쿠키 츠레즈레부쿠로 리뷰;나루카마 탐정 1권 후기","초반 1~3권 범위에서 공식 Rakuten 대표 판본과 일본 독립 리뷰의 첫 사건 직접 본문을 대조했다. 폭력 은폐 사건의 증언·기록을 모아 단서를 풀고 타인의 기억을 보는 이능 탐정이 사건을 파괴적으로 해결하는 구조, 친구와의 고정 관계, 코믹한 템포와 심각한 폭력을 확인했다. 한국어 한글명 검색(백기 도연낭 나루카마 장미십자 탐정 만화 리뷰;햐쿠키 츠레즈레부쿠로 리뷰;나루카마 탐정 1권 후기)을 수행했지만 작품별 직접 KR 본문은 확보하지 못해 URL을 비웠다. Conservative mappings: problemSolving=2;pacing=2;mysteryReveal=4;worldBuilding=2;characterArcWeight=2;relationshipStructure=2;comedy=2;darkness=4;mentalStress=2. progression·strategy·romance·emotionalWarmth는 직접 근거가 부족해 unknown으로 유지했다. Art는 선택 축으로 평가하지 않았다."
"33","work-1ea5908e746ba04ba71b","水木しげるの遠野物語","historical","historicalReconstruction:2:0.96;exploration:1:0.68","0","2","0","2","2","4","0","2","0","4","2","0","2","0.84","Official Rakuten Books representative product for 水木しげるの遠野物語","https://books.rakuten.co.jp/rb/6272716/","2011","2026-08-26","https://news.honzuki.jp/book/11694/review/182948/","","미즈키 시게루의 도노 이야기 만화 리뷰;토오노 모노가타리 만화 리뷰;도노 이야기 1권 후기","초반 1~3권 범위에서 공식 Rakuten 대표 판본과 본이 좋아! 독립 서평의 직접 본문을 대조했다. 119개 민속 설화의 만화화, 도노 지역의 풍습·오키테·자연과 공존하는 생활 지혜, 노인 유기·살인 같은 어두운 인간담 및 후대에 전승되는 가족 이야기를 확인했다. 단편 설화 묶음이라 인물 성장·장기 전략은 두지 않고, 반복되는 문화 규칙과 생활 지혜·기이한 사건·긴장·관계 온기만 보수적으로 반영했다. 한국어 한글명 검색(미즈키 시게루의 도노 이야기 만화 리뷰;토오노 모노가타리 만화 리뷰;도노 이야기 1권 후기)을 수행했지만 작품별 직접 KR 본문은 확보하지 못해 URL을 비웠다. Conservative mappings: progression=0;problemSolving=2;strategy=0;pacing=2;mysteryReveal=2;worldBuilding=4;characterArcWeight=0;relationshipStructure=2;comedy=0;darkness=4;mentalStress=2;romance=0;emotionalWarmth=2. Art는 선택 축으로 평가하지 않았다."
"34","work-1eea4768a5da9d66bba0","シバつき物件","comedy;fantasy;sliceOfLife","foundFamily:2:0.90;school:1:0.62","2","2","0","2","2","2","4","2","4","2","2","unknown","4","0.84","Official Rakuten Books representative product for シバつき物件","https://books.rakuten.co.jp/rb/17944378/","2025-09-18","2026-08-26","https://gemaiki.livedoor.blog/%E3%82%B7%E3%83%90%E3%81%8D%E7%89%A91%E5%B7%BB;https://booklive.jp/review/list/title_id/20098666/vol_no/001","","시바 붙은 집 만화 리뷰;시바츠키 붓켄 1권 후기;시바츠키 붓켄 리뷰","초반 1권 범위에서 공식 Rakuten 대표 판본과 Gemaiki·BookLive의 일본 직접 리뷰를 대조했다. 전학한 고교생이 값싼 사고물건에서 말하는 시바 지박령들과 살며 공동생활 규칙과 개별 사연을 알아가고, 주인공의 마음이 풀리는 변화·반복 개그·가벼운 유령 긴장과 온기를 확인했다. 한국어 한글명 검색(시바 붙은 집 만화 리뷰;시바츠키 붓켄 1권 후기;시바츠키 붓켄 리뷰)을 수행했지만 작품별 직접 KR 본문은 확보하지 못해 URL을 비웠다. Conservative mappings: progression=2;problemSolving=2;strategy=0;pacing=2;mysteryReveal=2;worldBuilding=2;characterArcWeight=4;relationshipStructure=2;comedy=4;darkness=2;mentalStress=2;emotionalWarmth=4. romance는 초반 직접 근거가 없어 unknown으로 유지했다. Art는 선택 축으로 평가하지 않았다."
"35","work-1ef69d214afe688be73e","赫のグリモア","action;fantasy","combat:2:0.95;adventure:1:0.72","2","2","unknown","4","2","4","4","2","0","4","2","0","2","0.88","Official Rakuten Books representative product for 赫のグリモア","https://books.rakuten.co.jp/rb/15771515/","2019-08-22","2026-08-26","https://booklive.jp/review/list/title_id/60012326/vol_no/001;https://aruiha.hatenablog.jp/entry/Comic/AkanoGurimoa/1","","아카노 그리모아 만화 리뷰;붉은 그리모어 만화 후기","공식 Rakuten 상품문구와 초반 1권의 BookLive 독자 리뷰 및 독립 감상을 대조했다. 평범한 중학생 와카바가 조상에게서 마도구와 양관을 물려받고 아카즈키ン과 함께 마녀들의 오래된 전쟁에 휘말리는 다크 판타지다. 마도사·마수의 규칙, 다양한 구현 능력과 전투, 아카즈킨의 진짜 능력에 대한 비밀, 와카바와 마수의 신뢰 형성이 직접 본문에 반복된다. 한국어 한글명 검색(아카노 그리모아 만화 리뷰;붉은 그리모어 만화 후기)을 수행했지만 작품별 직접 KR 본문은 확보하지 못했다. Conservative mappings: progression=2;problemSolving=2;pacing=4;mysteryReveal=2;worldBuilding=4;characterArcWeight=4;relationshipStructure=2;comedy=0;darkness=4;mentalStress=2;romance=0;emotionalWarmth=2. Art는 선택 축으로 평가하지 않았다."
"36","work-1efafafe54ce39bcb83e","総天然色乙女組","comedy;sliceOfLife","school:2:0.96","2","2","0","4","0","2","2","4","4","0","0","2","4","0.88","Official Rakuten Books representative product for 総天然色乙女組","https://books.rakuten.co.jp/rb/5821300/","2009","2026-08-26","https://www.ishiyuri.com/entry/20080913/1221291175;https://www.ishiyuri.com/entry/20090425/1240642559","","총천연색 소녀조 만화 리뷰;소텐넨쇼쿠 오토메구미 후기","공식 Rakuten 상품문구와 1·2권을 직접 다룬 일본 독립 리뷰를 대조했다. 전학생 아카네와 보이시한 아오이, 수수께끼가 많은 미도리의 귀가부 학교 4컷 코미디이며 학내 행사·여름방학·축제 에피소드와 세 사람의 관계가 반복된다. 리뷰는 캐릭터가 선명해 개그가 자연스럽고, 아오이를 둘러싼 가벼운 백합 감정과 따뜻한 분위기를 함께 확인한다. 한국어 한글명 검색(총천연색 소녀조 만화 리뷰;소텐넨쇼쿠 오토메구미 후기)을 수행했지만 작품별 직접 KR 본문은 확보하지 못했다. Conservative mappings: progression=2;problemSolving=2;strategy=0;pacing=4;mysteryReveal=0;worldBuilding=2;characterArcWeight=2;relationshipStructure=4;comedy=4;darkness=0;mentalStress=0;romance=2;emotionalWarmth=4. Art는 선택 축으로 평가하지 않았다."
"37","work-1f2ba6ab6be1c8af18ad","ウランバナ","romance;sliceOfLife","workplace:1:0.60","2","2","0","2","0","2","4","2","2","0","2","4","4","0.82","Official Rakuten Books representative product for ウランバナ","https://books.rakuten.co.jp/rb/6199884/","2010","2026-08-26","https://booklive.jp/product/index/title_id/257937/vol_no/001;https://manba.co.jp/topics/30655/comments/149608;https://www.shueisha.co.jp/books/items/contents.html?jdcn=08865561865561315501","","울란바나 만화 리뷰;우란바나 만화 후기","공식 집영사·Rakuten 상품문구와 BookLive 및 Manba의 작품별 직접 본문을 대조했다. 절 옆 꽃집 딸 사호가 인도 왕자의 소식을 매일 확인하며 짝사랑을 이어가는 단권 로맨틱 코미디로, 꽃집 생활과 선(禪) 사찰 이웃이라는 기능적 배경에서 감정 변화와 관계의 온기가 반복된다. 독립 리뷰는 왕자에 대한 일관된 마음, 일본적 풍경과 여름·꽃·사찰의 분위기, 해피엔딩 대신 무리 없는 결말과 따뜻함을 직접 언급한다. 한국어 한글명 검색(울란바나 만화 리뷰;우란바나 만화 후기)을 수행했지만 작품별 직접 KR 본문은 확보하지 못했다. Conservative mappings: progression=2;problemSolving=2;strategy=0;pacing=2;mysteryReveal=0;worldBuilding=2;characterArcWeight=4;relationshipStructure=2;comedy=2;darkness=0;mentalStress=2;romance=4;emotionalWarmth=4. workplace:1은 꽃집이 주인공의 반복적인 생활 무대라는 보수적 매핑이다. Art는 선택 축으로 평가하지 않았다."
"38","work-1f853c16f6cebca63ffc","学園ベビーシッターズ","comedy;sliceOfLife","foundFamily:2:0.97;school:2:0.92","2","2","0","2","0","2","4","4","4","2","2","0","4","0.94","Official Rakuten Books representative product for 学園ベビーシッターズ","https://books.rakuten.co.jp/rb/6418589/","2011","2026-08-26","https://www.cmoa.jp/title/49380/;https://reviewne.jp/contents/6398","","학원 베이비시터즈 만화 리뷰;학원 베이비시터스 1권 후기","공식 Rakuten 상품문구와 Cmoa 1권 리뷰 및 Reviewne 작품 리뷰를 대조했다. 부모를 잃은 류이치와 어린 동생 코타로가 학교 이사장에게 보호받는 조건으로 교내 보육실 베이비시터부에서 일하며, 아이들의 돌봄·사건과 형제의 의존 학습이 반복된다. 직접 리뷰는 잠깐의 비극 뒤 아이들의 귀여운 소동과 어른·학생·형제의 사랑, 류이치가 혼자 짊어지지 않고 주변에 기대며 성장하는 변화를 확인한다. 한국어 한글명 검색(학원 베이비시터즈 만화 리뷰;학원 베이비시터스 1권 후기)을 수행했지만 작품별 직접 KR 본문은 확보하지 못했다. Conservative mappings: progression=2;problemSolving=2;strategy=0;pacing=2;mysteryReveal=0;worldBuilding=2;characterArcWeight=4;relationshipStructure=4;comedy=4;darkness=2;mentalStress=2;romance=0;emotionalWarmth=4. foundFamily:2와 school:2는 보호받는 형제와 학교 보육실 공동체가 반복 핵심이므로 부여했다. Art는 선택 축으로 평가하지 않았다."
"39","work-1f9cbf84ad0fd7f3897e","きょうのスー","comedy;sliceOfLife","survival:1:0.65","0","2","0","4","0","2","2","4","4","2","2","0","4","0.88","Official Rakuten Books representative product for きょうのスー","https://books.rakuten.co.jp/rb/12813259/","2015","2026-08-26","https://booklive.jp/review/list/title_id/352884/vol_no/001;https://www.cmoa.jp/title/107758/","","오늘의 수 만화 리뷰;오늘의 수 1권 후기","공식 Rakuten 상품문구와 BookLive·Cmoa 1권의 직접 리뷰 본문을 대조했다. 스즈메 스ー와 까마귀·메지로·키지바토 등 주택가의 야생조류가 주인공인 4컷 일상 코미디이며, 종별 성격과 서열·먹이 경쟁·천적 같은 자연의 엄격함을 짧은 에피소드로 반복한다. 리뷰는 새들의 행동을 귀엽고 웃기게 의인화하면서도 먹히거나 먹이를 다투는 생존 조건과 관찰 지식을 함께 설명한다. 한국어 한글명 검색(오늘의 수 만화 리뷰;오늘의 수 1권 후기)을 수행했지만 작품별 직접 KR 본문은 확보하지 못했다. Conservative mappings: progression=0;problemSolving=2;strategy=0;pacing=4;mysteryReveal=0;worldBuilding=2;characterArcWeight=2;relationshipStructure=4;comedy=4;darkness=2;mentalStress=2;romance=0;emotionalWarmth=4. survival:1은 먹이 경쟁·포식 위험이 반복되는 조류 생활 조건에만 보수적으로 적용했다. Art는 선택 축으로 평가하지 않았다."
"40","work-1fa5f2e567aa75de030a","バンビ〜ノ！ SECONDO","sliceOfLife","cooking:2:0.98;workplace:2:0.98","2","4","2","4","0","2","4","4","2","2","4","unknown","2","0.88","Official Rakuten Books representative product for バンビ〜ノ！ SECONDO","https://books.rakuten.co.jp/rb/6138907/","2011","2026-08-26","https://andromemo.blog.jp/archives/7650257.html;https://sanitasclub.com/%E3%83%90%E3%83%B3%E3%83%93%E3%83%BC%E3%83%8Esecondo%E2%91%B4/;https://www.cmoa.jp/title/54464/vol/1/","","밤비노 세콘도 만화 리뷰;밤비노 세컨도 1권 후기","공식 Rakuten 상품과 Cmoa 1권 사용자 리뷰, Sanitas의 1~6화 본문 해설 및 Andromemo의 SECONDO 독서 후기를 대조했다. 전작에서 성장한 반이 요코하마의 새 이탈리안 레스토랑 레가레에서 파스타장으로 일하며, 오픈 초기의 손님 대응·주방 운영·신규 직원과의 갈등을 해결하고 팀을 조직하는 직업 만화다. 직접 본문은 음식과 서비스 운영의 규칙, 업무 압박과 관계 충돌, 빠른 개점 전개를 반복해서 보여 준다. 한국어 한글명 검색(밤비노 세콘도 만화 리뷰;밤비노 세컨도 1권 후기)을 수행했지만 작품별 직접 KR 본문은 확보하지 못했다. Conservative mappings: progression=2;problemSolving=4;strategy=2;pacing=4;mysteryReveal=0;worldBuilding=2;characterArcWeight=4;relationshipStructure=4;comedy=2;darkness=2;mentalStress=4;emotionalWarmth=2. romance는 초반 직접 근거가 부족해 unknown으로 유지했다. Art는 선택 축으로 평가하지 않았다."
"41","work-1fc2f51ba7317524f8ab","水玉ハニーボーイ","comedy;romance;sliceOfLife","school:2:0.92","2","2","0","4","0","2","4","4","4","0","2","4","4","0.90","Official Rakuten Books representative product for 水玉ハニーボーイ","https://books.rakuten.co.jp/rb/12961665/","2016","2026-08-26","https://www.cmoa.jp/title/103771/;https://ameblo.jp/ichigaikotokoto/entry-12116572647.html;https://www.yurindo-izumiblog.jp/archives/54400125.html","","물방울 허니보이 만화 리뷰;미즈타마 허니보이 1권 후기","공식 Rakuten 상품과 Cmoa 1권 리뷰, 일본 독립 블로그 및 서점 서평을 대조했다. 검도부 주장인 사무라이형 여학생 센고쿠 메이와 여자력 높은 오네에계 남학생 후지가 학교에서 만나 서로의 고백·거절과 일상 위기를 반복하는 하이텐션 러브코미디다. 리뷰는 캐릭터의 큰 성격 대비, 후지의 일편단심과 때때로 보이는 남자다움, 메이가 친구와 연인의 차이를 알아 가는 관계 변화를 직접 설명한다. 한국어 한글명 검색(물방울 허니보이 만화 리뷰;미즈타마 허니보이 1권 후기)을 수행했지만 작품별 직접 KR 본문은 확보하지 못했다. Conservative mappings: progression=2;problemSolving=2;strategy=0;pacing=4;mysteryReveal=0;worldBuilding=2;characterArcWeight=4;relationshipStructure=4;comedy=4;darkness=0;mentalStress=2;romance=4;emotionalWarmth=4. school:2는 검도부·고교 생활과 관계 사건이 반복되는 직접 배경이므로 부여했다. Art는 선택 축으로 평가하지 않았다."
"42","work-1fd6cc14c3fd93aa26c0","スローループ","sports;sliceOfLife","foundFamily:2:0.90;school:1:0.65","2","2","unknown","2","unknown","2","4","2","2","2","2","unknown","4","0.82","Official Rakuten Books representative product for スローループ","https://books.rakuten.co.jp/rb/15781483/","2020-08-19","2026-08-26","https://www.kurobook.net/entry/%E3%82%B9%E3%83%AD%E3%83%BC%E3%83%AB%E3%83%BC%E3%83%971;https://blog.s6jr.com/2019-03-12-comic/","","슬로우 루프 만화 리뷰;슬로우루프 낚시 만화 후기","공식 Rakuten 상품과 Kurobook·SDL의 일본 1권 직접 감상을 대조했다. 부모의 재혼으로 자매가 된 히요리와 코하루가 바다 낚시와 학교 생활을 통해 서로의 기술과 생활 방식을 배우고 가족으로 적응하는 느긋한 일상물이다. 두 리뷰는 플라이 낚시 입문과 준비·구조 같은 작은 문제 해결, 새 자매의 관계 변화, 가족·친구의 온기와 가벼운 대화를 반복해서 확인한다. 한국어 한글명 검색(슬로우 루프 만화 리뷰;슬로우루프 낚시 만화 후기)을 수행했지만 작품별 직접 KR 본문은 확보하지 못했다. Conservative mappings: progression=2;problemSolving=2;pacing=2;worldBuilding=2;characterArcWeight=4;relationshipStructure=2;comedy=2;darkness=2;mentalStress=2;emotionalWarmth=4. sportsCompetition은 경기 근거가 없어 제거했고 romance·strategy·mysteryReveal은 초반 직접 근거가 없어 unknown으로 유지했다. Art는 선택 축으로 평가하지 않았다."
"43","work-1ff116a3c975bfb50a03","家族の食卓","sliceOfLife;romance","foundFamily:2:0.96","2","2","0","2","0","2","4","4","0","2","4","2","4","0.88","Official Rakuten Books representative product for 家族の食卓","https://books.rakuten.co.jp/rb/468636/","1991","2026-08-26","https://booklive.jp/review/list/title_id/189101/vol_no/001","","가족의 식탁 만화 리뷰;가족의 식탁 1권 후기","공식 Rakuten 대표 판본과 BookLive 1권의 직접 독자 리뷰 본문을 대조했다. 전처의 아이를 맞이하는 부부와 여러 가족의 육아·교육·인간관계를 다루는 가족 단편집으로, 부모가 불완전한 채 고민하면서도 사랑이 있는 가정을 만들어 가는 과정이 핵심이다. 리뷰는 사별·재혼과 같은 진지한 압박, 부부·부모·아이의 관계 변화, 여러 집안의 군상 구조와 읽고 나서 남는 따뜻함을 직접 설명한다. 한국어 한글명 검색(가족의 식탁 만화 리뷰;가족의 식탁 1권 후기)을 수행했지만 작품별 직접 KR 본문은 확보하지 못했다. Conservative mappings: progression=2;problemSolving=2;strategy=0;pacing=2;mysteryReveal=0;worldBuilding=2;characterArcWeight=4;relationshipStructure=4;comedy=0;darkness=2;mentalStress=4;romance=2;emotionalWarmth=4. foundFamily:2는 혈연·재혼 가족이 서로를 받아들이고 가정을 형성하는 반복 중심에 근거한다. Art는 선택 축으로 평가하지 않았다."
"44","work-200fa8832525f3437678","ラジ娘のひみつ","comedy;sliceOfLife","workplace:2:0.95","2","2","0","4","0","2","4","4","4","0","2","0","4","0.90","Official Rakuten Books representative product for ラジ娘のひみつ","https://books.rakuten.co.jp/rb/12346224/","2014","2026-08-26","https://booklive.jp/review/list/title_id/288961/vol_no/001;https://www.cmoa.jp/title/87584/","","라디오 아가씨의 비밀 만화 리뷰;라지코노 히미츠 만화 후기","공식 Rakuten 상품과 Cmoa 작품 소개 및 BookLive 1권의 직접 독자 리뷰를 대조했다. 도시형 AM 라디오국의 야간 프로그램에서 내성적인 신인 아일리가 마이크 앞에서 독설 캐릭터로 변하는 4컷 직장 코미디다. 방송 교통정보 담당자와의 반복 대화, 온에어 사고와 업계 뒷이야기, 평소와 방송 중 성격의 낙차가 핵심 구조이며 독자들은 캐릭터와 도구가 계속 쌓이는 점을 평가한다. 한국어 한글명 검색(라디오 아가씨의 비밀 만화 리뷰;라지코노 히미츠 만화 후기)을 수행했지만 작품별 직접 KR 본문은 확보하지 못했다. Conservative mappings: progression=2;problemSolving=2;strategy=0;pacing=4;mysteryReveal=0;worldBuilding=2;characterArcWeight=4;relationshipStructure=4;comedy=4;darkness=0;mentalStress=2;romance=0;emotionalWarmth=4. workplace:2는 라디오국·방송 제작이 반복 핵심 무대이므로 부여했다. Art는 선택 축으로 평가하지 않았다."
"45","work-202aaafe7b597ec4e0dd","リクドウ","sports;action","combat:2:0.96;sportsCompetition:2:0.98","4","4","4","4","0","4","4","2","0","4","4","2","2","0.95","Official Rakuten/Naver product + direct Japanese and Korean reader bodies — リクドウ","https://books.rakuten.co.jp/rb/12866121/","2016-02-04","2026-08-26","https://xn--kck4aa4nk081acvh.com/%E3%83%AA%E3%82%AF%E3%83%89%E3%82%A6/","https://www.yes24.com/24/Category/Series/?SeriesNumber=197326","리쿠도 만화 리뷰;리쿠도 복싱 만화 리뷰","초반권과 경기 흐름 관찰: 공식 한일 소개는 학대와 부모의 죽음을 겪은 리쿠가 전직 복서와 만나 링에서 살아갈 길을 찾는 이야기로 확인한다. 일본 직접 리뷰는 피와 얼굴이 일그러지는 사실적 경기, 광기와 헝그리함, 챔피언 목표와 불안, 리쿠와 유키의 관계를 반복해 평가하고 한국어 제목 검색으로 Yes24 직접 독자 리뷰 본문도 확인했다. Conservative mappings: progression=4;problemSolving=4;strategy=4;pacing=4;mysteryReveal=0;worldBuilding=4;characterArcWeight=4;relationshipStructure=2;comedy=0;darkness=4;mentalStress=4;romance=2;emotionalWarmth=2; Genre=sports/action; Theme=combat centrality2, sportsCompetition centrality2. Art optional."
"46","work-203805efecbbb35375c7","蔵人","sliceOfLife","crafting:2:0.96;workplace:2:0.96","4","4","2","4","2","4","4","4","2","2","2","2","4","0.94","Official Rakuten product + direct Japanese review — 蔵人","https://books.rakuten.co.jp/rb/4125084/","2008","2026-08-26","https://sakenomay.hatenablog.com/entry/2021/06/11/221933","","쿠로도 만화 리뷰;쿠라비토 만화 리뷰","초반 1권 중심 관찰: 공식 소개와 Hatena 직접 리뷰는 미국에서 온 클로드의 양조장 재건 꿈, 세츠의 접객 성장, 매출 저하와 거래처 심사, 일본주 제조 지식을 빠르게 엮고 이후 술 제조·쌀 재배·연애와 가족 관계로 확장한다고 설명한다. 엄격한 조언과 실패 압박이 있으나 주변의 응원과 성장이 따뜻하다. Conservative mappings: progression=4;problemSolving=4;strategy=2;pacing=4;mysteryReveal=2;worldBuilding=4;characterArcWeight=4;relationshipStructure=4;comedy=2;darkness=2;mentalStress=2;romance=2;emotionalWarmth=4; Genre=sliceOfLife; Theme=crafting centrality2, workplace centrality2. 한국어 제목 쿠로도·쿠라비토로 검색했으나 직접 한국 커뮤니티 본문은 찾지 못했다. Art optional."
"47","work-209ff48c0b011c1f2ce1","異法人","historical;fantasy;mystery","politics:2:0.86;historicalReconstruction:2:0.82;investigation:1:0.72","2","4","2","4","4","4","4","2","0","4","4","0","2","0.92","Official Rakuten product + direct BookLive reader reviews — 異法人","https://books.rakuten.co.jp/rb/12562430/","2014","2026-08-26","https://booklive.jp/review/list/title_id/240810/vol_no/001","","이법인 만화 리뷰;이호진 만화 리뷰","초반권 관찰: 공식 소개와 BookLive 직접 독자 본문은 정의를 바라는 고교생 앞에 함무라비 왕이 나타나 현대 법 대신 고대 왕의 원칙으로 사건을 판정하며 법의 의미와 선악의 경계를 묻는다고 설명한다. 독자들은 사건별 해결, 왕의 압도감, 무거운 공포와 긴장, 기원의 수수께끼와 현대·고대 규칙 충돌을 강조한다. Conservative mappings: progression=2;problemSolving=4;strategy=2;pacing=4;mysteryReveal=4;worldBuilding=4;characterArcWeight=4;relationshipStructure=2;comedy=0;darkness=4;mentalStress=4;romance=0;emotionalWarmth=2; Genre=historical/fantasy/mystery; Theme=politics centrality2, historicalReconstruction centrality2, investigation centrality1. 한국어 제목 이법인으로 검색했으나 직접 한국 커뮤니티 본문을 찾지 못했다. Art optional."
"48","work-20a897f43b8dc9ecab2a","高校生家族","comedy;sliceOfLife;sports","school:2:0.99;sportsCompetition:1:0.82","2","2","2","4","0","2","4","4","4","0","2","2","4","0.93","Official Rakuten product + direct Cmoa/Note reader bodies — 高校生家族","https://books.rakuten.co.jp/rb/16587615/","2022-08-31","2026-08-26","https://www.cmoa.jp/title/215667/;https://note.com/chainsaw_1735/n/n51a90ed47866","","고교생 가족 만화 리뷰;고등학생 가족 만화 리뷰","초반권과 시리즈 성격 관찰: 공식 소개와 Cmoa·Note 직접 본문은 아들만 입학할 줄 알았던 고등학교에 부모·여동생·고양이까지 가족 전체가 들어가는 초현실 설정을 일상 반응으로 웃기며 각자의 동아리와 청춘을 다시 살아가는 이야기라고 평가한다. 배구 등 부활동은 뜨겁고 가족·친구를 생각하는 따뜻한 회차와 점진적 성장이 함께 간다. Conservative mappings: progression=2;problemSolving=2;strategy=2;pacing=4;mysteryReveal=0;worldBuilding=2;characterArcWeight=4;relationshipStructure=4;comedy=4;darkness=0;mentalStress=2;romance=2;emotionalWarmth=4; Genre=comedy/sliceOfLife/sports; Theme=school centrality2, sportsCompetition centrality1. 한국어 제목 고교생 가족·고등학생 가족으로 검색했으나 직접 한국 커뮤니티 본문은 찾지 못했다. Art optional."
"49","work-20cc795ddb729a1e2b53","五色の舟","historical;scienceFiction;fantasy","historicalReconstruction:2:0.96;exploration:2:0.82;foundFamily:2:0.98","4","2","2","4","4","4","4","4","0","4","4","2","4","0.95","Official Rakuten product + direct Japanese reader reviews — 五色の舟","https://books.rakuten.co.jp/rb/12663246/","2014","2026-08-26","https://www.cmoa.jp/title/customer_review/title_id/83166/?site_kbn=1;https://booklive.jp/review/list/title_id/256326/vol_no/001;https://www.akirainhope.com/entry/2023/02/08/165216","","오색의 배 만화 리뷰;고쇼쿠노 후네 리뷰","단권 전체 관찰: 공식 소개와 Cmoa·BookLive·독립 리뷰 본문은 전쟁 말기 배에서 사는 비혈연 흥행 가족이 미래를 예언하는 쿠단을 찾아 나서며 다른 가능 세계와 가족의 운명을 마주하는 8화 구성이라고 설명한다. 전쟁과 원폭의 공포, 섬뜩한 예언과 상실이 강하지만 가족애와 새로운 삶의 온기가 깊게 남는다. Conservative mappings: progression=4;problemSolving=2;strategy=2;pacing=4;mysteryReveal=4;worldBuilding=4;characterArcWeight=4;relationshipStructure=4;comedy=0;darkness=4;mentalStress=4;romance=2;emotionalWarmth=4; Genre=historical/scienceFiction/fantasy; Theme=historicalReconstruction centrality2, exploration centrality2, foundFamily centrality2. 한국어 제목 오색의 배로 검색했으나 직접 한국 커뮤니티 본문은 찾지 못했다. Art optional."
"50","work-213e1ded93227144f197","春風のスネグラチカ","historical;romance;mystery","historicalReconstruction:2:0.96;politics:1:0.78;investigation:2:0.92","4","4","4","4","4","4","4","2","0","4","4","4","2","0.96","Official Rakuten product + direct Japanese reader reviews — 春風のスネグラチカ","https://books.rakuten.co.jp/rb/12818880/","2014","2026-08-26","https://haibiru5.hatenadiary.org/entry/20140712/1405171021;https://www.cmoa.jp/title/customer_review/title_id/81315/","","봄바람의 스네그라치카 만화 리뷰;하루카제노 스네그라치카 리뷰","단권 전체 관찰: 공식 소개와 Hatena·Cmoa 직접 독자 본문은 1933년 소련에서 휠체어 소녀와 외눈의 수행자가 기묘한 내기와 목적을 실행하고 로마노프가·라스푸틴·혁명의 진실이 한 겹씩 벗겨지며 상실과 탈환의 숙명이 수렴하는 역사 로맨스 미스터리라고 설명한다. 영화적 밀도, 강한 긴장과 어둠, 두 사람의 상호 의존이 핵심이다. Conservative mappings: progression=4;problemSolving=4;strategy=4;pacing=4;mysteryReveal=4;worldBuilding=4;characterArcWeight=4;relationshipStructure=2;comedy=0;darkness=4;mentalStress=4;romance=4;emotionalWarmth=2; Genre=historical/romance/mystery; Theme=historicalReconstruction centrality2, politics centrality1, investigation centrality2. 한국어 제목 봄바람의 스네그라치카로 검색했으나 직접 한국 커뮤니티 본문은 찾지 못했다. Art optional."
