position,workId,canonicalTitle,narrativeKnown,narrativeExpected,toneKnown,toneExpected,artKnown,artExpected,artPageRefs,sceneContexts,motionReference,artSourceFile,existingContextResearchRow,existingSceneContextMap,comparison,reviewedByHuman,notes
3,work-0f3a44f5dcab9623d1be,応天の門,4,6,5,7,3,4,kurage-page-666;kurage-page-674;kurage-page-682;kurage-page-690;kurage-page-698;kurage-page-703,"outdoor movement;indoor characters;Heian-kyō architecture;multi-person dialogue",none,data/staging/catalog-expansion/batches/batch-004/art-preflight/chunk-01/recovery-pos03-preflight.csv,missing,missing,missing-from-existing-overlay;recovery preflight supplies four distinct contexts,false,recovery preflight and final Art rows are the authoritative source
14,work-2d385ad0525742330e70,ねずみの初恋,4,6,6,7,3,4,reader-page-P0008@IB_TxaSt.jpg;reader-step-11;reader-step-15;reader-step-19;reader-step-23;reader-step-27,"school and store;food interaction;apartment kitchen thriller",none,data/staging/catalog-expansion/batches/batch-004/art-preflight/chunk-02/preflight.csv,present,present,existing overlay scene map omits thriller from the current Art preflight third context,false,existing row supplies recommendation volume context; scene map is present but not an exact current Art context match
17,work-3713ab561de583d709bc,アリスと蔵六,4,6,5,7,3,4,page-05;page-15;page-25;page-35;page-45;page-55,"city street;convenience store;home restaurant",none,data/staging/catalog-expansion/batches/batch-004/art-preflight/chunk-02/preflight.csv,present,present,existing overlay scene map matches Art preflight wording,false,existing row supplies recommendation volume context; scene map already has the same seed
20,work-44d0000353478596369e,環と周,4,6,5,7,3,4,reader-step-10;reader-step-12;reader-step-14;reader-step-18;reader-step-22;reader-step-26,"apartment family;workplace;restaurant group",none,data/staging/catalog-expansion/batches/batch-004/art-preflight/chunk-02/preflight.csv,present,present,existing overlay scene map matches Art preflight wording,false,existing row supplies recommendation volume context; scene map already has the same seed
21,work-53fb816835ab36e40a1f,アンデッドアンラック,4,6,5,7,3,4,shueisha-vol2-adr08;shueisha-vol2-adr12;shueisha-vol2-adr14;shueisha-vol2-adr16;shueisha-vol3-adr16;shueisha-vol3-adr18,"vol2 barrier battle and aftermath exchange;vol3 outdoor confrontation and battle",none,data/staging/catalog-expansion/batches/batch-004/art-preflight/chunk-03/recovery-pos21-preflight.csv,missing,missing,missing-from-existing-overlay;recovery preflight supplies two distinct contexts,false,recovery preflight and final Art rows are the authoritative source
43,work-d8a87d01c1f35d58e791,八雲さんは餌づけがしたい。,4,6,5,7,3,4,episode-01-page-005;episode-01-page-006;episode-01-page-007;episode-01-page-008;episode-01-page-009;episode-01-page-010,"apartment entry/hallway;kitchen/dining meal interaction",none,data/staging/catalog-expansion/batches/batch-004/art-preflight/chunk-05/preflight.csv,missing,missing,missing-from-existing-overlay;preflight supplies two distinct contexts,false,Art preflight and final Art rows are the authoritative source
44,work-e2f095e08fc5e08d5a2b,高嶺と花,4,6,5,7,3,4,hakusensha-reader-page-07;hakusensha-reader-page-09;hakusensha-reader-page-11;hakusensha-reader-page-13;hakusensha-reader-page-15;hakusensha-reader-page-17,"formal meeting;school/transit;restaurant/home-preparation",none,data/staging/catalog-expansion/batches/batch-004/art-preflight/chunk-05/recovery-pos44-preflight.csv,missing,missing,missing-from-existing-overlay;final recovery adjudication supplies three distinct contexts,false,final recovery adjudication and aggregate final Art rows are the authoritative source
47,work-f8cb26831612e0c6ece5,極楽街,4,6,5,7,3,4,reader-page-05;reader-page-09;reader-page-13;reader-page-14;reader-page-15;reader-page-19,"office and urban streets;interior action",none,data/staging/catalog-expansion/batches/batch-004/art-preflight/chunk-05/preflight.csv,missing,missing,"missing-from-existing-overlay;preflight supplies three context groups including office, streets, and interior action",false,Art preflight and final Art rows are the authoritative source
49,work-fd2a957c501c36047ed0,青の祓魔師,4,6,5,7,3,4,reader-page-08;reader-page-09;reader-page-13;reader-page-14;reader-page-15;reader-page-19,"supernatural threat;town and interior group",none,data/staging/catalog-expansion/batches/batch-004/art-preflight/chunk-05/preflight.csv,missing,missing,missing-from-existing-overlay;preflight supplies two distinct context groups,false,Art preflight and final Art rows are the authoritative source
