candidateId,safetyStatus,evidenceName,evidenceUrl,evidencePublishedAt,retrievedAt,reviewedAt,notes
candidate-060a72fe10cf6ba9cbfc,safe,マンガ大賞実行委員会 mainstream selection + Rakuten Books manga category,https://www.mangataisho.com/archives/2008.html,2008,2026-08-22,2026-08-22,No explicit adult/TL marker in matched source or product; Rakuten booksGenreId=001001012; rakutenProductUrl=https://books.rakuten.co.jp/rb/4141702/.
candidate-076beb86f844b642beef,safe,マンガ大賞実行委員会 mainstream selection + Rakuten Books manga category,https://www.mangataisho.com/archives/2014.html,2014,2026-08-22,2026-08-22,No explicit adult/TL marker in matched source or product; Rakuten booksGenreId=001001003009; rakutenProductUrl=https://books.rakuten.co.jp/rb/12127748/.
candidate-091d231d37f037fb07e8,safe,マンガ大賞実行委員会 mainstream selection + Rakuten Books manga category,https://www.mangataisho.com/archives/2014.html,2014,2026-08-22,2026-08-22,No explicit adult/TL marker in matched source or product; Rakuten booksGenreId=001001003004; rakutenProductUrl=https://books.rakuten.co.jp/rb/12443114/.
candidate-0cf463005cc77eeded8e,safe,KADOKAWA「次にくるマンガ大賞」 mainstream selection + Rakuten Books manga category,https://tsugimanga.jp/winner/2023/comics,2023-08-31,2026-08-22,2026-08-22,No explicit adult/TL marker in matched source or product; Rakuten booksGenreId=001001001002; rakutenProductUrl=https://books.rakuten.co.jp/rb/17124585/.
candidate-0d1ad77728a44df56508,safe,KADOKAWA「次にくるマンガ大賞」 mainstream selection + Rakuten Books manga category,https://tsugimanga.jp/winner/2015/comics,2015-02-06,2026-08-22,2026-08-22,No explicit adult/TL marker in matched source or product; Rakuten booksGenreId=001001003044; rakutenProductUrl=https://books.rakuten.co.jp/rb/12906514/.
candidate-0dabd1d17e5fcf2992b9,safe,KADOKAWA「次にくるマンガ大賞」 mainstream selection + Rakuten Books manga category,https://tsugimanga.jp/winner/2016/comics,2016-02-04,2026-08-22,2026-08-22,No explicit adult/TL marker in matched source or product; Rakuten booksGenreId=001001003009; rakutenProductUrl=https://books.rakuten.co.jp/rb/12992475/.
candidate-0ebf010ac12b9b60d80e,safe,マンガ大賞実行委員会 mainstream selection + Rakuten Books manga category,https://www.mangataisho.com/archives/2008.html,2008,2026-08-22,2026-08-22,No explicit adult/TL marker in matched source or product; Rakuten booksGenreId=001001012; rakutenProductUrl=https://books.rakuten.co.jp/rb/5977527/.
candidate-0ede6921b81169dc2dda,safe,KADOKAWA「次にくるマンガ大賞」 mainstream selection + Rakuten Books manga category,https://tsugimanga.jp/winner/2017/comics,2017-08-23,2026-08-22,2026-08-22,No explicit adult/TL marker in matched source or product; Rakuten booksGenreId=001001001006; rakutenProductUrl=https://books.rakuten.co.jp/rb/14596035/.
candidate-0eff8190c0c6ff604527,safe,マンガ大賞実行委員会 mainstream selection + Rakuten Books manga category,https://www.mangataisho.com/archives/2013.html,2013,2026-08-22,2026-08-22,No explicit adult/TL marker in matched source or product; Rakuten booksGenreId=001001003041; rakutenProductUrl=https://books.rakuten.co.jp/rb/6918263/.
candidate-12b484cd79bfe6852ea1,safe,マンガ大賞実行委員会 mainstream selection + Rakuten Books manga category,https://www.mangataisho.com/archives/2010.html,2010,2026-08-22,2026-08-22,No explicit adult/TL marker in matched source or product; Rakuten booksGenreId=001001003009; rakutenProductUrl=https://books.rakuten.co.jp/rb/6043463/.
candidate-151b456508f78852b002,safe,マンガ大賞実行委員会 mainstream selection + Rakuten Books manga category,https://www.mangataisho.com/archives/2008.html,2008,2026-08-22,2026-08-22,No explicit adult/TL marker in matched source or product; Rakuten booksGenreId=001001003039; rakutenProductUrl=https://books.rakuten.co.jp/rb/4148972/.
candidate-1550d4a52c3fe6d9f94c,safe,マンガ大賞実行委員会 mainstream selection + Rakuten Books manga category,https://www.mangataisho.com/archives/2010.html,2010,2026-08-22,2026-08-22,No explicit adult/TL marker in matched source or product; Rakuten booksGenreId=001001002024; rakutenProductUrl=https://books.rakuten.co.jp/rb/5952822/.
candidate-15d6508605fbd4a266fc,safe,マンガ大賞実行委員会 mainstream selection + Rakuten Books manga category,https://www.mangataisho.com/archives/2008.html,2008,2026-08-22,2026-08-22,No explicit adult/TL marker in matched source or product; Rakuten booksGenreId=001001012; rakutenProductUrl=https://books.rakuten.co.jp/rb/4262048/.
candidate-18e08fe95968a6537773,safe,KADOKAWA「次にくるマンガ大賞」 mainstream selection + Rakuten Books manga category,https://tsugimanga.jp/winner/2023/comics,2023-08-31,2026-08-22,2026-08-22,No explicit adult/TL marker in matched source or product; Rakuten booksGenreId=001001012/001001003010; rakutenProductUrl=https://books.rakuten.co.jp/rb/16722608/.
candidate-19b578d0e828242f14f3,safe,マンガ大賞実行委員会 mainstream selection + Rakuten Books manga category,https://www.mangataisho.com/archives/2009.html,2009,2026-08-22,2026-08-22,No explicit adult/TL marker in matched source or product; Rakuten booksGenreId=001001003035; rakutenProductUrl=https://books.rakuten.co.jp/rb/5402451/.
candidate-1b3afe12c434a9cf7603,safe,マンガ大賞実行委員会 mainstream selection + Rakuten Books manga category,https://www.mangataisho.com/archives/2013.html,2013,2026-08-22,2026-08-22,No explicit adult/TL marker in matched source or product; Rakuten booksGenreId=001001012; rakutenProductUrl=https://books.rakuten.co.jp/rb/6946942/.
candidate-1b7c4ed54d7761cd242b,safe,マンガ大賞実行委員会 mainstream selection + Rakuten Books manga category,https://www.mangataisho.com/archives/2009.html,2009,2026-08-22,2026-08-22,No explicit adult/TL marker in matched source or product; Rakuten booksGenreId=001001012; rakutenProductUrl=https://books.rakuten.co.jp/rb/4347827/.
candidate-1bce95b6c02673e59bcf,safe,マンガ大賞実行委員会 mainstream selection + Rakuten Books manga category,https://www.mangataisho.com/archives/2014.html,2014,2026-08-22,2026-08-22,No explicit adult/TL marker in matched source or product; Rakuten booksGenreId=001001003009; rakutenProductUrl=https://books.rakuten.co.jp/rb/12504388/.
candidate-1d5a3158e78e639f1973,safe,マンガ大賞実行委員会 mainstream selection + Rakuten Books manga category,https://www.mangataisho.com/archives/2012.html,2012,2026-08-22,2026-08-22,No explicit adult/TL marker in matched source or product; Rakuten booksGenreId=001001003004; rakutenProductUrl=https://books.rakuten.co.jp/rb/6264606/.
candidate-1e9c4852863a22bba058,safe,KADOKAWA「次にくるマンガ大賞」 mainstream selection + Rakuten Books manga category,https://tsugimanga.jp/winner/2015/comics,2015-02-06,2026-08-22,2026-08-22,No explicit adult/TL marker in matched source or product; Rakuten booksGenreId=001001001006; rakutenProductUrl=https://books.rakuten.co.jp/rb/12724192/.
candidate-1ec3d48e64b228bb8a92,safe,マンガ大賞実行委員会 mainstream selection + Rakuten Books manga category,https://www.mangataisho.com/archives/2010.html,2010,2026-08-22,2026-08-22,No explicit adult/TL marker in matched source or product; Rakuten booksGenreId=001001004006/001001002008; rakutenProductUrl=https://books.rakuten.co.jp/rb/5979544/.
candidate-238c04ae3a3a61451078,safe,マンガ大賞実行委員会 mainstream selection + Rakuten Books manga category,https://www.mangataisho.com/archives/2011.html,2011,2026-08-22,2026-08-22,No explicit adult/TL marker in matched source or product; Rakuten booksGenreId=001001001002; rakutenProductUrl=https://books.rakuten.co.jp/rb/6483933/.
candidate-43ebf010a490cfd4bb50,safe,マンガ大賞実行委員会 mainstream selection + Rakuten Books manga category,https://www.mangataisho.com/archives/2013.html,2013,2026-08-22,2026-08-22,No explicit adult/TL marker in matched source or product; Rakuten booksGenreId=001001012; rakutenProductUrl=https://books.rakuten.co.jp/rb/11734344/.
candidate-4b4bbe8c10859c46e726,safe,マンガ大賞実行委員会 mainstream selection + Rakuten Books manga category,https://www.mangataisho.com/archives/2009.html,2009,2026-08-22,2026-08-22,No explicit adult/TL marker in matched source or product; Rakuten booksGenreId=001001003015; rakutenProductUrl=https://books.rakuten.co.jp/rb/5719580/.
candidate-5ad62e6413f67d351f1d,safe,マンガ大賞実行委員会 mainstream selection + Rakuten Books manga category,https://www.mangataisho.com/archives/2011.html,2011,2026-08-22,2026-08-22,No explicit adult/TL marker in matched source or product; Rakuten booksGenreId=001001003049/001001003017; rakutenProductUrl=https://books.rakuten.co.jp/rb/6243302/.
candidate-5b7cf2105a4bc6f6b46c,safe,KADOKAWA「次にくるマンガ大賞」 mainstream selection + Rakuten Books manga category,https://tsugimanga.jp/winner/2015/comics,2015-02-06,2026-08-22,2026-08-22,No explicit adult/TL marker in matched source or product; Rakuten booksGenreId=001001012; rakutenProductUrl=https://books.rakuten.co.jp/rb/12550138/.
candidate-5e30ab3c7e3fb43e51f2,safe,マンガ大賞実行委員会 mainstream selection + Rakuten Books manga category,https://www.mangataisho.com/archives/2011.html,2011,2026-08-22,2026-08-22,No explicit adult/TL marker in matched source or product; Rakuten booksGenreId=001001004006/001001002008; rakutenProductUrl=https://books.rakuten.co.jp/rb/5807326/.
candidate-62fb5d8e9f6c6bbbeba9,safe,マンガ大賞実行委員会 mainstream selection + Rakuten Books manga category,https://www.mangataisho.com/archives/2012.html,2012,2026-08-22,2026-08-22,No explicit adult/TL marker in matched source or product; Rakuten booksGenreId=001001003046; rakutenProductUrl=https://books.rakuten.co.jp/rb/11364746/.
candidate-6c6341781c12b590864f,safe,マンガ大賞実行委員会 mainstream selection + Rakuten Books manga category,https://www.mangataisho.com/archives/2012.html,2012,2026-08-22,2026-08-22,No explicit adult/TL marker in matched source or product; Rakuten booksGenreId=001001003048; rakutenProductUrl=https://books.rakuten.co.jp/rb/11358074/.
candidate-77008e04537e3fd889e2,safe,マンガ大賞実行委員会 mainstream selection + Rakuten Books manga category,https://www.mangataisho.com/archives/2012.html,2012,2026-08-22,2026-08-22,No explicit adult/TL marker in matched source or product; Rakuten booksGenreId=001001001008; rakutenProductUrl=https://books.rakuten.co.jp/rb/11466082/.
candidate-79c18b26dfde8a532f73,safe,マンガ大賞実行委員会 mainstream selection + Rakuten Books manga category,https://www.mangataisho.com/archives/2013.html,2013,2026-08-22,2026-08-22,No explicit adult/TL marker in matched source or product; Rakuten booksGenreId=001001003039; rakutenProductUrl=https://books.rakuten.co.jp/rb/11903717/.
candidate-7b6eb2b48ac06ffa26eb,safe,マンガ大賞実行委員会 mainstream selection + Rakuten Books manga category,https://www.mangataisho.com/archives/2012.html,2012,2026-08-22,2026-08-22,No explicit adult/TL marker in matched source or product; Rakuten booksGenreId=001001004006/001001002008; rakutenProductUrl=https://books.rakuten.co.jp/rb/11322076/.
candidate-8037856e7703fdaf4324,safe,マンガ大賞実行委員会 mainstream selection + Rakuten Books manga category,https://www.mangataisho.com/archives/2008.html,2008,2026-08-22,2026-08-22,No explicit adult/TL marker in matched source or product; Rakuten booksGenreId=001001003059; rakutenProductUrl=https://books.rakuten.co.jp/rb/4424337/.
candidate-88cb26a0229ad7b83263,safe,マンガ大賞実行委員会 mainstream selection + Rakuten Books manga category,https://www.mangataisho.com/archives/2022.html,2022,2026-08-22,2026-08-22,No explicit adult/TL marker in matched source or product; Rakuten booksGenreId=001001003009; rakutenProductUrl=https://books.rakuten.co.jp/rb/16827733/.
candidate-8a7846af8ead1797e6a2,safe,マンガ大賞実行委員会 mainstream selection + Rakuten Books manga category,https://www.mangataisho.com/archives/2013.html,2013,2026-08-22,2026-08-22,No explicit adult/TL marker in matched source or product; Rakuten booksGenreId=001001001002; rakutenProductUrl=https://books.rakuten.co.jp/rb/11509569/.
candidate-8ff141505b0a27f8d630,safe,マンガ大賞実行委員会 mainstream selection + Rakuten Books manga category,https://www.mangataisho.com/archives/2011.html,2011,2026-08-22,2026-08-22,No explicit adult/TL marker in matched source or product; Rakuten booksGenreId=001001003041; rakutenProductUrl=https://books.rakuten.co.jp/rb/6272735/.
candidate-982bb79e03193ebbafcd,safe,マンガ大賞実行委員会 mainstream selection + Rakuten Books manga category,https://www.mangataisho.com/archives/2009.html,2009,2026-08-22,2026-08-22,No explicit adult/TL marker in matched source or product; Rakuten booksGenreId=001001012/001010002001; rakutenProductUrl=https://books.rakuten.co.jp/rb/5878736/.
candidate-9e98119539f60465ce66,safe,マンガ大賞実行委員会 mainstream selection + Rakuten Books manga category,https://www.mangataisho.com/archives/2012.html,2012,2026-08-22,2026-08-22,No explicit adult/TL marker in matched source or product; Rakuten booksGenreId=001001003049/001001003017; rakutenProductUrl=https://books.rakuten.co.jp/rb/11141971/.
candidate-aa6018249b7fe7e92d95,safe,マンガ大賞実行委員会 mainstream selection + Rakuten Books manga category,https://www.mangataisho.com/archives/2008.html,2008,2026-08-22,2026-08-22,No explicit adult/TL marker in matched source or product; Rakuten booksGenreId=001001003044; rakutenProductUrl=https://books.rakuten.co.jp/rb/4358809/.
candidate-ab9331f7fed1990f7dc6,safe,マンガ大賞実行委員会 mainstream selection + Rakuten Books manga category,https://www.mangataisho.com/archives/2012.html,2012,2026-08-22,2026-08-22,No explicit adult/TL marker in matched source or product; Rakuten booksGenreId=001001002011; rakutenProductUrl=https://books.rakuten.co.jp/rb/11155006/.
candidate-c50ea94bb66f72c679a2,safe,マンガ大賞実行委員会 mainstream selection + Rakuten Books manga category,https://www.mangataisho.com/archives/2013.html,2013,2026-08-22,2026-08-22,No explicit adult/TL marker in matched source or product; Rakuten booksGenreId=001001003009; rakutenProductUrl=https://books.rakuten.co.jp/rb/11754443/.
candidate-c7e065f61bb7a176ee56,safe,マンガ大賞実行委員会 mainstream selection + Rakuten Books manga category,https://www.mangataisho.com/archives/2008.html,2008,2026-08-22,2026-08-22,No explicit adult/TL marker in matched source or product; Rakuten booksGenreId=001001003015; rakutenProductUrl=https://books.rakuten.co.jp/rb/4016940/.
candidate-c8243866b7c8a6d9a2f8,safe,マンガ大賞実行委員会 mainstream selection + Rakuten Books manga category,https://www.mangataisho.com/archives/2008.html,2008,2026-08-22,2026-08-22,No explicit adult/TL marker in matched source or product; Rakuten booksGenreId=001001004006/001001002008; rakutenProductUrl=https://books.rakuten.co.jp/rb/5237198/.
candidate-db4a0ec451d7f4ffd8b8,safe,マンガ大賞実行委員会 mainstream selection + Rakuten Books manga category,https://www.mangataisho.com/archives/2008.html,2008,2026-08-22,2026-08-22,No explicit adult/TL marker in matched source or product; Rakuten booksGenreId=001001002009; rakutenProductUrl=https://books.rakuten.co.jp/rb/4043309/.
candidate-e658d3aee2e33c17aa38,safe,KADOKAWA「次にくるマンガ大賞」 mainstream selection + Rakuten Books manga category,https://tsugimanga.jp/winner/2015/comics,2015-02-06,2026-08-22,2026-08-22,No explicit adult/TL marker in matched source or product; Rakuten booksGenreId=001001003049/001001003017; rakutenProductUrl=https://books.rakuten.co.jp/rb/12086390/.
candidate-e906b3eaa9ef9eafe23c,safe,KADOKAWA「次にくるマンガ大賞」 mainstream selection + Rakuten Books manga category,https://tsugimanga.jp/winner/2021/comics,2021-08-24,2026-08-22,2026-08-22,No explicit adult/TL marker in matched source or product; Rakuten booksGenreId=001001003009; rakutenProductUrl=https://books.rakuten.co.jp/rb/16623822/.
candidate-f31a42ea4ad724acefa5,safe,KADOKAWA「次にくるマンガ大賞」 mainstream selection + Rakuten Books manga category,https://tsugimanga.jp/winner/2015/comics,2015-02-06,2026-08-22,2026-08-22,No explicit adult/TL marker in matched source or product; Rakuten booksGenreId=001001003009; rakutenProductUrl=https://books.rakuten.co.jp/rb/12865834/.
candidate-f4bfc29a5e0a9b5148d0,safe,KADOKAWA「次にくるマンガ大賞」 mainstream selection + Rakuten Books manga category,https://tsugimanga.jp/winner/2015/comics,2015-02-06,2026-08-22,2026-08-22,No explicit adult/TL marker in matched source or product; Rakuten booksGenreId=001001003015; rakutenProductUrl=https://books.rakuten.co.jp/rb/12722302/.
candidate-fb89f119251610cf1648,safe,マンガ大賞実行委員会 mainstream selection + Rakuten Books manga category,https://www.mangataisho.com/archives/2012.html,2012,2026-08-22,2026-08-22,No explicit adult/TL marker in matched source or product; Rakuten booksGenreId=001001001008; rakutenProductUrl=https://books.rakuten.co.jp/rb/6863210/.
candidate-fe35a5f01946f5153eb4,safe,マンガ大賞実行委員会 mainstream selection + Rakuten Books manga category,https://www.mangataisho.com/archives/2010.html,2010,2026-08-22,2026-08-22,No explicit adult/TL marker in matched source or product; Rakuten booksGenreId=001001003009; rakutenProductUrl=https://books.rakuten.co.jp/rb/5998188/.
