id,workId,targetType,targetId,sourceType,sourceUrl,fetchedAt,extractorVersion,reviewedByHuman,confidence,notes
ev-dungeon-meshi,dungeon-meshi,work,dungeon-meshi,model,https://www.kadokawa.co.jp/product/301411000826/,2026-08-11T01:06:18+09:00,seed-annotation-panel-v1,false,0.90,KADOKAWA 1~3권 서지와 공식 제1화를 초반 범위로 대조한 모델 초벌 주석
ev-kingdom,kingdom,work,kingdom,model,https://www.s-manga.net/items/contents.html?isbn=4-08-877079-X,2026-08-11T01:06:18+09:00,seed-annotation-panel-v1,false,0.92,集英社 1~3권 소개와 공식 미리보기를 초반 범위로 대조한 모델 초벌 주석
ev-fullmetal-alchemist,fullmetal-alchemist,work,fullmetal-alchemist,model,https://magazine.jp.square-enix.com/top/comics/detail/9784757506206/,2026-08-11T01:06:18+09:00,seed-annotation-panel-v1,false,0.92,SQUARE ENIX 1~3권 소개와 공식 제1화를 초반 범위로 대조한 모델 초벌 주석
ev-death-note,death-note,work,death-note,model,https://www.s-manga.net/items/contents.html?isbn=4088736214,2026-08-11T01:06:18+09:00,seed-annotation-panel-v1,false,0.93,集英社 1~3권 소개와 공식 미리보기를 초반 범위로 대조한 모델 초벌 주석
ev-spy-family,spy-family,work,spy-family,model,https://www.s-manga.net/items/contents.html?isbn=978-4-08-882011-8,2026-08-11T01:06:18+09:00,seed-annotation-panel-v1,false,0.91,集英社 1~3권 소개와 공식 미리보기를 초반 범위로 대조하고 motionImpact는 unknown으로 유지한 모델 초벌 주석
ev-frieren,frieren,work,frieren,model,https://shogakukan-comic.jp/book?isbn=9784098501809,2026-08-11T01:30:00+09:00,seed-annotation-panel-v1,false,0.92,小学館 1~3권과 공식 미리보기를 대조하고 romance는 unknown으로 유지한 모델 초벌 주석
ev-chainsaw-man,chainsaw-man,work,chainsaw-man,model,https://books.shueisha.co.jp/items/contents.html?isbn=978-4-08-881780-4,2026-08-11T01:30:00+09:00,seed-annotation-panel-v1,false,0.96,集英社 1~3권과 공식 제1화를 초반 범위로 대조한 모델 초벌 주석
ev-blue-lock,blue-lock,work,blue-lock,model,https://www.kodansha.co.jp/r/comic/product?item=0000314505,2026-08-11T01:30:00+09:00,seed-annotation-panel-v1,false,0.96,講談社 1~3권과 マガポケ 공식 제1화를 초반 범위로 대조한 모델 초벌 주석
ev-monster,monster,work,monster,model,https://shogakukan-comic.jp/book?isbn=9784091817907,2026-08-11T01:30:00+09:00,seed-annotation-panel-v1,false,0.95,小学館 현행 완전판과 공식 미리보기 및 楽天 원판 서지를 대조한 모델 초벌 주석
ev-yotsuba-to,yotsuba-to,work,yotsuba-to,model,https://www.kadokawa.co.jp/product/312171800000/,2026-08-11T01:30:00+09:00,seed-annotation-panel-v1,false,0.95,KADOKAWA 1권과 공식 제1화를 대조하고 demographic은 unknown으로 유지한 모델 초벌 주석
ev-blame,blame,work,blame,model,https://www.kodansha.co.jp/comic/products/0000030097,2026-08-11T01:41:44+09:00,seed-annotation-panel-v1,false,0.94,講談社 1권 서지와 コミックDAYS 공식 LOG.1 미리보기를 초반 1~3권 범위로 대조한 모델 초벌 주석
ev-one-piece,one-piece,work,one-piece,model,https://books.shueisha.co.jp/items/contents.html?isbn=4-08-872509-3,2026-08-11T06:29:54+09:00,g1-chunk-a-model-v1,false,0.91,集英社 1권 서지·공식 소개와 초반 1~3권 진입 경험을 바탕으로 작성한 패널 전 모델 초안
ev-naruto,naruto,work,naruto,model,https://books.shueisha.co.jp/items/contents.html?isbn=4-08-872840-8,2026-08-11T06:29:54+09:00,g1-chunk-a-model-v1,false,0.91,集英社 1권 서지·공식 소개와 초반 1~3권 진입 경험을 바탕으로 작성한 패널 전 모델 초안
ev-dragon-ball,dragon-ball,work,dragon-ball,model,https://books.shueisha.co.jp/items/contents.html?isbn=4088518314,2026-08-11T06:29:54+09:00,g1-chunk-a-model-v1,false,0.91,集英社 1권 서지·공식 소개와 초반 1~3권 진입 경험을 바탕으로 작성한 패널 전 모델 초안
ev-attack-on-titan,attack-on-titan,work,attack-on-titan,model,https://www.kodansha.co.jp/comic/products/0000017064,2026-08-11T06:29:54+09:00,g1-chunk-a-model-v1,false,0.92,講談社 1권 서지·목차·공식 소개와 초반 1~3권 진입 경험을 바탕으로 작성한 패널 전 모델 초안
ev-demon-slayer,demon-slayer,work,demon-slayer,model,https://books.shueisha.co.jp/items/contents.html?isbn=978-4-08-880723-2,2026-08-11T06:29:54+09:00,g1-chunk-a-model-v1,false,0.92,集英社 1권 서지·공식 소개와 초반 1~3권 진입 경험을 바탕으로 작성한 패널 전 모델 초안
ev-jujutsu-kaisen,jujutsu-kaisen,work,jujutsu-kaisen,model,https://books.shueisha.co.jp/items/contents.html?isbn=978-4-08-881516-9,2026-08-11T06:29:54+09:00,g1-chunk-a-model-v1,false,0.92,集英社 1권 서지·공식 소개와 초반 1~3권 진입 경험을 바탕으로 작성한 패널 전 모델 초안
ev-my-hero-academia,my-hero-academia,work,my-hero-academia,model,https://books.shueisha.co.jp/items/contents.html?isbn=978-4-08-880264-0,2026-08-11T06:29:54+09:00,g1-chunk-a-model-v1,false,0.92,集英社 1권 서지·공식 소개와 초반 1~3권 진입 경험을 바탕으로 작성한 패널 전 모델 초안
ev-hunter-x-hunter,hunter-x-hunter,work,hunter-x-hunter,model,https://books.shueisha.co.jp/items/contents.html?isbn=978-4-08-872571-0,2026-08-11T06:29:54+09:00,g1-chunk-a-model-v1,false,0.92,集英社 1권 서지·공식 소개와 초반 1~3권 진입 경험을 바탕으로 작성한 패널 전 모델 초안
ev-jojo-bizarre-adventure,jojo-bizarre-adventure,work,jojo-bizarre-adventure,model,https://books.shueisha.co.jp/items/contents.html?isbn=4-08-851126-3,2026-08-11T06:29:54+09:00,g1-chunk-a-model-v1,false,0.90,集英社 1권 서지·공식 소개와 원제 1~3권 진입 경험을 바탕으로 작성한 패널 전 모델 초안
ev-berserk,berserk,work,berserk,model,https://www.hakusensha.co.jp/comicslist/40773/,2026-08-11T06:29:54+09:00,g1-chunk-a-model-v1,false,0.91,白泉社 1권 서지·공식 소개와 초반 1~3권 진입 경험을 바탕으로 작성한 패널 전 모델 초안
ev-vinland-saga,vinland-saga,work,vinland-saga,model,https://www.kodansha.co.jp/comic/products/0000029270,2026-08-11T06:29:54+09:00,g1-chunk-a-model-v1,false,0.92,講談社 1권 서지·목차·공식 소개와 초반 1~3권 진입 경험을 바탕으로 작성한 패널 전 모델 초안
ev-vagabond,vagabond,work,vagabond,model,https://www.kodansha.co.jp/comic/products/0000007491,2026-08-11T06:29:54+09:00,g1-chunk-a-model-v1,false,0.90,講談社 1권 서지·공식 소개와 초반 1~3권 진입 경험을 바탕으로 작성한 패널 전 모델 초안
ev-golden-kamuy,golden-kamuy,work,golden-kamuy,model,https://books.shueisha.co.jp/items/contents.html?jdcn=08890082890082315501,2026-08-11T06:29:54+09:00,g1-chunk-a-model-v1,false,0.92,集英社 1권 서지·목차·공식 소개와 초반 1~3권 진입 경험을 바탕으로 작성한 패널 전 모델 초안
ev-made-in-abyss,made-in-abyss,work,made-in-abyss,model,https://takecomic.jp/series/3f846451aff2d/new,2026-08-11T06:28:47+09:00,g1-chunk-b-model-v1,false,0.90,竹書房公式連載の1巻から3巻と現行15巻および楽天ブックス1巻書誌を照合したモデル初稿
ev-land-of-the-lustrous,land-of-the-lustrous,work,land-of-the-lustrous,model,https://www.kodansha.co.jp/comic/products/0000047266,2026-08-11T06:28:47+09:00,g1-chunk-b-model-v1,false,0.91,講談社の1巻から3巻紹介と完結13巻および楽天ブックス1巻書誌を照合したモデル初稿
ev-mushishi,mushishi,work,mushishi,model,https://www.kodansha.co.jp/comic/products/0000030168,2026-08-11T06:28:47+09:00,g1-chunk-b-model-v1,false,0.91,講談社の1巻から3巻紹介と完結10巻および楽天ブックス1巻書誌を照合したモデル初稿
ev-dr-stone,dr-stone,work,dr-stone,model,https://books.shueisha.co.jp/items/contents_amp.html?isbn=978-4-08-881184-0,2026-08-11T06:28:47+09:00,g1-chunk-b-model-v1,false,0.93,集英社の1巻から3巻紹介と27巻および楽天ブックス1巻書誌を照合したモデル初稿
ev-promised-neverland,promised-neverland,work,promised-neverland,model,https://books.shueisha.co.jp/items/contents.html?isbn=978-4-08-880872-7,2026-08-11T06:28:47+09:00,g1-chunk-b-model-v1,false,0.93,集英社の1巻から3巻紹介と完結20巻および楽天ブックス1巻書誌を照合したモデル初稿
ev-erased,erased,work,erased,model,https://www.kadokawa.co.jp/product/321208000180/,2026-08-11T06:28:47+09:00,g1-chunk-b-model-v1,false,0.91,KADOKAWAの1巻から3巻紹介と同シリーズ9巻および楽天ブックス1巻書誌を照合したモデル初稿
ev-20th-century-boys,20th-century-boys,work,20th-century-boys,model,https://shogakukan-comic.jp/book?isbn=9784091855312,2026-08-11T06:28:47+09:00,g1-chunk-b-model-v1,false,0.93,小学館の1巻から3巻紹介と全22巻一覧および楽天ブックス1巻書誌を照合したモデル初稿
ev-pluto,pluto,work,pluto,model,https://shogakukan-comic.jp/book?isbn=9784091874313,2026-08-11T06:28:47+09:00,g1-chunk-b-model-v1,false,0.93,小学館の1巻から3巻紹介と全8巻一覧および楽天ブックス1巻書誌を照合したモデル初稿
ev-ghost-in-the-shell,ghost-in-the-shell,work,ghost-in-the-shell,model,https://www.kodansha.co.jp/comic/products/0000006425,2026-08-11T06:28:47+09:00,g1-chunk-b-model-v1,false,0.90,講談社の原作1巻と2巻および1.5巻一覧と楽天ブックス1巻書誌を照合したモデル初稿
ev-akira,akira,work,akira,model,https://www.kodansha.co.jp/comic/products/0000002123,2026-08-11T06:28:47+09:00,g1-chunk-b-model-v1,false,0.93,講談社の1巻から3巻紹介と全6巻および楽天ブックス1巻書誌を照合したモデル初稿
ev-witch-hat-atelier,witch-hat-atelier,work,witch-hat-atelier,model,https://www.kodansha.co.jp/comic/products/0000018887,2026-08-11T06:28:47+09:00,g1-chunk-b-model-v1,false,0.93,講談社の1巻から3巻紹介と現行16巻および楽天ブックス1巻書誌を照合したモデル初稿
ev-mob-psycho-100,mob-psycho-100,work,mob-psycho-100,model,https://shogakukan-comic.jp/book?isbn=9784091241023,2026-08-11T06:28:47+09:00,g1-chunk-b-model-v1,false,0.93,小学館の1巻から3巻紹介と全16巻一覧および楽天ブックス1巻書誌を照合したモデル初稿
ev-g1c-natsumes-book-of-friends,natsumes-book-of-friends,work,natsumes-book-of-friends,model,https://www.hakusensha.co.jp/comicslist/40971/,2026-08-11T06:30:00+09:00,g1-chunk-c-authoring-v1,false,0.90,白泉社 1권 서지와 공식 소개 및 초반 1~3권 범위를 대조한 모델 초벌 주석
ev-g1c-march-comes-in-like-a-lion,march-comes-in-like-a-lion,work,march-comes-in-like-a-lion,model,https://www.hakusensha.co.jp/comicslist/43152/,2026-08-11T06:30:00+09:00,g1-chunk-c-authoring-v1,false,0.91,白泉社 1권 서지와 공식 작품 페이지 및 초반 1~3권 범위를 대조한 모델 초벌 주석
ev-g1c-a-silent-voice,a-silent-voice,work,a-silent-voice,model,https://www.kodansha.co.jp/comic/products/0000019055,2026-08-11T06:30:00+09:00,g1-chunk-c-authoring-v1,false,0.92,講談社 1권 서지와 공식 소개 및 초반 1~3권 범위를 대조한 모델 초벌 주석
ev-g1c-your-lie-in-april,your-lie-in-april,work,your-lie-in-april,model,https://www.kodansha.co.jp/comic/products/0000043314,2026-08-11T06:30:00+09:00,g1-chunk-c-authoring-v1,false,0.92,講談社 1권 서지와 공식 소개 및 초반 1~3권 범위를 대조한 모델 초벌 주석
ev-g1c-kaguya-sama,kaguya-sama,work,kaguya-sama,model,https://www.s-manga.net/items/contents.html?isbn=978-4-08-890432-0,2026-08-11T06:30:00+09:00,g1-chunk-c-authoring-v1,false,0.93,集英社 1~3권 공식 소개와 시험 읽기 제공 범위를 대조한 모델 초벌 주석
ev-g1c-horimiya,horimiya,work,horimiya,model,https://magazine.jp.square-enix.com/top/comics/detail/9784757535435/,2026-08-11T06:30:00+09:00,g1-chunk-c-authoring-v1,false,0.91,SQUARE ENIX 1권 서지와 공식 작품 페이지 및 초반 1~3권 범위를 대조한 모델 초벌 주석
ev-g1c-kimi-ni-todoke,kimi-ni-todoke,work,kimi-ni-todoke,model,https://www.s-manga.net/items/contents.html?isbn=4-08-846061-8,2026-08-11T06:30:00+09:00,g1-chunk-c-authoring-v1,false,0.90,集英社 1권 서지와 공식 소개 및 시험 읽기 제공 범위를 대조한 모델 초벌 주석
ev-g1c-nana,nana,work,nana,model,https://www.s-manga.net/items/contents.html?isbn=4-08-856209-7,2026-08-11T06:30:00+09:00,g1-chunk-c-authoring-v1,false,0.89,集英社 1권 서지와 공식 작품 페이지 및 초반 1~3권 범위를 대조한 모델 초벌 주석
ev-g1c-skip-and-loafer,skip-and-loafer,work,skip-and-loafer,model,https://www.kodansha.co.jp/comic/products/0000318780,2026-08-11T06:30:00+09:00,g1-chunk-c-authoring-v1,false,0.91,講談社 1권 서지와 초출 정보 및 초반 1~3권 범위를 대조한 모델 초벌 주석
ev-g1c-bocchi-the-rock,bocchi-the-rock,work,bocchi-the-rock,model,https://houbunsha.co.jp/comics/detail.php?p=%25A4%25DC%25A4%25C3%25A4%25C1%25A1%25A6%25A4%25B6%25A1%25A6%25A4%25ED%25A4%25C3%25A4%25AF%25A1%25AA,2026-08-11T06:30:00+09:00,g1-chunk-c-authoring-v1,false,0.90,芳文社 공식 전권 목록과 1권 서지 및 초반 1~3권 범위를 대조한 모델 초벌 주석
ev-g1c-haikyu,haikyu,work,haikyu,model,https://www.s-manga.net/items/contents.html?isbn=978-4-08-870453-1,2026-08-11T06:30:00+09:00,g1-chunk-c-authoring-v1,false,0.93,集英社 1~3권 공식 소개와 시험 읽기 제공 범위를 대조한 모델 초벌 주석
ev-g1c-hajime-no-ippo,hajime-no-ippo,work,hajime-no-ippo,model,https://www.kodansha.co.jp/comic/products/0000005071,2026-08-11T06:30:00+09:00,g1-chunk-c-authoring-v1,false,0.94,講談社 1권 서지와 공식 소개 및 초반 1~3권 범위를 대조한 모델 초벌 주석
ev-g1-art-dungeon-meshi,dungeon-meshi,work,dungeon-meshi,publisher,https://comic-walker.com/detail/KC_000393_S/episodes/KC_0003930000100011_E?episodeType=first,2026-08-11T11:30:00+09:00,g1-art-authority-v2,false,0.90,"Official Art audit source; exact page references, authority class, edition mapping, observations, and limitations are in data/staging/g1/art-evidence-manifest.csv"
ev-g1-art-kingdom,kingdom,work,kingdom,publisher,https://tonarinoyj.jp/episode/13932016480028986503,2026-08-11T11:30:00+09:00,g1-art-authority-v2,false,0.90,"Official Art audit source; exact page references, authority class, edition mapping, observations, and limitations are in data/staging/g1/art-evidence-manifest.csv"
ev-g1-art-fullmetal-alchemist,fullmetal-alchemist,work,fullmetal-alchemist,publisher,https://magazine.jp.square-enix.com/gangan/tcym/hagaren_01/index.html,2026-08-11T11:30:00+09:00,g1-art-authority-v2,false,0.90,"Official Art audit source; exact page references, authority class, edition mapping, observations, and limitations are in data/staging/g1/art-evidence-manifest.csv"
ev-g1-art-death-note,death-note,work,death-note,publisher,https://shonenjumpplus.com/episode/10833519556325021815,2026-08-11T11:30:00+09:00,g1-art-authority-v2,false,0.90,"Official Art audit source; exact page references, authority class, edition mapping, observations, and limitations are in data/staging/g1/art-evidence-manifest.csv"
ev-g1-art-spy-family,spy-family,work,spy-family,publisher,https://shonenjumpplus.com/episode/10834108156648240735,2026-08-11T11:30:00+09:00,g1-art-authority-v2,false,0.90,"Official Art audit source; exact page references, authority class, edition mapping, observations, and limitations are in data/staging/g1/art-evidence-manifest.csv"
ev-g1-art-frieren,frieren,work,frieren,publisher,https://e-comi.shogakukan.co.jp/viewer/speedreader?cid=098501800000d0000000&u0=1,2026-08-11T11:30:00+09:00,g1-art-authority-v2,false,0.90,"Official Art audit source; exact page references, authority class, edition mapping, observations, and limitations are in data/staging/g1/art-evidence-manifest.csv"
ev-g1-art-chainsaw-man,chainsaw-man,work,chainsaw-man,publisher,https://shonenjumpplus.com/episode/10834108156650024834,2026-08-11T11:30:00+09:00,g1-art-authority-v2,false,0.90,"Official Art audit source; exact page references, authority class, edition mapping, observations, and limitations are in data/staging/g1/art-evidence-manifest.csv"
ev-g1-art-blue-lock,blue-lock,work,blue-lock,publisher,https://pocket.shonenmagazine.com/title/00617/episode/213491,2026-08-11T11:30:00+09:00,g1-art-authority-v2,false,0.90,"Official Art audit source; exact page references, authority class, edition mapping, observations, and limitations are in data/staging/g1/art-evidence-manifest.csv"
ev-g1-art-monster,monster,work,monster,publisher,https://e-comi.shogakukan.co.jp/viewer/speedreader?cid=091836510000d0000000&u0=1,2026-08-11T11:30:00+09:00,g1-art-authority-v2,false,0.90,"Official Art audit source; exact page references, authority class, edition mapping, observations, and limitations are in data/staging/g1/art-evidence-manifest.csv"
ev-g1-art-yotsuba-to,yotsuba-to,work,yotsuba-to,publisher,https://comic-walker.com/detail/KC_003331_S/episodes/KC_0033310000100011_E?episodeType=first,2026-08-11T11:30:00+09:00,g1-art-authority-v2,false,0.90,"Official Art audit source; exact page references, authority class, edition mapping, observations, and limitations are in data/staging/g1/art-evidence-manifest.csv"
ev-g1-art-blame,blame,work,blame,publisher,https://comic-days.com/episode/13932016480029861973,2026-08-11T11:30:00+09:00,g1-art-authority-v2,false,0.90,"Official Art audit source; exact page references, authority class, edition mapping, observations, and limitations are in data/staging/g1/art-evidence-manifest.csv"
ev-g1-art-one-piece,one-piece,work,one-piece,publisher,https://shonenjumpplus.com/episode/10833519556325021794,2026-08-11T11:30:00+09:00,g1-art-authority-v2,false,0.90,"Official Art audit source; exact page references, authority class, edition mapping, observations, and limitations are in data/staging/g1/art-evidence-manifest.csv"
ev-g1-art-naruto,naruto,work,naruto,publisher,https://shonenjumpplus.com/episode/10833519556325021854,2026-08-11T11:30:00+09:00,g1-art-authority-v2,false,0.90,"Official Art audit source; exact page references, authority class, edition mapping, observations, and limitations are in data/staging/g1/art-evidence-manifest.csv"
ev-g1-art-dragon-ball,dragon-ball,work,dragon-ball,publisher,https://shonenjumpplus.com/episode/10833519556325021841,2026-08-11T11:30:00+09:00,g1-art-authority-v2,false,0.90,"Official Art audit source; exact page references, authority class, edition mapping, observations, and limitations are in data/staging/g1/art-evidence-manifest.csv"
ev-g1-art-attack-on-titan,attack-on-titan,work,attack-on-titan,publisher,https://comic-days.com/episode/10834108156636966525,2026-08-11T11:30:00+09:00,g1-art-authority-v2,false,0.90,"Official Art audit source; exact page references, authority class, edition mapping, observations, and limitations are in data/staging/g1/art-evidence-manifest.csv"
ev-g1-art-demon-slayer,demon-slayer,work,demon-slayer,publisher,https://shonenjumpplus.com/episode/13932016480029012543,2026-08-11T11:30:00+09:00,g1-art-authority-v2,false,0.90,"Official Art audit source; exact page references, authority class, edition mapping, observations, and limitations are in data/staging/g1/art-evidence-manifest.csv"
ev-g1-art-jujutsu-kaisen,jujutsu-kaisen,work,jujutsu-kaisen,publisher,https://shonenjumpplus.com/episode/10834108156650001170,2026-08-11T11:30:00+09:00,g1-art-authority-v2,false,0.90,"Official Art audit source; exact page references, authority class, edition mapping, observations, and limitations are in data/staging/g1/art-evidence-manifest.csv"
ev-g1-art-my-hero-academia,my-hero-academia,work,my-hero-academia,publisher,https://shonenjumpplus.com/episode/10833519556325021790,2026-08-11T11:30:00+09:00,g1-art-authority-v2,false,0.90,"Official Art audit source; exact page references, authority class, edition mapping, observations, and limitations are in data/staging/g1/art-evidence-manifest.csv"
ev-g1-art-hunter-x-hunter,hunter-x-hunter,work,hunter-x-hunter,publisher,https://shonenjumpplus.com/episode/10833519556325021810,2026-08-11T11:30:00+09:00,g1-art-authority-v2,false,0.90,"Official Art audit source; exact page references, authority class, edition mapping, observations, and limitations are in data/staging/g1/art-evidence-manifest.csv"
ev-g1-art-jojo-bizarre-adventure,jojo-bizarre-adventure,work,jojo-bizarre-adventure,publisher,https://shonenjumpplus.com/episode/3269632237245268586,2026-08-11T11:30:00+09:00,g1-art-authority-v2,false,0.90,"Official Art audit source; exact page references, authority class, edition mapping, observations, and limitations are in data/staging/g1/art-evidence-manifest.csv"
ev-g1-art-berserk,berserk,work,berserk,publisher,https://www.hakusensha-e.net/hakusensha_otameshi?jdcn=59213574berserk00111,2026-08-11T11:30:00+09:00,g1-art-authority-v2,false,0.90,"Official Art audit source; exact page references, authority class, edition mapping, observations, and limitations are in data/staging/g1/art-evidence-manifest.csv"
ev-g1-art-vinland-saga,vinland-saga,work,vinland-saga,publisher,https://www.kodansha.co.jp/comic/products/0000029270/trial,2026-08-11T11:30:00+09:00,g1-art-authority-v2,false,0.90,"Official Art audit source; exact page references, authority class, edition mapping, observations, and limitations are in data/staging/g1/art-evidence-manifest.csv"
ev-g1-art-vagabond,vagabond,work,vagabond,publisher,https://www.viz.com/manga-books/manga/vagabond-definitive-edition-volume-1-0/product/8139,2026-08-11T11:30:00+09:00,g1-art-authority-v2,false,0.94,"Official Art audit source; exact page references, authority class, edition mapping, observations, and limitations are in data/staging/g1/art-evidence-manifest.csv"
ev-g1-art-vagabond-motion,vagabond,work,vagabond,publisher,https://www.youtube.com/watch?v=kZhw6gclUhw,2026-08-11T11:30:00+09:00,g1-art-authority-v2,false,0.90,Official licensed-publisher trailer used only to document why motionImpact remains unknown; the bounded observation and limitation are in data/staging/g1/art-evidence-manifest.csv
ev-g1-art-golden-kamuy,golden-kamuy,work,golden-kamuy,publisher,https://tonarinoyj.jp/episode/13932016480028986525,2026-08-11T11:30:00+09:00,g1-art-authority-v2,false,0.90,"Official Art audit source; exact page references, authority class, edition mapping, observations, and limitations are in data/staging/g1/art-evidence-manifest.csv"
ev-g1-art-made-in-abyss,made-in-abyss,work,made-in-abyss,publisher,https://takecomic.jp/episodes/74f33031e13cd,2026-08-11T11:30:00+09:00,g1-art-authority-v2,false,0.90,"Official Art audit source; exact page references, authority class, edition mapping, observations, and limitations are in data/staging/g1/art-evidence-manifest.csv"
ev-g1-art-land-of-the-lustrous,land-of-the-lustrous,work,land-of-the-lustrous,publisher,https://comic-days.com/episode/13932016480029605220,2026-08-11T11:30:00+09:00,g1-art-authority-v2,false,0.90,"Official Art audit source; exact page references, authority class, edition mapping, observations, and limitations are in data/staging/g1/art-evidence-manifest.csv"
ev-g1-art-mushishi,mushishi,work,mushishi,publisher,https://www.kodansha.co.jp/comic/products/0000030168/trial/reader?cid=03efd3f390f00457001346f87da9dcd54ec13ac3c0d730514b636b76e6c3b093,2026-08-11T11:30:00+09:00,g1-art-authority-v2,false,0.90,"Official Art audit source; exact page references, authority class, edition mapping, observations, and limitations are in data/staging/g1/art-evidence-manifest.csv"
ev-g1-art-dr-stone,dr-stone,work,dr-stone,publisher,https://www.s-manga.net/reader/main.php?cid=9784088811840,2026-08-11T11:30:00+09:00,g1-art-authority-v2,false,0.90,"Official Art audit source; exact page references, authority class, edition mapping, observations, and limitations are in data/staging/g1/art-evidence-manifest.csv"
ev-g1-art-promised-neverland,promised-neverland,work,promised-neverland,publisher,https://www.s-manga.net/reader/main.php?cid=9784088808727,2026-08-11T11:30:00+09:00,g1-art-authority-v2,false,0.90,"Official Art audit source; exact page references, authority class, edition mapping, observations, and limitations are in data/staging/g1/art-evidence-manifest.csv"
ev-g1-art-erased,erased,work,erased,publisher,https://comic-walker.com/detail/KC_003491_S/episodes/KC_0034910000100012_E?episodeType=comics,2026-08-11T11:30:00+09:00,g1-art-authority-v2,false,0.90,"Official Art audit source; exact page references, authority class, edition mapping, observations, and limitations are in data/staging/g1/art-evidence-manifest.csv"
ev-g1-art-20th-century-boys,20th-century-boys,work,20th-century-boys,publisher,https://e-comi.shogakukan.co.jp/viewer/speedreader?cid=091855310000d0000000&u0=1,2026-08-11T11:30:00+09:00,g1-art-authority-v2,false,0.90,"Official Art audit source; exact page references, authority class, edition mapping, observations, and limitations are in data/staging/g1/art-evidence-manifest.csv"
ev-g1-art-pluto,pluto,work,pluto,publisher,https://e-comi.shogakukan.co.jp/viewer/speedreader?cid=091874310000d0000000&u0=1,2026-08-11T11:30:00+09:00,g1-art-authority-v2,false,0.90,"Official Art audit source; exact page references, authority class, edition mapping, observations, and limitations are in data/staging/g1/art-evidence-manifest.csv"
ev-g1-art-ghost-in-the-shell,ghost-in-the-shell,work,ghost-in-the-shell,publisher,https://www.kodansha.co.jp/comic/products/0000006425/trial,2026-08-11T11:30:00+09:00,g1-art-authority-v2,false,0.90,"Official Art audit source; exact page references, authority class, edition mapping, observations, and limitations are in data/staging/g1/art-evidence-manifest.csv"
ev-g1-ghost-in-the-shell-darkness,ghost-in-the-shell,axis,darkness,publisher,https://kodansha.us/series/the-ghost-in-the-shell/volume-1/,2026-08-11T19:42:14+09:00,g1-sanity-evidence-correction-v1,false,0.90,Official Kodansha Volume 1 synopsis supports serious danger and dystopian themes without making sustained brutality or tragedy the central reward; original manga entry scope only
ev-g1-ghost-in-the-shell-mental-stress,ghost-in-the-shell,axis,mentalStress,publisher,https://kodansha.us/book/the-ghost-in-the-shell/the-ghost-in-the-shell-volume-1-5/,2026-08-11T19:42:14+09:00,g1-sanity-evidence-correction-v1,false,0.80,Official Kodansha Volume 1.5 synopsis explicitly describes dangerous cases with action and suspense while retaining a light police-team tone; original manga entry scope only
ev-g1-ghost-in-the-shell-emotional-warmth,ghost-in-the-shell,axis,emotionalWarmth,publisher,https://www.kodansha.co.jp/comic/products/0000006425/trial,2026-08-11T19:42:14+09:00,g1-sanity-evidence-correction-v1,false,0.72,"Official Kodansha Volume 1 trial shows Section 9 team banter that rules out absolute coldness, while bonding or healing is not a central reward; original manga entry scope only"
ev-g1-art-akira,akira,work,akira,publisher,https://www.darkhorse.com/books/40-180/akira-volume-1-tpb/,2026-08-11T11:30:00+09:00,g1-art-authority-v2,false,0.96,"Official Art audit source; exact page references, authority class, edition mapping, observations, and limitations are in data/staging/g1/art-evidence-manifest.csv"
ev-g1-art-witch-hat-atelier,witch-hat-atelier,work,witch-hat-atelier,publisher,https://www.kodansha.co.jp/comic/products/0000018887/trial,2026-08-11T11:30:00+09:00,g1-art-authority-v2,false,0.90,"Official Art audit source; exact page references, authority class, edition mapping, observations, and limitations are in data/staging/g1/art-evidence-manifest.csv"
ev-g1-art-mob-psycho-100,mob-psycho-100,work,mob-psycho-100,publisher,https://e-comi.shogakukan.co.jp/viewer/speedreader?cid=091241020000d0000000&u0=1,2026-08-11T11:30:00+09:00,g1-art-authority-v2,false,0.90,"Official Art audit source; exact page references, authority class, edition mapping, observations, and limitations are in data/staging/g1/art-evidence-manifest.csv"
ev-g1-art-natsumes-book-of-friends,natsumes-book-of-friends,work,natsumes-book-of-friends,manual,https://manga-park.com/title/14363,2026-08-11T11:30:00+09:00,g1-art-authority-v2,false,0.90,"Official Art audit source; exact page references, authority class, edition mapping, observations, and limitations are in data/staging/g1/art-evidence-manifest.csv"
ev-g1-art-march-comes-in-like-a-lion,march-comes-in-like-a-lion,work,march-comes-in-like-a-lion,publisher,http://www.hakusensha-e.net/enet_otameshi.php?bid=v-3lion_001&rurl=http://3lion.younganimal.com,2026-08-11T11:30:00+09:00,g1-art-authority-v2,false,0.90,"Official Art audit source; exact page references, authority class, edition mapping, observations, and limitations are in data/staging/g1/art-evidence-manifest.csv"
ev-g1-art-a-silent-voice,a-silent-voice,work,a-silent-voice,manual,https://comic-days.com/episode/10834108156636913658,2026-08-11T11:30:00+09:00,g1-art-authority-v2,false,0.90,"Official Art audit source; exact page references, authority class, edition mapping, observations, and limitations are in data/staging/g1/art-evidence-manifest.csv"
ev-g1-art-your-lie-in-april,your-lie-in-april,work,your-lie-in-april,publisher,https://www.kodansha.co.jp/comic/products/0000043314/trial,2026-08-11T11:30:00+09:00,g1-art-authority-v2,false,0.90,"Official Art audit source; exact page references, authority class, edition mapping, observations, and limitations are in data/staging/g1/art-evidence-manifest.csv"
ev-g1-art-kaguya-sama,kaguya-sama,work,kaguya-sama,publisher,https://www.s-manga.net/reader/main.php?cid=9784088904320,2026-08-11T11:30:00+09:00,g1-art-authority-v2,false,0.90,"Official Art audit source; exact page references, authority class, edition mapping, observations, and limitations are in data/staging/g1/art-evidence-manifest.csv"
ev-g1-art-horimiya,horimiya,work,horimiya,publisher,https://magazine.jp.square-enix.com/gfantasy/tcym/horimiya_01/,2026-08-11T11:30:00+09:00,g1-art-authority-v2,false,0.90,"Official Art audit source; exact page references, authority class, edition mapping, observations, and limitations are in data/staging/g1/art-evidence-manifest.csv"
ev-g1-art-kimi-ni-todoke,kimi-ni-todoke,work,kimi-ni-todoke,publisher,https://www.s-manga.net/reader/main.php?cid=4088460618,2026-08-11T11:30:00+09:00,g1-art-authority-v2,false,0.90,"Official Art audit source; exact page references, authority class, edition mapping, observations, and limitations are in data/staging/g1/art-evidence-manifest.csv"
ev-g1-art-nana,nana,work,nana,publisher,https://www.s-manga.net/reader/main.php?cid=4088562097,2026-08-11T11:30:00+09:00,g1-art-authority-v2,false,0.90,"Official Art audit source; exact page references, authority class, edition mapping, observations, and limitations are in data/staging/g1/art-evidence-manifest.csv"
ev-g1-art-skip-and-loafer,skip-and-loafer,work,skip-and-loafer,publisher,https://www.kodansha.co.jp/comic/products/0000318780/trial,2026-08-11T11:30:00+09:00,g1-art-authority-v2,false,0.90,"Official Art audit source; exact page references, authority class, edition mapping, observations, and limitations are in data/staging/g1/art-evidence-manifest.csv"
ev-g1-art-bocchi-the-rock,bocchi-the-rock,work,bocchi-the-rock,manual,https://comic-fuz.com/manga/viewer/24407,2026-08-11T11:30:00+09:00,g1-art-authority-v2,false,0.90,"Official Art audit source; exact page references, authority class, edition mapping, observations, and limitations are in data/staging/g1/art-evidence-manifest.csv"
ev-g1-art-haikyu,haikyu,work,haikyu,publisher,https://www.s-manga.net/reader/main.php?cid=9784088704531,2026-08-11T11:30:00+09:00,g1-art-authority-v2,false,0.90,"Official Art audit source; exact page references, authority class, edition mapping, observations, and limitations are in data/staging/g1/art-evidence-manifest.csv"
ev-g1-art-hajime-no-ippo,hajime-no-ippo,work,hajime-no-ippo,manual,https://pocket.shonenmagazine.com/title/01291/episode/315412,2026-08-11T11:30:00+09:00,g1-art-authority-v2,false,0.90,"Official Art audit source; exact page references, authority class, edition mapping, observations, and limitations are in data/staging/g1/art-evidence-manifest.csv"
ev-g1-replacement-beyond-the-clouds,beyond-the-clouds,work,beyond-the-clouds,publisher,https://www.kodansha.co.jp/comic/products/0000369210,2026-08-11T11:30:00+09:00,g1-replacement-bibliography-v1,false,0.98,Official Kodansha Japanese standard-volume bibliography; volumes 2 and 3 are products 0000369211 and 0000369212; the licensed reader edition is recorded separately
blind-replacement-v1-reconciled-beyond-the-clouds,beyond-the-clouds,work,beyond-the-clouds,model,https://kodansha.us/series/beyond-the-clouds/,2026-08-11T11:30:00+09:00,blind-replacement-v1-reconciled,false,0.85,"Reconciled blind model annotation for 13 non-Art axes and four themes; Art, market, popularity, reviews, and recommendation outputs were excluded"
ev-g1-art-beyond-the-clouds,beyond-the-clouds,work,beyond-the-clouds,manual,https://kodansha.us/series/beyond-the-clouds/,2026-08-11T11:30:00+09:00,g1-art-authority-v2,false,0.90,"Licensed Art audit source; exact page references, authority class, edition crosswalk, observations, and limitations are in data/staging/g1/art-evidence-manifest.csv"
ev-g1-replacement-noragami-stray-god,noragami-stray-god,work,noragami-stray-god,publisher,https://www.kodansha.co.jp/comic/products/0000043308,2026-08-11T11:30:00+09:00,g1-replacement-bibliography-v1,false,0.99,Official Kodansha Japanese standard-volume bibliography; volumes 2 and 3 are products 0000043321 and 0000043336; the licensed reader edition is recorded separately
blind-replacement-v1-reconciled-noragami-stray-god,noragami-stray-god,work,noragami-stray-god,model,https://kodansha.us/series/noragami-stray-god/,2026-08-11T11:30:00+09:00,blind-replacement-v1-reconciled,false,0.85,"Reconciled blind model annotation for 13 non-Art axes and three themes; Art, market, popularity, reviews, and recommendation outputs were excluded"
ev-g1-art-noragami-stray-god,noragami-stray-god,work,noragami-stray-god,manual,https://kodansha.us/series/noragami-stray-god/,2026-08-11T11:30:00+09:00,g1-art-authority-v2,false,0.90,"Licensed Art audit source; exact page references, authority class, edition crosswalk, observations, and limitations are in data/staging/g1/art-evidence-manifest.csv"
ev-g1-adjudicated-jojo-bizarre-adventure,jojo-bizarre-adventure,work,jojo-bizarre-adventure,model,https://books.shueisha.co.jp/items/contents.html?isbn=4-08-851126-3,2026-08-11T18:11:00+09:00,full-evidence-adjudication-v1,false,0.88,전체 공식 진입 범위 근거와 필드별 판정은 data/staging/g1/blind-retag/adjudicated/adjudication.md 참조
ev-g1-adjudicated-berserk,berserk,work,berserk,model,https://www.hakusensha.co.jp/comicslist/40773/,2026-08-11T18:11:00+09:00,full-evidence-adjudication-v1,false,0.90,전체 공식 진입 범위 근거와 필드별 판정은 data/staging/g1/blind-retag/adjudicated/adjudication.md 참조
ev-g1-adjudicated-dr-stone,dr-stone,work,dr-stone,model,https://books.shueisha.co.jp/items/contents.html?isbn=978-4-08-881184-0,2026-08-11T18:11:00+09:00,full-evidence-adjudication-v1,false,0.94,전체 공식 진입 범위 근거와 필드별 판정은 data/staging/g1/blind-retag/adjudicated/adjudication.md 참조
ev-g1-adjudicated-20th-century-boys,20th-century-boys,work,20th-century-boys,model,https://shogakukan-comic.jp/book?isbn=9784091855312,2026-08-11T18:11:00+09:00,full-evidence-adjudication-v1,false,0.90,전체 공식 진입 범위 근거와 필드별 판정은 data/staging/g1/blind-retag/adjudicated/adjudication.md 참조
ev-g1-adjudicated-dungeon-meshi,dungeon-meshi,work,dungeon-meshi,model,https://www.kadokawa.co.jp/product/301411000826/,2026-08-11T18:11:00+09:00,full-evidence-adjudication-v1,false,0.94,전체 공식 진입 범위 근거와 필드별 판정은 data/staging/g1/blind-retag/adjudicated/adjudication.md 참조
ev-g1-adjudicated-kingdom,kingdom,work,kingdom,model,https://books.shueisha.co.jp/items/contents.html?jdcn=08877079877079315501,2026-08-11T18:11:00+09:00,full-evidence-adjudication-v1,false,0.94,전체 공식 진입 범위 근거와 필드별 판정은 data/staging/g1/blind-retag/adjudicated/adjudication.md 참조
ev-g1-adjudicated-bocchi-the-rock,bocchi-the-rock,work,bocchi-the-rock,model,https://houbunsha.co.jp/comics/detail.php?current=2&p=%25A4%25DC%25A4%25C3%25A4%25C1%25A1%25A6%25A4%25B6%25A1%25A6%25A4%25ED%25A4%25C3%25A4%25AF%25A1%25AA,2026-08-11T18:11:00+09:00,full-evidence-adjudication-v1,false,0.90,전체 공식 진입 범위 근거와 필드별 판정은 data/staging/g1/blind-retag/adjudicated/adjudication.md 참조
ev-g1-adjudicated-monster,monster,work,monster,model,https://shogakukan-comic.jp/book?isbn=9784091836519,2026-08-11T18:11:00+09:00,full-evidence-adjudication-v1,false,0.86,전체 공식 진입 범위 근거와 필드별 판정은 data/staging/g1/blind-retag/adjudicated/adjudication.md 참조
ev-g1-adjudicated-blue-lock,blue-lock,work,blue-lock,model,https://www.kodansha.co.jp/r/comic/product?item=0000314505,2026-08-11T18:11:00+09:00,full-evidence-adjudication-v1,false,0.94,전체 공식 진입 범위 근거와 필드별 판정은 data/staging/g1/blind-retag/adjudicated/adjudication.md 참조
