mappingId,sourceItemId,candidateId,workId,mappingType,canonicalTitleJa,confidence,evidenceName,evidenceUrl,evidencePublishedAt,retrievedAt,notes
mapping-c70561f9b04ac5cee307,konomanga-2022-ranking-07,candidate-0029e59a039dce3f6e74,work-0029e59a039dce3f6e74,included,【推しの子】,1,宝島社「このマンガがすごい！」編集部 official selection + Rakuten Books exact product match,https://sugoiweb.jp/column/4815/,2021-12-07,2026-08-22,sourceOfficialUrl=https://sugoiweb.jp/column/4815/; rakutenProductUrl=https://books.rakuten.co.jp/rb/16373626/; normalizedTitle=【推しの子】; matchedRakutenAuthor=赤坂 アカ × 横槍 メンゴ; isbn=9784088916507.
mapping-1354960cf97f92149517,mangataisho-2021-005,candidate-0029e59a039dce3f6e74,work-0029e59a039dce3f6e74,duplicate,【推しの子】,1,マンガ大賞実行委員会 official selection + Rakuten Books exact product match,https://www.mangataisho.com/archives/2021.html,2021,2026-08-22,sourceOfficialUrl=https://www.mangataisho.com/archives/2021.html; rakutenProductUrl=https://books.rakuten.co.jp/rb/16373626/; normalizedTitle=【推しの子】; matchedRakutenAuthor=赤坂 アカ × 横槍 メンゴ; isbn=9784088916507.
mapping-1a85389cc013ece22423,mangataisho-2022-008,candidate-0029e59a039dce3f6e74,work-0029e59a039dce3f6e74,duplicate,【推しの子】,1,マンガ大賞実行委員会 official selection + Rakuten Books exact product match,https://www.mangataisho.com/archives/2022.html,2022,2026-08-22,sourceOfficialUrl=https://www.mangataisho.com/archives/2022.html; rakutenProductUrl=https://books.rakuten.co.jp/rb/16373626/; normalizedTitle=【推しの子】; matchedRakutenAuthor=赤坂 アカ × 横槍 メンゴ; isbn=9784088916507.
mapping-111f0af735e82372ee55,tsugimanga-2021-comics-007,candidate-0029e59a039dce3f6e74,work-0029e59a039dce3f6e74,duplicate,【推しの子】,1,KADOKAWA「次にくるマンガ大賞」 official selection + Rakuten Books exact product match,https://tsugimanga.jp/winner/2021/comics,2021-08-24,2026-08-22,sourceOfficialUrl=https://tsugimanga.jp/winner/2021/comics; rakutenProductUrl=https://books.rakuten.co.jp/rb/16373626/; normalizedTitle=【推しの子】; matchedRakutenAuthor=赤坂 アカ × 横槍 メンゴ; isbn=9784088916507.
mapping-46f9fbbc1cd5b491be4d,mangataisho-2008-023,candidate-048a39f42bd18cb0823e,work-048a39f42bd18cb0823e,included,大東京トイボックス,1,マンガ大賞実行委員会 official selection + Rakuten Books exact product match,https://www.mangataisho.com/archives/2008.html,2008,2026-08-22,sourceOfficialUrl=https://www.mangataisho.com/archives/2008.html; rakutenProductUrl=https://books.rakuten.co.jp/rb/4290644/; normalizedTitle=大東京といぼっくす; matchedRakutenAuthor=うめ; isbn=9784344809437.
mapping-294c969d48e511009deb,mangataisho-2009-013,candidate-048a39f42bd18cb0823e,work-048a39f42bd18cb0823e,duplicate,大東京トイボックス,1,マンガ大賞実行委員会 official selection + Rakuten Books exact product match,https://www.mangataisho.com/archives/2009.html,2009,2026-08-22,sourceOfficialUrl=https://www.mangataisho.com/archives/2009.html; rakutenProductUrl=https://books.rakuten.co.jp/rb/4290644/; normalizedTitle=大東京といぼっくす; matchedRakutenAuthor=うめ; isbn=9784344809437.
mapping-a0f92650109e2d515f8d,mangataisho-2010-032,candidate-048a39f42bd18cb0823e,work-048a39f42bd18cb0823e,duplicate,大東京トイボックス,1,マンガ大賞実行委員会 official selection + Rakuten Books exact product match,https://www.mangataisho.com/archives/2010.html,2010,2026-08-22,sourceOfficialUrl=https://www.mangataisho.com/archives/2010.html; rakutenProductUrl=https://books.rakuten.co.jp/rb/4290644/; normalizedTitle=大東京といぼっくす; matchedRakutenAuthor=うめ; isbn=9784344809437.
mapping-5acc4e353d67125c3d10,mangataisho-2012-002,candidate-048a39f42bd18cb0823e,work-048a39f42bd18cb0823e,duplicate,大東京トイボックス,1,マンガ大賞実行委員会 official selection + Rakuten Books exact product match,https://www.mangataisho.com/archives/2012.html,2012,2026-08-22,sourceOfficialUrl=https://www.mangataisho.com/archives/2012.html; rakutenProductUrl=https://books.rakuten.co.jp/rb/4290644/; normalizedTitle=大東京といぼっくす; matchedRakutenAuthor=うめ; isbn=9784344809437.
mapping-80497135118930004d51,mangataisho-2008-140,candidate-04f35b4c99514d50231d,work-04f35b4c99514d50231d,included,デトロイト・メタル・シティ,1,マンガ大賞実行委員会 official selection + Rakuten Books exact product match,https://www.mangataisho.com/archives/2008.html,2008,2026-08-22,sourceOfficialUrl=https://www.mangataisho.com/archives/2008.html; rakutenProductUrl=https://books.rakuten.co.jp/rb/4021813/; normalizedTitle=でとろいと めたる してぃ; matchedRakutenAuthor=若杉公徳; isbn=9784592143512.
mapping-2301bf131c548a0c6e14,mangataisho-2009-135,candidate-04f35b4c99514d50231d,work-04f35b4c99514d50231d,duplicate,デトロイト・メタル・シティ,1,マンガ大賞実行委員会 official selection + Rakuten Books exact product match,https://www.mangataisho.com/archives/2009.html,2009,2026-08-22,sourceOfficialUrl=https://www.mangataisho.com/archives/2009.html; rakutenProductUrl=https://books.rakuten.co.jp/rb/4021813/; normalizedTitle=でとろいと めたる してぃ; matchedRakutenAuthor=若杉公徳; isbn=9784592143512.
mapping-eb24c121b11cef4faedb,nippan-bookseller-recommendations-2007-001,candidate-04f35b4c99514d50231d,work-04f35b4c99514d50231d,duplicate,デトロイト・メタル・シティ,1,日本出版販売「全国書店員が選んだおすすめコミック」 official selection + Rakuten Books exact product match,https://hon-hikidashi.jp/event/104741/,2007,2026-08-22,sourceOfficialUrl=https://hon-hikidashi.jp/event/104741/; rakutenProductUrl=https://books.rakuten.co.jp/rb/4021813/; normalizedTitle=でとろいと めたる してぃ; matchedRakutenAuthor=若杉公徳; isbn=9784592143512.
mapping-90573e79c791e9fb2450,mangataisho-2025-008,candidate-064c0062e7a8e29cfbed,work-064c0062e7a8e29cfbed,duplicate,COSMOS,1,マンガ大賞実行委員会 official selection + Rakuten Books exact product match,https://www.mangataisho.com/archives/index.html,2025,2026-08-22,sourceOfficialUrl=https://www.mangataisho.com/archives/index.html; rakutenProductUrl=https://books.rakuten.co.jp/rb/17655999/; normalizedTitle=cosmos; matchedRakutenAuthor=田村 隆平; isbn=9784091577849.
mapping-20d7127d0cfc7e35470a,shogakukan-manga-award-71-002,candidate-064c0062e7a8e29cfbed,work-064c0062e7a8e29cfbed,duplicate,COSMOS,1,小学館「小学館漫画賞」 official selection + Rakuten Books exact product match,https://shogakukan-comic.jp/news/65082,2026-01-14,2026-08-22,sourceOfficialUrl=https://shogakukan-comic.jp/news/65082; rakutenProductUrl=https://books.rakuten.co.jp/rb/17655999/; normalizedTitle=cosmos; matchedRakutenAuthor=田村 隆平; isbn=9784091577849.
mapping-0db7c67182f8872a1771,tsugimanga-2024-comics-013,candidate-064c0062e7a8e29cfbed,work-064c0062e7a8e29cfbed,included,COSMOS,1,KADOKAWA「次にくるマンガ大賞」 official selection + Rakuten Books exact product match,https://tsugimanga.jp/winner/2024/comics,2024-08-28,2026-08-22,sourceOfficialUrl=https://tsugimanga.jp/winner/2024/comics; rakutenProductUrl=https://books.rakuten.co.jp/rb/17655999/; normalizedTitle=cosmos; matchedRakutenAuthor=田村 隆平; isbn=9784091577849.
mapping-85839efd034636b51f69,tsugimanga-2025-comics-012,candidate-064c0062e7a8e29cfbed,work-064c0062e7a8e29cfbed,duplicate,COSMOS,1,KADOKAWA「次にくるマンガ大賞」 official selection + Rakuten Books exact product match,https://tsugimanga.jp/winner/2025/comics,2025-09-18,2026-08-22,sourceOfficialUrl=https://tsugimanga.jp/winner/2025/comics; rakutenProductUrl=https://books.rakuten.co.jp/rb/17655999/; normalizedTitle=cosmos; matchedRakutenAuthor=田村 隆平; isbn=9784091577849.
mapping-7e5c4ff0485393a744c6,mangataisho-2017-011,candidate-07faf4019b12de5e877d,work-07faf4019b12de5e877d,duplicate,私の少年,1,マンガ大賞実行委員会 official selection + Rakuten Books exact product match,https://www.mangataisho.com/archives/2017.html,2017,2026-08-22,sourceOfficialUrl=https://www.mangataisho.com/archives/2017.html; rakutenProductUrl=https://books.rakuten.co.jp/rb/14161248/; normalizedTitle=私の少年; matchedRakutenAuthor=高野　ひと深; isbn=9784575848106.
mapping-9b8324ab4bd5b0dd9740,nippan-bookseller-recommendations-2017-006,candidate-07faf4019b12de5e877d,work-07faf4019b12de5e877d,duplicate,私の少年,1,日本出版販売「全国書店員が選んだおすすめコミック」 official selection + Rakuten Books exact product match,https://www.honyaclub.com/shop/pages/osusumecomic2017.aspx?affiliate=osusumec17,2017,2026-08-22,sourceOfficialUrl=https://www.honyaclub.com/shop/pages/osusumecomic2017.aspx?affiliate=osusumec17; rakutenProductUrl=https://books.rakuten.co.jp/rb/14161248/; normalizedTitle=私の少年; matchedRakutenAuthor=高野　ひと深; isbn=9784575848106.
mapping-4f1380b642b7d6c15fce,tsugimanga-2017-comics-049,candidate-07faf4019b12de5e877d,work-07faf4019b12de5e877d,included,私の少年,1,KADOKAWA「次にくるマンガ大賞」 official selection + Rakuten Books exact product match,https://tsugimanga.jp/winner/2017/comics,2017-08-23,2026-08-22,sourceOfficialUrl=https://tsugimanga.jp/winner/2017/comics; rakutenProductUrl=https://books.rakuten.co.jp/rb/14161248/; normalizedTitle=私の少年; matchedRakutenAuthor=高野　ひと深; isbn=9784575848106.
mapping-d8d4b5d9f63c4a3ca446,nippan-bookseller-recommendations-2025-014,candidate-131ba7a362fa9e38a10a,work-131ba7a362fa9e38a10a,duplicate,超巡！超条先輩,1,日本出版販売「全国書店員が選んだおすすめコミック」 official selection + Rakuten Books exact product match,https://hon-hikidashi.jp/event/51345/,2025,2026-08-22,sourceOfficialUrl=https://hon-hikidashi.jp/event/51345/; rakutenProductUrl=https://books.rakuten.co.jp/rb/17856922/; normalizedTitle=超巡!超条先輩; matchedRakutenAuthor=沼 駿; isbn=9784088841083.
mapping-ab6432d2f3cb42bc5d78,tsugimanga-2024-comics-020,candidate-131ba7a362fa9e38a10a,work-131ba7a362fa9e38a10a,included,超巡！超条先輩,1,KADOKAWA「次にくるマンガ大賞」 official selection + Rakuten Books exact product match,https://tsugimanga.jp/winner/2024/comics,2024-08-28,2026-08-22,sourceOfficialUrl=https://tsugimanga.jp/winner/2024/comics; rakutenProductUrl=https://books.rakuten.co.jp/rb/17856922/; normalizedTitle=超巡!超条先輩; matchedRakutenAuthor=沼 駿; isbn=9784088841083.
mapping-821a52eb76639751b394,tsugimanga-2025-comics-019,candidate-131ba7a362fa9e38a10a,work-131ba7a362fa9e38a10a,duplicate,超巡！超条先輩,1,KADOKAWA「次にくるマンガ大賞」 official selection + Rakuten Books exact product match,https://tsugimanga.jp/winner/2025/comics,2025-09-18,2026-08-22,sourceOfficialUrl=https://tsugimanga.jp/winner/2025/comics; rakutenProductUrl=https://books.rakuten.co.jp/rb/17856922/; normalizedTitle=超巡!超条先輩; matchedRakutenAuthor=沼 駿; isbn=9784088841083.
mapping-120ce00f34230f8c874e,mangataisho-2011-010,candidate-171b262b7ad72871f795,work-171b262b7ad72871f795,included,ドリフターズ,1,マンガ大賞実行委員会 official selection + Rakuten Books exact product match,https://www.mangataisho.com/archives/2011.html,2011,2026-08-22,sourceOfficialUrl=https://www.mangataisho.com/archives/2011.html; rakutenProductUrl=https://books.rakuten.co.jp/rb/6484005/; normalizedTitle=どりふたーず; matchedRakutenAuthor=平野耕太; isbn=9784785934071.
mapping-f914b5aaf6fe6595808b,mangataisho-2012-006,candidate-171b262b7ad72871f795,work-171b262b7ad72871f795,duplicate,ドリフターズ,1,マンガ大賞実行委員会 official selection + Rakuten Books exact product match,https://www.mangataisho.com/archives/2012.html,2012,2026-08-22,sourceOfficialUrl=https://www.mangataisho.com/archives/2012.html; rakutenProductUrl=https://books.rakuten.co.jp/rb/6484005/; normalizedTitle=どりふたーず; matchedRakutenAuthor=平野耕太; isbn=9784785934071.
mapping-8b0c0c367321ba5c2c8e,mangataisho-2013-028,candidate-171b262b7ad72871f795,work-171b262b7ad72871f795,duplicate,ドリフターズ,1,マンガ大賞実行委員会 official selection + Rakuten Books exact product match,https://www.mangataisho.com/archives/2013.html,2013,2026-08-22,sourceOfficialUrl=https://www.mangataisho.com/archives/2013.html; rakutenProductUrl=https://books.rakuten.co.jp/rb/6484005/; normalizedTitle=どりふたーず; matchedRakutenAuthor=平野耕太; isbn=9784785934071.
mapping-be978e4edcb64879f661,mangataisho-2015-183,candidate-171b262b7ad72871f795,work-171b262b7ad72871f795,duplicate,ドリフターズ,1,マンガ大賞実行委員会 official selection + Rakuten Books exact product match,https://www.mangataisho.com/archives/2015.html,2015,2026-08-22,sourceOfficialUrl=https://www.mangataisho.com/archives/2015.html; rakutenProductUrl=https://books.rakuten.co.jp/rb/6484005/; normalizedTitle=どりふたーず; matchedRakutenAuthor=平野耕太; isbn=9784785934071.
mapping-444453635dbcc9552e54,mangataisho-2015-189,candidate-174e7603bb0e71bb62ab,work-174e7603bb0e71bb62ab,duplicate,からかい上手の高木さん,1,マンガ大賞実行委員会 official selection + Rakuten Books exact product match,https://www.mangataisho.com/archives/2015.html,2015,2026-08-22,sourceOfficialUrl=https://www.mangataisho.com/archives/2015.html; rakutenProductUrl=https://books.rakuten.co.jp/rb/12753325/; normalizedTitle=からかい上手の高木さん; matchedRakutenAuthor=山本 崇一朗; isbn=9784091250155.
mapping-6d263e93acf3b3bc3f0e,mangataisho-2017-010,candidate-174e7603bb0e71bb62ab,work-174e7603bb0e71bb62ab,duplicate,からかい上手の高木さん,1,マンガ大賞実行委員会 official selection + Rakuten Books exact product match,https://www.mangataisho.com/archives/2017.html,2017,2026-08-22,sourceOfficialUrl=https://www.mangataisho.com/archives/2017.html; rakutenProductUrl=https://books.rakuten.co.jp/rb/12753325/; normalizedTitle=からかい上手の高木さん; matchedRakutenAuthor=山本 崇一朗; isbn=9784091250155.
mapping-e3a0b4b77b6cb0f959d9,nippan-bookseller-recommendations-2017-001,candidate-174e7603bb0e71bb62ab,work-174e7603bb0e71bb62ab,duplicate,からかい上手の高木さん,1,日本出版販売「全国書店員が選んだおすすめコミック」 official selection + Rakuten Books exact product match,https://www.honyaclub.com/shop/pages/osusumecomic2017.aspx?affiliate=osusumec17,2017,2026-08-22,sourceOfficialUrl=https://www.honyaclub.com/shop/pages/osusumecomic2017.aspx?affiliate=osusumec17; rakutenProductUrl=https://books.rakuten.co.jp/rb/12753325/; normalizedTitle=からかい上手の高木さん; matchedRakutenAuthor=山本 崇一朗; isbn=9784091250155.
mapping-a49e076a384a540b8b00,shogakukan-manga-award-66-003,candidate-174e7603bb0e71bb62ab,work-174e7603bb0e71bb62ab,duplicate,からかい上手の高木さん,1,小学館「小学館漫画賞」 official selection + Rakuten Books exact product match,https://shogakukan-comic.jp/shogakukan-mangasho-archives,2020,2026-08-22,sourceOfficialUrl=https://shogakukan-comic.jp/shogakukan-mangasho-archives; rakutenProductUrl=https://books.rakuten.co.jp/rb/12753325/; normalizedTitle=からかい上手の高木さん; matchedRakutenAuthor=山本 崇一朗; isbn=9784091250155.
mapping-cd78ca78e6825caa47e5,tsugimanga-2015-comics-025,candidate-174e7603bb0e71bb62ab,work-174e7603bb0e71bb62ab,included,からかい上手の高木さん,1,KADOKAWA「次にくるマンガ大賞」 official selection + Rakuten Books exact product match,https://tsugimanga.jp/winner/2015/comics,2015-02-06,2026-08-22,sourceOfficialUrl=https://tsugimanga.jp/winner/2015/comics; rakutenProductUrl=https://books.rakuten.co.jp/rb/12753325/; normalizedTitle=からかい上手の高木さん; matchedRakutenAuthor=山本 崇一朗; isbn=9784091250155.
mapping-3fc31cf489cca3a9bdca,tsugimanga-2016-comics-007,candidate-174e7603bb0e71bb62ab,work-174e7603bb0e71bb62ab,duplicate,からかい上手の高木さん,1,KADOKAWA「次にくるマンガ大賞」 official selection + Rakuten Books exact product match,https://tsugimanga.jp/winner/2016/comics,2016-02-04,2026-08-22,sourceOfficialUrl=https://tsugimanga.jp/winner/2016/comics; rakutenProductUrl=https://books.rakuten.co.jp/rb/12753325/; normalizedTitle=からかい上手の高木さん; matchedRakutenAuthor=山本 崇一朗; isbn=9784091250155.
mapping-f8ccf868a48b3169b07a,konomanga-2023-ranking-19,candidate-197089286d30de82f9e9,work-197089286d30de82f9e9,included,多聞くん今どっち!?,1,宝島社「このマンガがすごい！」編集部 official selection + Rakuten Books exact product match,https://sugoiweb.jp/column/4772/,2022-12-12,2026-08-22,sourceOfficialUrl=https://sugoiweb.jp/column/4772/; rakutenProductUrl=https://books.rakuten.co.jp/rb/16995781/; normalizedTitle=多聞くん今どっち!?; matchedRakutenAuthor=師走 ゆき; isbn=9784592224266.
mapping-d2b040c180f452d8c064,tsugimanga-2022-comics-022,candidate-197089286d30de82f9e9,work-197089286d30de82f9e9,duplicate,多聞くん今どっち!?,1,KADOKAWA「次にくるマンガ大賞」 official selection + Rakuten Books exact product match,https://tsugimanga.jp/winner/2022/comics,2022-08-31,2026-08-22,sourceOfficialUrl=https://tsugimanga.jp/winner/2022/comics; rakutenProductUrl=https://books.rakuten.co.jp/rb/16995781/; normalizedTitle=多聞くん今どっち!?; matchedRakutenAuthor=師走 ゆき; isbn=9784592224266.
mapping-76b3ab157c45cc34e073,tsugimanga-2023-comics-021,candidate-197089286d30de82f9e9,work-197089286d30de82f9e9,duplicate,多聞くん今どっち!?,1,KADOKAWA「次にくるマンガ大賞」 official selection + Rakuten Books exact product match,https://tsugimanga.jp/winner/2023/comics,2023-08-31,2026-08-22,sourceOfficialUrl=https://tsugimanga.jp/winner/2023/comics; rakutenProductUrl=https://books.rakuten.co.jp/rb/16995781/; normalizedTitle=多聞くん今どっち!?; matchedRakutenAuthor=師走 ゆき; isbn=9784592224266.
mapping-0fd7e43da7183e5d6748,mangataisho-2015-158,candidate-1d447cc9026b530fb53d,work-1d447cc9026b530fb53d,duplicate,だがしかし,1,マンガ大賞実行委員会 official selection + Rakuten Books exact product match,https://www.mangataisho.com/archives/2015.html,2015,2026-08-22,sourceOfficialUrl=https://www.mangataisho.com/archives/2015.html; rakutenProductUrl=https://books.rakuten.co.jp/rb/12866156/; normalizedTitle=だがしかし; matchedRakutenAuthor=コトヤマ; isbn=9784091251251.
mapping-82292ef1560e0e6b7e8e,nippan-bookseller-recommendations-2015-015,candidate-1d447cc9026b530fb53d,work-1d447cc9026b530fb53d,duplicate,だがしかし,1,日本出版販売「全国書店員が選んだおすすめコミック」 official selection + Rakuten Books exact product match,https://www.honyaclub.com/shop/pages/osusume_comic2015.aspx?affiliate=osusumec,2015,2026-08-22,sourceOfficialUrl=https://www.honyaclub.com/shop/pages/osusume_comic2015.aspx?affiliate=osusumec; rakutenProductUrl=https://books.rakuten.co.jp/rb/12866156/; normalizedTitle=だがしかし; matchedRakutenAuthor=コトヤマ; isbn=9784091251251.
mapping-bdfbca3e9d8b24c5affa,nippan-bookseller-recommendations-2016-005,candidate-1d447cc9026b530fb53d,work-1d447cc9026b530fb53d,duplicate,だがしかし,1,日本出版販売「全国書店員が選んだおすすめコミック」 official selection + Rakuten Books exact product match,https://www.honyaclub.com/shop/pages/osusumecomic2016.aspx?affiliate=osusumec16,2016,2026-08-22,sourceOfficialUrl=https://www.honyaclub.com/shop/pages/osusumecomic2016.aspx?affiliate=osusumec16; rakutenProductUrl=https://books.rakuten.co.jp/rb/12866156/; normalizedTitle=だがしかし; matchedRakutenAuthor=コトヤマ; isbn=9784091251251.
mapping-710f5acfcc1697e96628,tsugimanga-2015-comics-034,candidate-1d447cc9026b530fb53d,work-1d447cc9026b530fb53d,included,だがしかし,1,KADOKAWA「次にくるマンガ大賞」 official selection + Rakuten Books exact product match,https://tsugimanga.jp/winner/2015/comics,2015-02-06,2026-08-22,sourceOfficialUrl=https://tsugimanga.jp/winner/2015/comics; rakutenProductUrl=https://books.rakuten.co.jp/rb/12866156/; normalizedTitle=だがしかし; matchedRakutenAuthor=コトヤマ; isbn=9784091251251.
mapping-e4ba4c221c83bd358aed,mangataisho-2013-006,candidate-29806fe5f9633b940747,work-29806fe5f9633b940747,included,暗殺教室,1,マンガ大賞実行委員会 official selection + Rakuten Books exact product match,https://www.mangataisho.com/archives/2013.html,2013,2026-08-22,sourceOfficialUrl=https://www.mangataisho.com/archives/2013.html; rakutenProductUrl=https://books.rakuten.co.jp/rb/11941886/; normalizedTitle=暗殺教室; matchedRakutenAuthor=松井優征; isbn=9784088705965.
mapping-8851265494ebe1a5d542,mangataisho-2014-200,candidate-29806fe5f9633b940747,work-29806fe5f9633b940747,duplicate,暗殺教室,1,マンガ大賞実行委員会 official selection + Rakuten Books exact product match,https://www.mangataisho.com/archives/2014.html,2014,2026-08-22,sourceOfficialUrl=https://www.mangataisho.com/archives/2014.html; rakutenProductUrl=https://books.rakuten.co.jp/rb/11941886/; normalizedTitle=暗殺教室; matchedRakutenAuthor=松井優征; isbn=9784088705965.
mapping-df334772d2b0a89dae38,nippan-bookseller-recommendations-2013-001,candidate-29806fe5f9633b940747,work-29806fe5f9633b940747,duplicate,暗殺教室,1,日本出版販売「全国書店員が選んだおすすめコミック」 official selection + Rakuten Books exact product match,https://www.honyaclub.com/shop/pages/osusume.aspx,2013,2026-08-22,sourceOfficialUrl=https://www.honyaclub.com/shop/pages/osusume.aspx; rakutenProductUrl=https://books.rakuten.co.jp/rb/11941886/; normalizedTitle=暗殺教室; matchedRakutenAuthor=松井優征; isbn=9784088705965.
mapping-1d32b44ba99e6b4d5abd,mangataisho-2010-050,candidate-319e39a597d16251efc9,work-319e39a597d16251efc9,included,乱と灰色の世界,1,マンガ大賞実行委員会 official selection + Rakuten Books exact product match,https://www.mangataisho.com/archives/2010.html,2010,2026-08-22,sourceOfficialUrl=https://www.mangataisho.com/archives/2010.html; rakutenProductUrl=https://books.rakuten.co.jp/rb/6219401/; normalizedTitle=乱と灰色の世界; matchedRakutenAuthor=入江　亜季; isbn=9784047261457.
mapping-a9c3833f15084003b1c3,mangataisho-2012-023,candidate-319e39a597d16251efc9,work-319e39a597d16251efc9,duplicate,乱と灰色の世界,1,マンガ大賞実行委員会 official selection + Rakuten Books exact product match,https://www.mangataisho.com/archives/2012.html,2012,2026-08-22,sourceOfficialUrl=https://www.mangataisho.com/archives/2012.html; rakutenProductUrl=https://books.rakuten.co.jp/rb/6219401/; normalizedTitle=乱と灰色の世界; matchedRakutenAuthor=入江　亜季; isbn=9784047261457.
mapping-d8b3bb027ca9ddcd1082,mangataisho-2013-037,candidate-319e39a597d16251efc9,work-319e39a597d16251efc9,duplicate,乱と灰色の世界,1,マンガ大賞実行委員会 official selection + Rakuten Books exact product match,https://www.mangataisho.com/archives/2013.html,2013,2026-08-22,sourceOfficialUrl=https://www.mangataisho.com/archives/2013.html; rakutenProductUrl=https://books.rakuten.co.jp/rb/6219401/; normalizedTitle=乱と灰色の世界; matchedRakutenAuthor=入江　亜季; isbn=9784047261457.
mapping-7d2ce680ffea80eab92f,mangataisho-2014-021,candidate-319e39a597d16251efc9,work-319e39a597d16251efc9,duplicate,乱と灰色の世界,1,マンガ大賞実行委員会 official selection + Rakuten Books exact product match,https://www.mangataisho.com/archives/2014.html,2014,2026-08-22,sourceOfficialUrl=https://www.mangataisho.com/archives/2014.html; rakutenProductUrl=https://books.rakuten.co.jp/rb/6219401/; normalizedTitle=乱と灰色の世界; matchedRakutenAuthor=入江　亜季; isbn=9784047261457.
mapping-fb9989dc4ffc363b7f15,nippan-bookseller-recommendations-2011-012,candidate-319e39a597d16251efc9,work-319e39a597d16251efc9,duplicate,乱と灰色の世界,1,日本出版販売「全国書店員が選んだおすすめコミック」 official selection + Rakuten Books exact product match,https://hon-hikidashi.jp/event/105000/,2011,2026-08-22,sourceOfficialUrl=https://hon-hikidashi.jp/event/105000/; rakutenProductUrl=https://books.rakuten.co.jp/rb/6219401/; normalizedTitle=乱と灰色の世界; matchedRakutenAuthor=入江　亜季; isbn=9784047261457.
mapping-dc30a7643e58a0a52201,konomanga-2023-ranking-05,candidate-3ba6e8e3cfdec674eae3,work-3ba6e8e3cfdec674eae3,included,劇光仮面,1,宝島社「このマンガがすごい！」編集部 official selection + Rakuten Books exact product match,https://sugoiweb.jp/column/4772/,2022-12-12,2026-08-22,sourceOfficialUrl=https://sugoiweb.jp/column/4772/; rakutenProductUrl=https://books.rakuten.co.jp/rb/17114814/; normalizedTitle=劇光仮面; matchedRakutenAuthor=山口 貴由; isbn=9784098613632.
mapping-35fb9d9fffdfd5360335,mangataisho-2023-009,candidate-3ba6e8e3cfdec674eae3,work-3ba6e8e3cfdec674eae3,duplicate,劇光仮面,1,マンガ大賞実行委員会 official selection + Rakuten Books exact product match,https://www.mangataisho.com/archives/2023.html,2023,2026-08-22,sourceOfficialUrl=https://www.mangataisho.com/archives/2023.html; rakutenProductUrl=https://books.rakuten.co.jp/rb/17114814/; normalizedTitle=劇光仮面; matchedRakutenAuthor=山口 貴由; isbn=9784098613632.
mapping-518708e037135d1689d2,tsugimanga-2024-comics-010,candidate-3ba6e8e3cfdec674eae3,work-3ba6e8e3cfdec674eae3,duplicate,劇光仮面,1,KADOKAWA「次にくるマンガ大賞」 official selection + Rakuten Books exact product match,https://tsugimanga.jp/winner/2024/comics,2024-08-28,2026-08-22,sourceOfficialUrl=https://tsugimanga.jp/winner/2024/comics; rakutenProductUrl=https://books.rakuten.co.jp/rb/17114814/; normalizedTitle=劇光仮面; matchedRakutenAuthor=山口 貴由; isbn=9784098613632.
mapping-da32a48789a09240db19,konomanga-2020-ranking-16,candidate-40ea287aae6305289cf6,work-40ea287aae6305289cf6,included,その着せ替え人形は恋をする,1,宝島社「このマンガがすごい！」編集部 official selection + Rakuten Books exact product match,https://sugoiweb.jp/column/4894/,2019-12-20,2026-08-22,sourceOfficialUrl=https://sugoiweb.jp/column/4894/; rakutenProductUrl=https://books.rakuten.co.jp/rb/15658806/; normalizedTitle=その着せ替え人形は恋をする; matchedRakutenAuthor=福田晋一; isbn=9784757559202.
mapping-6690c0b14b9a6f550d2a,nippan-bookseller-recommendations-2020-003,candidate-40ea287aae6305289cf6,work-40ea287aae6305289cf6,duplicate,その着せ替え人形は恋をする,1,日本出版販売「全国書店員が選んだおすすめコミック」 official selection + Rakuten Books exact product match,https://hon-hikidashi.jp/event/105418/,2020,2026-08-22,sourceOfficialUrl=https://hon-hikidashi.jp/event/105418/; rakutenProductUrl=https://books.rakuten.co.jp/rb/15658806/; normalizedTitle=その着せ替え人形は恋をする; matchedRakutenAuthor=福田晋一; isbn=9784757559202.
mapping-9b5f339377a241658026,tsugimanga-2019-comics-023,candidate-40ea287aae6305289cf6,work-40ea287aae6305289cf6,duplicate,その着せ替え人形は恋をする,1,KADOKAWA「次にくるマンガ大賞」 official selection + Rakuten Books exact product match,https://tsugimanga.jp/winner/2019/comics,2019-08-22,2026-08-22,sourceOfficialUrl=https://tsugimanga.jp/winner/2019/comics; rakutenProductUrl=https://books.rakuten.co.jp/rb/15658806/; normalizedTitle=その着せ替え人形は恋をする; matchedRakutenAuthor=福田晋一; isbn=9784757559202.
mapping-54e36eebd9516f234a98,mangataisho-2011-021,candidate-550854424fc9cc94d585,work-550854424fc9cc94d585,included,高杉さん家のおべんとう,1,マンガ大賞実行委員会 official selection + Rakuten Books exact product match,https://www.mangataisho.com/archives/2011.html,2011,2026-08-22,sourceOfficialUrl=https://www.mangataisho.com/archives/2011.html; rakutenProductUrl=https://books.rakuten.co.jp/rb/17971343/; normalizedTitle=高杉さん家のおべんとう; matchedRakutenAuthor=柳原　望; isbn=9784040661001.
mapping-9a4c6d2059b1a8047bd4,mangataisho-2012-010,candidate-550854424fc9cc94d585,work-550854424fc9cc94d585,duplicate,高杉さん家のおべんとう,1,マンガ大賞実行委員会 official selection + Rakuten Books exact product match,https://www.mangataisho.com/archives/2012.html,2012,2026-08-22,sourceOfficialUrl=https://www.mangataisho.com/archives/2012.html; rakutenProductUrl=https://books.rakuten.co.jp/rb/17971343/; normalizedTitle=高杉さん家のおべんとう; matchedRakutenAuthor=柳原　望; isbn=9784040661001.
mapping-37edbafa678ee83d937e,mangataisho-2013-017,candidate-550854424fc9cc94d585,work-550854424fc9cc94d585,duplicate,高杉さん家のおべんとう,1,マンガ大賞実行委員会 official selection + Rakuten Books exact product match,https://www.mangataisho.com/archives/2013.html,2013,2026-08-22,sourceOfficialUrl=https://www.mangataisho.com/archives/2013.html; rakutenProductUrl=https://books.rakuten.co.jp/rb/17971343/; normalizedTitle=高杉さん家のおべんとう; matchedRakutenAuthor=柳原　望; isbn=9784040661001.
mapping-3c284ec6925b6abd792f,mangataisho-2014-148,candidate-550854424fc9cc94d585,work-550854424fc9cc94d585,duplicate,高杉さん家のおべんとう,1,マンガ大賞実行委員会 official selection + Rakuten Books exact product match,https://www.mangataisho.com/archives/2014.html,2014,2026-08-22,sourceOfficialUrl=https://www.mangataisho.com/archives/2014.html; rakutenProductUrl=https://books.rakuten.co.jp/rb/17971343/; normalizedTitle=高杉さん家のおべんとう; matchedRakutenAuthor=柳原　望; isbn=9784040661001.
mapping-84c55269dd0a5dbc301a,mangataisho-2010-099,candidate-5baea1ce0e7e74df34b9,work-5baea1ce0e7e74df34b9,included,刻刻,1,マンガ大賞実行委員会 official selection + Rakuten Books exact product match,https://www.mangataisho.com/archives/2010.html,2010,2026-08-22,sourceOfficialUrl=https://www.mangataisho.com/archives/2010.html; rakutenProductUrl=https://books.rakuten.co.jp/rb/6144821/; normalizedTitle=刻刻; matchedRakutenAuthor=堀尾 省太; isbn=9784063728224.
mapping-f5c42a395fae183c5aa3,mangataisho-2011-008,candidate-5baea1ce0e7e74df34b9,work-5baea1ce0e7e74df34b9,duplicate,刻刻,1,マンガ大賞実行委員会 official selection + Rakuten Books exact product match,https://www.mangataisho.com/archives/2011.html,2011,2026-08-22,sourceOfficialUrl=https://www.mangataisho.com/archives/2011.html; rakutenProductUrl=https://books.rakuten.co.jp/rb/6144821/; normalizedTitle=刻刻; matchedRakutenAuthor=堀尾 省太; isbn=9784063728224.
mapping-1325100c6ea12a8130da,mangataisho-2014-124,candidate-5baea1ce0e7e74df34b9,work-5baea1ce0e7e74df34b9,duplicate,刻刻,1,マンガ大賞実行委員会 official selection + Rakuten Books exact product match,https://www.mangataisho.com/archives/2014.html,2014,2026-08-22,sourceOfficialUrl=https://www.mangataisho.com/archives/2014.html; rakutenProductUrl=https://books.rakuten.co.jp/rb/6144821/; normalizedTitle=刻刻; matchedRakutenAuthor=堀尾 省太; isbn=9784063728224.
mapping-6f29dbed4a910f37409c,mangataisho-2015-103,candidate-5baea1ce0e7e74df34b9,work-5baea1ce0e7e74df34b9,duplicate,刻刻,1,マンガ大賞実行委員会 official selection + Rakuten Books exact product match,https://www.mangataisho.com/archives/2015.html,2015,2026-08-22,sourceOfficialUrl=https://www.mangataisho.com/archives/2015.html; rakutenProductUrl=https://books.rakuten.co.jp/rb/6144821/; normalizedTitle=刻刻; matchedRakutenAuthor=堀尾 省太; isbn=9784063728224.
mapping-3ea8803fc82c2ca41679,mangataisho-2011-177,candidate-672862529a341488245b,work-672862529a341488245b,included,BUTTER！！！,1,マンガ大賞実行委員会 official selection + Rakuten Books exact product match,https://www.mangataisho.com/archives/2011.html,2011,2026-08-22,sourceOfficialUrl=https://www.mangataisho.com/archives/2011.html; rakutenProductUrl=https://books.rakuten.co.jp/rb/6508769/; normalizedTitle=butter!!!; matchedRakutenAuthor=ヤマシタトモコ; isbn=9784063106824.
mapping-2f7e949b7d892a9860a2,mangataisho-2012-197,candidate-672862529a341488245b,work-672862529a341488245b,duplicate,BUTTER！！！,1,マンガ大賞実行委員会 official selection + Rakuten Books exact product match,https://www.mangataisho.com/archives/2012.html,2012,2026-08-22,sourceOfficialUrl=https://www.mangataisho.com/archives/2012.html; rakutenProductUrl=https://books.rakuten.co.jp/rb/6508769/; normalizedTitle=butter!!!; matchedRakutenAuthor=ヤマシタトモコ; isbn=9784063106824.
mapping-fc29dda0da99b7c434c9,mangataisho-2013-193,candidate-672862529a341488245b,work-672862529a341488245b,duplicate,BUTTER！！！,1,マンガ大賞実行委員会 official selection + Rakuten Books exact product match,https://www.mangataisho.com/archives/2013.html,2013,2026-08-22,sourceOfficialUrl=https://www.mangataisho.com/archives/2013.html; rakutenProductUrl=https://books.rakuten.co.jp/rb/6508769/; normalizedTitle=butter!!!; matchedRakutenAuthor=ヤマシタトモコ; isbn=9784063106824.
mapping-56687fed3daf122d5b31,mangataisho-2014-125,candidate-672862529a341488245b,work-672862529a341488245b,duplicate,BUTTER！！！,1,マンガ大賞実行委員会 official selection + Rakuten Books exact product match,https://www.mangataisho.com/archives/2014.html,2014,2026-08-22,sourceOfficialUrl=https://www.mangataisho.com/archives/2014.html; rakutenProductUrl=https://books.rakuten.co.jp/rb/6508769/; normalizedTitle=butter!!!; matchedRakutenAuthor=ヤマシタトモコ; isbn=9784063106824.
mapping-a8fbc9620053ba77f821,mangataisho-2015-067,candidate-680837b0db4ec9d2932c,work-680837b0db4ec9d2932c,duplicate,トクサツガガガ,1,マンガ大賞実行委員会 official selection + Rakuten Books exact product match,https://www.mangataisho.com/archives/2015.html,2015,2026-08-22,sourceOfficialUrl=https://www.mangataisho.com/archives/2015.html; rakutenProductUrl=https://books.rakuten.co.jp/rb/12961494/; normalizedTitle=とくさつががが; matchedRakutenAuthor=丹羽庭; isbn=9784091866066.
mapping-a59d8543bfc03c586201,nippan-bookseller-recommendations-2016-015,candidate-680837b0db4ec9d2932c,work-680837b0db4ec9d2932c,duplicate,トクサツガガガ,1,日本出版販売「全国書店員が選んだおすすめコミック」 official selection + Rakuten Books exact product match,https://www.honyaclub.com/shop/pages/osusumecomic2016.aspx?affiliate=osusumec16,2016,2026-08-22,sourceOfficialUrl=https://www.honyaclub.com/shop/pages/osusumecomic2016.aspx?affiliate=osusumec16; rakutenProductUrl=https://books.rakuten.co.jp/rb/12961494/; normalizedTitle=とくさつががが; matchedRakutenAuthor=丹羽庭; isbn=9784091866066.
mapping-c5e54e54c9909c23a1a3,tsugimanga-2016-comics-029,candidate-680837b0db4ec9d2932c,work-680837b0db4ec9d2932c,included,トクサツガガガ,1,KADOKAWA「次にくるマンガ大賞」 official selection + Rakuten Books exact product match,https://tsugimanga.jp/winner/2016/comics,2016-02-04,2026-08-22,sourceOfficialUrl=https://tsugimanga.jp/winner/2016/comics; rakutenProductUrl=https://books.rakuten.co.jp/rb/12961494/; normalizedTitle=とくさつががが; matchedRakutenAuthor=丹羽庭; isbn=9784091866066.
mapping-4ca5faad818071f7ea07,mangataisho-2008-009,candidate-724c064d491faf4c7414,work-724c064d491faf4c7414,included,もやしもん,1,マンガ大賞実行委員会 official selection + Rakuten Books exact product match,https://www.mangataisho.com/archives/2008.html,2008,2026-08-22,sourceOfficialUrl=https://www.mangataisho.com/archives/2008.html; rakutenProductUrl=https://books.rakuten.co.jp/rb/3566736/; normalizedTitle=もやしもん; matchedRakutenAuthor=石川 雅之; isbn=9784063521061.
mapping-7c95ef099156493c1480,mangataisho-2009-106,candidate-724c064d491faf4c7414,work-724c064d491faf4c7414,duplicate,もやしもん,1,マンガ大賞実行委員会 official selection + Rakuten Books exact product match,https://www.mangataisho.com/archives/2009.html,2009,2026-08-22,sourceOfficialUrl=https://www.mangataisho.com/archives/2009.html; rakutenProductUrl=https://books.rakuten.co.jp/rb/3566736/; normalizedTitle=もやしもん; matchedRakutenAuthor=石川 雅之; isbn=9784063521061.
mapping-9a98681829f30b41c36b,nippan-bookseller-recommendations-2006-003,candidate-724c064d491faf4c7414,work-724c064d491faf4c7414,duplicate,もやしもん,1,日本出版販売「全国書店員が選んだおすすめコミック」 official selection + Rakuten Books exact product match,https://hon-hikidashi.jp/event/104714/,2006,2026-08-22,sourceOfficialUrl=https://hon-hikidashi.jp/event/104714/; rakutenProductUrl=https://books.rakuten.co.jp/rb/3566736/; normalizedTitle=もやしもん; matchedRakutenAuthor=石川 雅之; isbn=9784063521061.
mapping-f36f37675f4385a37878,mangataisho-2013-042,candidate-78d44d381562e37dd94a,work-78d44d381562e37dd94a,included,きょうは会社休みます。,1,マンガ大賞実行委員会 official selection + Rakuten Books exact product match,https://www.mangataisho.com/archives/2013.html,2013,2026-08-22,sourceOfficialUrl=https://www.mangataisho.com/archives/2013.html; rakutenProductUrl=https://books.rakuten.co.jp/rb/11603974/; normalizedTitle=きょうは会社休みます。; matchedRakutenAuthor=藤村真理; isbn=9784088467696.
mapping-b34c0810a6b04b8fa6be,mangataisho-2014-089,candidate-78d44d381562e37dd94a,work-78d44d381562e37dd94a,duplicate,きょうは会社休みます。,1,マンガ大賞実行委員会 official selection + Rakuten Books exact product match,https://www.mangataisho.com/archives/2014.html,2014,2026-08-22,sourceOfficialUrl=https://www.mangataisho.com/archives/2014.html; rakutenProductUrl=https://books.rakuten.co.jp/rb/11603974/; normalizedTitle=きょうは会社休みます。; matchedRakutenAuthor=藤村真理; isbn=9784088467696.
mapping-4a4cc4f4ad36145e15f5,nippan-bookseller-recommendations-2013-011,candidate-78d44d381562e37dd94a,work-78d44d381562e37dd94a,duplicate,きょうは会社休みます。,1,日本出版販売「全国書店員が選んだおすすめコミック」 official selection + Rakuten Books exact product match,https://www.honyaclub.com/shop/pages/osusume.aspx,2013,2026-08-22,sourceOfficialUrl=https://www.honyaclub.com/shop/pages/osusume.aspx; rakutenProductUrl=https://books.rakuten.co.jp/rb/11603974/; normalizedTitle=きょうは会社休みます。; matchedRakutenAuthor=藤村真理; isbn=9784088467696.
mapping-889be7864b166b525902,mangataisho-2009-021,candidate-7a4e7ba45413e1b8af34,work-7a4e7ba45413e1b8af34,included,青空エール,1,マンガ大賞実行委員会 official selection + Rakuten Books exact product match,https://www.mangataisho.com/archives/2009.html,2009,2026-08-22,sourceOfficialUrl=https://www.mangataisho.com/archives/2009.html; rakutenProductUrl=https://books.rakuten.co.jp/rb/5922968/; normalizedTitle=青空えーる; matchedRakutenAuthor=河原和音; isbn=9784088463667.
mapping-0764bd30ae3f9865dcd3,mangataisho-2010-091,candidate-7a4e7ba45413e1b8af34,work-7a4e7ba45413e1b8af34,duplicate,青空エール,1,マンガ大賞実行委員会 official selection + Rakuten Books exact product match,https://www.mangataisho.com/archives/2010.html,2010,2026-08-22,sourceOfficialUrl=https://www.mangataisho.com/archives/2010.html; rakutenProductUrl=https://books.rakuten.co.jp/rb/5922968/; normalizedTitle=青空えーる; matchedRakutenAuthor=河原和音; isbn=9784088463667.
mapping-eee4469133d1fa4eebf1,mangataisho-2012-179,candidate-7a4e7ba45413e1b8af34,work-7a4e7ba45413e1b8af34,duplicate,青空エール,1,マンガ大賞実行委員会 official selection + Rakuten Books exact product match,https://www.mangataisho.com/archives/2012.html,2012,2026-08-22,sourceOfficialUrl=https://www.mangataisho.com/archives/2012.html; rakutenProductUrl=https://books.rakuten.co.jp/rb/5922968/; normalizedTitle=青空えーる; matchedRakutenAuthor=河原和音; isbn=9784088463667.
mapping-d953b2d25357bf11eaee,nippan-bookseller-recommendations-2010-010,candidate-7a4e7ba45413e1b8af34,work-7a4e7ba45413e1b8af34,duplicate,青空エール,1,日本出版販売「全国書店員が選んだおすすめコミック」 official selection + Rakuten Books exact product match,https://hon-hikidashi.jp/event/104773/,2010,2026-08-22,sourceOfficialUrl=https://hon-hikidashi.jp/event/104773/; rakutenProductUrl=https://books.rakuten.co.jp/rb/5922968/; normalizedTitle=青空えーる; matchedRakutenAuthor=河原和音; isbn=9784088463667.
mapping-ab910a9a2d1abea4e61e,mangataisho-2014-044,candidate-7abb6e8396c5e1252173,work-7abb6e8396c5e1252173,duplicate,甘々と稲妻,1,マンガ大賞実行委員会 official selection + Rakuten Books exact product match,https://www.mangataisho.com/archives/2014.html,2014,2026-08-22,sourceOfficialUrl=https://www.mangataisho.com/archives/2014.html; rakutenProductUrl=https://books.rakuten.co.jp/rb/12417050/; normalizedTitle=甘々と稲妻; matchedRakutenAuthor=雨隠ギド; isbn=9784063879179.
mapping-ec7a190d2de80b533ecd,mangataisho-2015-119,candidate-7abb6e8396c5e1252173,work-7abb6e8396c5e1252173,duplicate,甘々と稲妻,1,マンガ大賞実行委員会 official selection + Rakuten Books exact product match,https://www.mangataisho.com/archives/2015.html,2015,2026-08-22,sourceOfficialUrl=https://www.mangataisho.com/archives/2015.html; rakutenProductUrl=https://books.rakuten.co.jp/rb/12417050/; normalizedTitle=甘々と稲妻; matchedRakutenAuthor=雨隠ギド; isbn=9784063879179.
mapping-0057c58bd3ca22bd4ea1,nippan-bookseller-recommendations-2015-010,candidate-7abb6e8396c5e1252173,work-7abb6e8396c5e1252173,duplicate,甘々と稲妻,1,日本出版販売「全国書店員が選んだおすすめコミック」 official selection + Rakuten Books exact product match,https://www.honyaclub.com/shop/pages/osusume_comic2015.aspx?affiliate=osusumec,2015,2026-08-22,sourceOfficialUrl=https://www.honyaclub.com/shop/pages/osusume_comic2015.aspx?affiliate=osusumec; rakutenProductUrl=https://books.rakuten.co.jp/rb/12417050/; normalizedTitle=甘々と稲妻; matchedRakutenAuthor=雨隠ギド; isbn=9784063879179.
mapping-f71b95675aaa689d49b2,tsugimanga-2015-comics-014,candidate-7abb6e8396c5e1252173,work-7abb6e8396c5e1252173,included,甘々と稲妻,1,KADOKAWA「次にくるマンガ大賞」 official selection + Rakuten Books exact product match,https://tsugimanga.jp/winner/2015/comics,2015-02-06,2026-08-22,sourceOfficialUrl=https://tsugimanga.jp/winner/2015/comics; rakutenProductUrl=https://books.rakuten.co.jp/rb/12417050/; normalizedTitle=甘々と稲妻; matchedRakutenAuthor=雨隠ギド; isbn=9784063879179.
mapping-a9c2128b3c201b02b54e,konomanga-2020-ranking-12,candidate-81c561ca6bb74a301cf8,work-81c561ca6bb74a301cf8,included,ライドンキング,1,宝島社「このマンガがすごい！」編集部 official selection + Rakuten Books exact product match,https://sugoiweb.jp/column/4894/,2019-12-20,2026-08-22,sourceOfficialUrl=https://sugoiweb.jp/column/4894/; rakutenProductUrl=https://books.rakuten.co.jp/rb/15740016/; normalizedTitle=らいどんきんぐ; matchedRakutenAuthor=馬場 康誌; isbn=9784065142103.
mapping-02188655e90e21469a7e,nippan-bookseller-recommendations-2020-010,candidate-81c561ca6bb74a301cf8,work-81c561ca6bb74a301cf8,duplicate,ライドンキング,1,日本出版販売「全国書店員が選んだおすすめコミック」 official selection + Rakuten Books exact product match,https://hon-hikidashi.jp/event/105418/,2020,2026-08-22,sourceOfficialUrl=https://hon-hikidashi.jp/event/105418/; rakutenProductUrl=https://books.rakuten.co.jp/rb/15740016/; normalizedTitle=らいどんきんぐ; matchedRakutenAuthor=馬場 康誌; isbn=9784065142103.
mapping-9e1d85969ee0c0eefff9,tsugimanga-2019-comics-049,candidate-81c561ca6bb74a301cf8,work-81c561ca6bb74a301cf8,duplicate,ライドンキング,1,KADOKAWA「次にくるマンガ大賞」 official selection + Rakuten Books exact product match,https://tsugimanga.jp/winner/2019/comics,2019-08-22,2026-08-22,sourceOfficialUrl=https://tsugimanga.jp/winner/2019/comics; rakutenProductUrl=https://books.rakuten.co.jp/rb/15740016/; normalizedTitle=らいどんきんぐ; matchedRakutenAuthor=馬場 康誌; isbn=9784065142103.
mapping-09a1cb8bca4842a55f5f,mangataisho-2008-089,candidate-83510afea8d961aec880,work-83510afea8d961aec880,included,俺はまだ本気出してないだけ,1,マンガ大賞実行委員会 official selection + Rakuten Books exact product match,https://www.mangataisho.com/archives/2008.html,2008,2026-08-22,sourceOfficialUrl=https://www.mangataisho.com/archives/2008.html; rakutenProductUrl=https://books.rakuten.co.jp/rb/4512345/; normalizedTitle=俺はまだ本気出してないだけ; matchedRakutenAuthor=青野春秋; isbn=9784091883773.
mapping-7c019847485558fe9175,mangataisho-2010-058,candidate-83510afea8d961aec880,work-83510afea8d961aec880,duplicate,俺はまだ本気出してないだけ,1,マンガ大賞実行委員会 official selection + Rakuten Books exact product match,https://www.mangataisho.com/archives/2010.html,2010,2026-08-22,sourceOfficialUrl=https://www.mangataisho.com/archives/2010.html; rakutenProductUrl=https://books.rakuten.co.jp/rb/4512345/; normalizedTitle=俺はまだ本気出してないだけ; matchedRakutenAuthor=青野春秋; isbn=9784091883773.
mapping-a4762ed7b00ea2554e3c,mangataisho-2011-040,candidate-83510afea8d961aec880,work-83510afea8d961aec880,duplicate,俺はまだ本気出してないだけ,1,マンガ大賞実行委員会 official selection + Rakuten Books exact product match,https://www.mangataisho.com/archives/2011.html,2011,2026-08-22,sourceOfficialUrl=https://www.mangataisho.com/archives/2011.html; rakutenProductUrl=https://books.rakuten.co.jp/rb/4512345/; normalizedTitle=俺はまだ本気出してないだけ; matchedRakutenAuthor=青野春秋; isbn=9784091883773.
mapping-521d2cd5b37a3209440b,mangataisho-2013-084,candidate-83510afea8d961aec880,work-83510afea8d961aec880,duplicate,俺はまだ本気出してないだけ,1,マンガ大賞実行委員会 official selection + Rakuten Books exact product match,https://www.mangataisho.com/archives/2013.html,2013,2026-08-22,sourceOfficialUrl=https://www.mangataisho.com/archives/2013.html; rakutenProductUrl=https://books.rakuten.co.jp/rb/4512345/; normalizedTitle=俺はまだ本気出してないだけ; matchedRakutenAuthor=青野春秋; isbn=9784091883773.
mapping-54c13f4dc352a32b9dea,konomanga-2020-ranking-03,candidate-84a6a139c55f2760544e,work-84a6a139c55f2760544e,included,僕の心のヤバイやつ,1,宝島社「このマンガがすごい！」編集部 official selection + Rakuten Books exact product match,https://sugoiweb.jp/column/4894/,2019-12-20,2026-08-22,sourceOfficialUrl=https://sugoiweb.jp/column/4894/; rakutenProductUrl=https://books.rakuten.co.jp/rb/15700939/; normalizedTitle=僕の心のやばいやつ; matchedRakutenAuthor=桜井　のりお; isbn=9784253226158.
mapping-7dbc3f2b0bad5831ccb9,konomanga-2021-ranking-09,candidate-84a6a139c55f2760544e,work-84a6a139c55f2760544e,duplicate,僕の心のヤバイやつ,1,宝島社「このマンガがすごい！」編集部 official selection + Rakuten Books exact product match,https://sugoiweb.jp/column/4868/,2020-12-10,2026-08-22,sourceOfficialUrl=https://sugoiweb.jp/column/4868/; rakutenProductUrl=https://books.rakuten.co.jp/rb/15700939/; normalizedTitle=僕の心のやばいやつ; matchedRakutenAuthor=桜井　のりお; isbn=9784253226158.
mapping-8222b7f6e12512bac026,mangataisho-2020-011,candidate-84a6a139c55f2760544e,work-84a6a139c55f2760544e,duplicate,僕の心のヤバイやつ,1,マンガ大賞実行委員会 official selection + Rakuten Books exact product match,https://www.mangataisho.com/archives/2020.html,2020,2026-08-22,sourceOfficialUrl=https://www.mangataisho.com/archives/2020.html; rakutenProductUrl=https://books.rakuten.co.jp/rb/15700939/; normalizedTitle=僕の心のやばいやつ; matchedRakutenAuthor=桜井　のりお; isbn=9784253226158.
mapping-cf158172735971126cba,nippan-bookseller-recommendations-2020-013,candidate-84a6a139c55f2760544e,work-84a6a139c55f2760544e,duplicate,僕の心のヤバイやつ,1,日本出版販売「全国書店員が選んだおすすめコミック」 official selection + Rakuten Books exact product match,https://hon-hikidashi.jp/event/105418/,2020,2026-08-22,sourceOfficialUrl=https://hon-hikidashi.jp/event/105418/; rakutenProductUrl=https://books.rakuten.co.jp/rb/15700939/; normalizedTitle=僕の心のやばいやつ; matchedRakutenAuthor=桜井　のりお; isbn=9784253226158.
mapping-c035f62a0d7e81e74400,mangataisho-2012-130,candidate-88e75622b83b794c03ac,work-88e75622b83b794c03ac,included,山賊ダイアリー,1,マンガ大賞実行委員会 official selection + Rakuten Books exact product match,https://www.mangataisho.com/archives/2012.html,2012,2026-08-22,sourceOfficialUrl=https://www.mangataisho.com/archives/2012.html; rakutenProductUrl=https://books.rakuten.co.jp/rb/11467757/; normalizedTitle=山賊だいありー; matchedRakutenAuthor=岡本 健太郎; isbn=9784063523911.
mapping-6d880d900e5c84587311,mangataisho-2013-010,candidate-88e75622b83b794c03ac,work-88e75622b83b794c03ac,duplicate,山賊ダイアリー,1,マンガ大賞実行委員会 official selection + Rakuten Books exact product match,https://www.mangataisho.com/archives/2013.html,2013,2026-08-22,sourceOfficialUrl=https://www.mangataisho.com/archives/2013.html; rakutenProductUrl=https://books.rakuten.co.jp/rb/11467757/; normalizedTitle=山賊だいありー; matchedRakutenAuthor=岡本 健太郎; isbn=9784063523911.
mapping-dd807974fb48fc2a385b,mangataisho-2014-202,candidate-88e75622b83b794c03ac,work-88e75622b83b794c03ac,duplicate,山賊ダイアリー,1,マンガ大賞実行委員会 official selection + Rakuten Books exact product match,https://www.mangataisho.com/archives/2014.html,2014,2026-08-22,sourceOfficialUrl=https://www.mangataisho.com/archives/2014.html; rakutenProductUrl=https://books.rakuten.co.jp/rb/11467757/; normalizedTitle=山賊だいありー; matchedRakutenAuthor=岡本 健太郎; isbn=9784063523911.
mapping-a4f66523b03f7cda64e7,mangataisho-2015-017,candidate-88e75622b83b794c03ac,work-88e75622b83b794c03ac,duplicate,山賊ダイアリー,1,マンガ大賞実行委員会 official selection + Rakuten Books exact product match,https://www.mangataisho.com/archives/2015.html,2015,2026-08-22,sourceOfficialUrl=https://www.mangataisho.com/archives/2015.html; rakutenProductUrl=https://books.rakuten.co.jp/rb/11467757/; normalizedTitle=山賊だいありー; matchedRakutenAuthor=岡本 健太郎; isbn=9784063523911.
mapping-877d15ad7f01566ff38b,nippan-bookseller-recommendations-2021-008,candidate-9036a98c069b5ef8cd54,work-9036a98c069b5ef8cd54,duplicate,よふかしのうた,1,日本出版販売「全国書店員が選んだおすすめコミック」 official selection + Rakuten Books exact product match,https://hon-hikidashi.jp/event/105449/,2021,2026-08-22,sourceOfficialUrl=https://hon-hikidashi.jp/event/105449/; rakutenProductUrl=https://books.rakuten.co.jp/rb/16090200/; normalizedTitle=よふかしのうた; matchedRakutenAuthor=コトヤマ; isbn=9784091294920.
mapping-65a351092988da2464f0,shogakukan-manga-award-68-002,candidate-9036a98c069b5ef8cd54,work-9036a98c069b5ef8cd54,duplicate,よふかしのうた,1,小学館「小学館漫画賞」 official selection + Rakuten Books exact product match,https://shogakukan-comic.jp/shogakukan-mangasho-archives,2022,2026-08-22,sourceOfficialUrl=https://shogakukan-comic.jp/shogakukan-mangasho-archives; rakutenProductUrl=https://books.rakuten.co.jp/rb/16090200/; normalizedTitle=よふかしのうた; matchedRakutenAuthor=コトヤマ; isbn=9784091294920.
mapping-0e4d8747c1b12f8ebc56,tsugimanga-2020-comics-048,candidate-9036a98c069b5ef8cd54,work-9036a98c069b5ef8cd54,included,よふかしのうた,1,KADOKAWA「次にくるマンガ大賞」 official selection + Rakuten Books exact product match,https://tsugimanga.jp/winner/2020/comics,2020-08-19,2026-08-22,sourceOfficialUrl=https://tsugimanga.jp/winner/2020/comics; rakutenProductUrl=https://books.rakuten.co.jp/rb/16090200/; normalizedTitle=よふかしのうた; matchedRakutenAuthor=コトヤマ; isbn=9784091294920.
mapping-8c59a739b032f889b9ac,mangataisho-2013-199,candidate-98637340992f2f50107d,work-98637340992f2f50107d,included,いつかティファニーで朝食を,1,マンガ大賞実行委員会 official selection + Rakuten Books exact product match,https://www.mangataisho.com/archives/2013.html,2013,2026-08-22,sourceOfficialUrl=https://www.mangataisho.com/archives/2013.html; rakutenProductUrl=https://books.rakuten.co.jp/rb/11842218/; normalizedTitle=いつかてぃふぁにーで朝食を; matchedRakutenAuthor=マキヒロチ; isbn=9784107716774.
mapping-d99381a272550e4d84c1,mangataisho-2014-121,candidate-98637340992f2f50107d,work-98637340992f2f50107d,duplicate,いつかティファニーで朝食を,1,マンガ大賞実行委員会 official selection + Rakuten Books exact product match,https://www.mangataisho.com/archives/2014.html,2014,2026-08-22,sourceOfficialUrl=https://www.mangataisho.com/archives/2014.html; rakutenProductUrl=https://books.rakuten.co.jp/rb/11842218/; normalizedTitle=いつかてぃふぁにーで朝食を; matchedRakutenAuthor=マキヒロチ; isbn=9784107716774.
mapping-8710dc3ab5f5014da73e,nippan-bookseller-recommendations-2014-015,candidate-98637340992f2f50107d,work-98637340992f2f50107d,duplicate,いつかティファニーで朝食を,1,日本出版販売「全国書店員が選んだおすすめコミック」 official selection + Rakuten Books exact product match,https://www.honyaclub.com/shop/pages/osusume_comic2014.aspx?affiliate=osusumec14,2014,2026-08-22,sourceOfficialUrl=https://www.honyaclub.com/shop/pages/osusume_comic2014.aspx?affiliate=osusumec14; rakutenProductUrl=https://books.rakuten.co.jp/rb/11842218/; normalizedTitle=いつかてぃふぁにーで朝食を; matchedRakutenAuthor=マキヒロチ; isbn=9784107716774.
mapping-6dda43c018b18ffa676c,mangataisho-2012-014,candidate-a25bac53b4757f13f21a,work-a25bac53b4757f13f21a,included,鬼灯の冷徹,1,マンガ大賞実行委員会 official selection + Rakuten Books exact product match,https://www.mangataisho.com/archives/2012.html,2012,2026-08-22,sourceOfficialUrl=https://www.mangataisho.com/archives/2012.html; rakutenProductUrl=https://books.rakuten.co.jp/rb/11169419/; normalizedTitle=鬼灯の冷徹; matchedRakutenAuthor=江口夏実; isbn=9784063870176.
mapping-402acad4757685e2a405,mangataisho-2013-146,candidate-a25bac53b4757f13f21a,work-a25bac53b4757f13f21a,duplicate,鬼灯の冷徹,1,マンガ大賞実行委員会 official selection + Rakuten Books exact product match,https://www.mangataisho.com/archives/2013.html,2013,2026-08-22,sourceOfficialUrl=https://www.mangataisho.com/archives/2013.html; rakutenProductUrl=https://books.rakuten.co.jp/rb/11169419/; normalizedTitle=鬼灯の冷徹; matchedRakutenAuthor=江口夏実; isbn=9784063870176.
mapping-420f466e2a32eaed1f28,nippan-bookseller-recommendations-2012-001,candidate-a25bac53b4757f13f21a,work-a25bac53b4757f13f21a,duplicate,鬼灯の冷徹,1,日本出版販売「全国書店員が選んだおすすめコミック」 official selection + Rakuten Books exact product match,https://hon-hikidashi.jp/event/105008/,2012,2026-08-22,sourceOfficialUrl=https://hon-hikidashi.jp/event/105008/; rakutenProductUrl=https://books.rakuten.co.jp/rb/11169419/; normalizedTitle=鬼灯の冷徹; matchedRakutenAuthor=江口夏実; isbn=9784063870176.
mapping-cdcdeae979d340adfd68,mangataisho-2013-038,candidate-a4ca6e21e97927928e1a,work-a4ca6e21e97927928e1a,included,喰う寝るふたり住むふたり,1,マンガ大賞実行委員会 official selection + Rakuten Books exact product match,https://www.mangataisho.com/archives/2013.html,2013,2026-08-22,sourceOfficialUrl=https://www.mangataisho.com/archives/2013.html; rakutenProductUrl=https://books.rakuten.co.jp/rb/11939449/; normalizedTitle=喰う寝るふたり住むふたり; matchedRakutenAuthor=日暮キノコ; isbn=9784199801198.
mapping-09a04e65688dd9b3f2dd,mangataisho-2014-143,candidate-a4ca6e21e97927928e1a,work-a4ca6e21e97927928e1a,duplicate,喰う寝るふたり住むふたり,1,マンガ大賞実行委員会 official selection + Rakuten Books exact product match,https://www.mangataisho.com/archives/2014.html,2014,2026-08-22,sourceOfficialUrl=https://www.mangataisho.com/archives/2014.html; rakutenProductUrl=https://books.rakuten.co.jp/rb/11939449/; normalizedTitle=喰う寝るふたり住むふたり; matchedRakutenAuthor=日暮キノコ; isbn=9784199801198.
mapping-f11e0a42d412915baeb7,mangataisho-2015-093,candidate-a4ca6e21e97927928e1a,work-a4ca6e21e97927928e1a,duplicate,喰う寝るふたり住むふたり,1,マンガ大賞実行委員会 official selection + Rakuten Books exact product match,https://www.mangataisho.com/archives/2015.html,2015,2026-08-22,sourceOfficialUrl=https://www.mangataisho.com/archives/2015.html; rakutenProductUrl=https://books.rakuten.co.jp/rb/11939449/; normalizedTitle=喰う寝るふたり住むふたり; matchedRakutenAuthor=日暮キノコ; isbn=9784199801198.
mapping-10066524ffb304faa7a5,nippan-bookseller-recommendations-2014-008,candidate-a4ca6e21e97927928e1a,work-a4ca6e21e97927928e1a,duplicate,喰う寝るふたり住むふたり,1,日本出版販売「全国書店員が選んだおすすめコミック」 official selection + Rakuten Books exact product match,https://www.honyaclub.com/shop/pages/osusume_comic2014.aspx?affiliate=osusumec14,2014,2026-08-22,sourceOfficialUrl=https://www.honyaclub.com/shop/pages/osusume_comic2014.aspx?affiliate=osusumec14; rakutenProductUrl=https://books.rakuten.co.jp/rb/11939449/; normalizedTitle=喰う寝るふたり住むふたり; matchedRakutenAuthor=日暮キノコ; isbn=9784199801198.
mapping-b7f92cc24f377f3779e6,mangataisho-2010-112,candidate-a7413b6e35e0d316a538,work-a7413b6e35e0d316a538,included,となりの怪物くん,1,マンガ大賞実行委員会 official selection + Rakuten Books exact product match,https://www.mangataisho.com/archives/2010.html,2010,2026-08-22,sourceOfficialUrl=https://www.mangataisho.com/archives/2010.html; rakutenProductUrl=https://books.rakuten.co.jp/rb/5929284/; normalizedTitle=となりの怪物くん; matchedRakutenAuthor=ろびこ; isbn=9784063655407.
mapping-d67c63f05a8e37613749,mangataisho-2011-115,candidate-a7413b6e35e0d316a538,work-a7413b6e35e0d316a538,duplicate,となりの怪物くん,1,マンガ大賞実行委員会 official selection + Rakuten Books exact product match,https://www.mangataisho.com/archives/2011.html,2011,2026-08-22,sourceOfficialUrl=https://www.mangataisho.com/archives/2011.html; rakutenProductUrl=https://books.rakuten.co.jp/rb/5929284/; normalizedTitle=となりの怪物くん; matchedRakutenAuthor=ろびこ; isbn=9784063655407.
mapping-90eaea5b70fc74993ccf,mangataisho-2012-078,candidate-a7413b6e35e0d316a538,work-a7413b6e35e0d316a538,duplicate,となりの怪物くん,1,マンガ大賞実行委員会 official selection + Rakuten Books exact product match,https://www.mangataisho.com/archives/2012.html,2012,2026-08-22,sourceOfficialUrl=https://www.mangataisho.com/archives/2012.html; rakutenProductUrl=https://books.rakuten.co.jp/rb/5929284/; normalizedTitle=となりの怪物くん; matchedRakutenAuthor=ろびこ; isbn=9784063655407.
mapping-66aae25c983f65566065,nippan-bookseller-recommendations-2010-008,candidate-a7413b6e35e0d316a538,work-a7413b6e35e0d316a538,duplicate,となりの怪物くん,1,日本出版販売「全国書店員が選んだおすすめコミック」 official selection + Rakuten Books exact product match,https://hon-hikidashi.jp/event/104773/,2010,2026-08-22,sourceOfficialUrl=https://hon-hikidashi.jp/event/104773/; rakutenProductUrl=https://books.rakuten.co.jp/rb/5929284/; normalizedTitle=となりの怪物くん; matchedRakutenAuthor=ろびこ; isbn=9784063655407.
mapping-2f5c3ee473c973c8aaa8,mangataisho-2010-012,candidate-a7e0062c7153978fc6fe,work-a7e0062c7153978fc6fe,included,失恋ショコラティエ,1,マンガ大賞実行委員会 official selection + Rakuten Books exact product match,https://www.mangataisho.com/archives/2010.html,2010,2026-08-22,sourceOfficialUrl=https://www.mangataisho.com/archives/2010.html; rakutenProductUrl=https://books.rakuten.co.jp/rb/5945029/; normalizedTitle=失恋しょこらてぃえ; matchedRakutenAuthor=水城 せとな; isbn=9784091322609.
mapping-4d2cdeef0b89dd6e2b20,mangataisho-2011-005,candidate-a7e0062c7153978fc6fe,work-a7e0062c7153978fc6fe,duplicate,失恋ショコラティエ,1,マンガ大賞実行委員会 official selection + Rakuten Books exact product match,https://www.mangataisho.com/archives/2011.html,2011,2026-08-22,sourceOfficialUrl=https://www.mangataisho.com/archives/2011.html; rakutenProductUrl=https://books.rakuten.co.jp/rb/5945029/; normalizedTitle=失恋しょこらてぃえ; matchedRakutenAuthor=水城 せとな; isbn=9784091322609.
mapping-12903e55db7a23557acd,mangataisho-2012-128,candidate-a7e0062c7153978fc6fe,work-a7e0062c7153978fc6fe,duplicate,失恋ショコラティエ,1,マンガ大賞実行委員会 official selection + Rakuten Books exact product match,https://www.mangataisho.com/archives/2012.html,2012,2026-08-22,sourceOfficialUrl=https://www.mangataisho.com/archives/2012.html; rakutenProductUrl=https://books.rakuten.co.jp/rb/5945029/; normalizedTitle=失恋しょこらてぃえ; matchedRakutenAuthor=水城 せとな; isbn=9784091322609.
mapping-a9d1ab3ba77f499900e9,mangataisho-2013-099,candidate-a7e0062c7153978fc6fe,work-a7e0062c7153978fc6fe,duplicate,失恋ショコラティエ,1,マンガ大賞実行委員会 official selection + Rakuten Books exact product match,https://www.mangataisho.com/archives/2013.html,2013,2026-08-22,sourceOfficialUrl=https://www.mangataisho.com/archives/2013.html; rakutenProductUrl=https://books.rakuten.co.jp/rb/5945029/; normalizedTitle=失恋しょこらてぃえ; matchedRakutenAuthor=水城 せとな; isbn=9784091322609.
mapping-2b9a72a2b170faa5243b,mangataisho-2014-052,candidate-a7e0062c7153978fc6fe,work-a7e0062c7153978fc6fe,duplicate,失恋ショコラティエ,1,マンガ大賞実行委員会 official selection + Rakuten Books exact product match,https://www.mangataisho.com/archives/2014.html,2014,2026-08-22,sourceOfficialUrl=https://www.mangataisho.com/archives/2014.html; rakutenProductUrl=https://books.rakuten.co.jp/rb/5945029/; normalizedTitle=失恋しょこらてぃえ; matchedRakutenAuthor=水城 せとな; isbn=9784091322609.
mapping-1805173a2bd398b5a9a0,nippan-bookseller-recommendations-2026-011,candidate-a960372ed5efa4031896,work-a960372ed5efa4031896,duplicate,シルバーマウンテン,1,日本出版販売「全国書店員が選んだおすすめコミック」 official selection + Rakuten Books exact product match,https://hon-hikidashi.jp/news/107527/,2026,2026-08-22,sourceOfficialUrl=https://hon-hikidashi.jp/news/107527/; rakutenProductUrl=https://books.rakuten.co.jp/rb/18321508/; normalizedTitle=しるばーまうんてん; matchedRakutenAuthor=藤田 和日郎; isbn=9784098542420.
mapping-a5f38e74bbdcccff2c7c,tsugimanga-2025-comics-017,candidate-a960372ed5efa4031896,work-a960372ed5efa4031896,included,シルバーマウンテン,1,KADOKAWA「次にくるマンガ大賞」 official selection + Rakuten Books exact product match,https://tsugimanga.jp/winner/2025/comics,2025-09-18,2026-08-22,sourceOfficialUrl=https://tsugimanga.jp/winner/2025/comics; rakutenProductUrl=https://books.rakuten.co.jp/rb/18321508/; normalizedTitle=しるばーまうんてん; matchedRakutenAuthor=藤田 和日郎; isbn=9784098542420.
mapping-1d07e49bcc6d03e19f53,tsugimanga-2026-comics-018,candidate-a960372ed5efa4031896,work-a960372ed5efa4031896,duplicate,シルバーマウンテン,1,KADOKAWA「次にくるマンガ大賞」 official selection + Rakuten Books exact product match,https://tsugimanga.jp/nominate/comics,2026-06-26,2026-08-22,sourceOfficialUrl=https://tsugimanga.jp/nominate/comics; rakutenProductUrl=https://books.rakuten.co.jp/rb/18321508/; normalizedTitle=しるばーまうんてん; matchedRakutenAuthor=藤田 和日郎; isbn=9784098542420.
mapping-fda9bc5c501aa77b99c5,mangataisho-2008-063,candidate-aa6d796e2e04a55b94b1,work-aa6d796e2e04a55b94b1,included,惑星のさみだれ,1,マンガ大賞実行委員会 official selection + Rakuten Books exact product match,https://www.mangataisho.com/archives/2008.html,2008,2026-08-22,sourceOfficialUrl=https://www.mangataisho.com/archives/2008.html; rakutenProductUrl=https://books.rakuten.co.jp/rb/3701296/; normalizedTitle=惑星のさみだれ; matchedRakutenAuthor=水上悟志; isbn=9784785926052.
mapping-d5cbac12652991e1a8f4,mangataisho-2009-042,candidate-aa6d796e2e04a55b94b1,work-aa6d796e2e04a55b94b1,duplicate,惑星のさみだれ,1,マンガ大賞実行委員会 official selection + Rakuten Books exact product match,https://www.mangataisho.com/archives/2009.html,2009,2026-08-22,sourceOfficialUrl=https://www.mangataisho.com/archives/2009.html; rakutenProductUrl=https://books.rakuten.co.jp/rb/3701296/; normalizedTitle=惑星のさみだれ; matchedRakutenAuthor=水上悟志; isbn=9784785926052.
mapping-6d2477fa2657ec49af31,mangataisho-2010-054,candidate-aa6d796e2e04a55b94b1,work-aa6d796e2e04a55b94b1,duplicate,惑星のさみだれ,1,マンガ大賞実行委員会 official selection + Rakuten Books exact product match,https://www.mangataisho.com/archives/2010.html,2010,2026-08-22,sourceOfficialUrl=https://www.mangataisho.com/archives/2010.html; rakutenProductUrl=https://books.rakuten.co.jp/rb/3701296/; normalizedTitle=惑星のさみだれ; matchedRakutenAuthor=水上悟志; isbn=9784785926052.
mapping-2a9e2bf147ef65a17059,mangataisho-2011-073,candidate-aa6d796e2e04a55b94b1,work-aa6d796e2e04a55b94b1,duplicate,惑星のさみだれ,1,マンガ大賞実行委員会 official selection + Rakuten Books exact product match,https://www.mangataisho.com/archives/2011.html,2011,2026-08-22,sourceOfficialUrl=https://www.mangataisho.com/archives/2011.html; rakutenProductUrl=https://books.rakuten.co.jp/rb/3701296/; normalizedTitle=惑星のさみだれ; matchedRakutenAuthor=水上悟志; isbn=9784785926052.
mapping-6f4c43ea62b7f881fd92,nippan-bookseller-recommendations-2020-012,candidate-ae0ac8a5acfc5fbb7dd6,work-ae0ac8a5acfc5fbb7dd6,duplicate,終末のワルキューレ,1,日本出版販売「全国書店員が選んだおすすめコミック」 official selection + Rakuten Books exact product match,https://hon-hikidashi.jp/event/105418/,2020,2026-08-22,sourceOfficialUrl=https://hon-hikidashi.jp/event/105418/; rakutenProductUrl=https://books.rakuten.co.jp/rb/15439988/; normalizedTitle=終末のわるきゅーれ; matchedRakutenAuthor=アジチカ/梅村真也/フクイタクミ; isbn=9784199804953.
mapping-20840e51402b4147a368,tsugimanga-2018-comics-022,candidate-ae0ac8a5acfc5fbb7dd6,work-ae0ac8a5acfc5fbb7dd6,included,終末のワルキューレ,1,KADOKAWA「次にくるマンガ大賞」 official selection + Rakuten Books exact product match,https://tsugimanga.jp/winner/2018/comics,2018-08-23,2026-08-22,sourceOfficialUrl=https://tsugimanga.jp/winner/2018/comics; rakutenProductUrl=https://books.rakuten.co.jp/rb/15439988/; normalizedTitle=終末のわるきゅーれ; matchedRakutenAuthor=アジチカ/梅村真也/フクイタクミ; isbn=9784199804953.
mapping-8e7665bf066a20920983,tsugimanga-2019-comics-018,candidate-ae0ac8a5acfc5fbb7dd6,work-ae0ac8a5acfc5fbb7dd6,duplicate,終末のワルキューレ,1,KADOKAWA「次にくるマンガ大賞」 official selection + Rakuten Books exact product match,https://tsugimanga.jp/winner/2019/comics,2019-08-22,2026-08-22,sourceOfficialUrl=https://tsugimanga.jp/winner/2019/comics; rakutenProductUrl=https://books.rakuten.co.jp/rb/15439988/; normalizedTitle=終末のわるきゅーれ; matchedRakutenAuthor=アジチカ/梅村真也/フクイタクミ; isbn=9784199804953.
mapping-5bc95c9a305e5044962a,mangataisho-2009-122,candidate-b2be97620643b3342637,work-b2be97620643b3342637,included,アオイホノオ,1,マンガ大賞実行委員会 official selection + Rakuten Books exact product match,https://www.mangataisho.com/archives/2009.html,2009,2026-08-22,sourceOfficialUrl=https://www.mangataisho.com/archives/2009.html; rakutenProductUrl=https://books.rakuten.co.jp/rb/5247037/; normalizedTitle=あおいほのお; matchedRakutenAuthor=島本和彦; isbn=9784091512680.
mapping-130cadffaf6b96b3e338,mangataisho-2010-010,candidate-b2be97620643b3342637,work-b2be97620643b3342637,duplicate,アオイホノオ,1,マンガ大賞実行委員会 official selection + Rakuten Books exact product match,https://www.mangataisho.com/archives/2010.html,2010,2026-08-22,sourceOfficialUrl=https://www.mangataisho.com/archives/2010.html; rakutenProductUrl=https://books.rakuten.co.jp/rb/5247037/; normalizedTitle=あおいほのお; matchedRakutenAuthor=島本和彦; isbn=9784091512680.
mapping-d202b37b5e622217fca4,mangataisho-2012-183,candidate-b2be97620643b3342637,work-b2be97620643b3342637,duplicate,アオイホノオ,1,マンガ大賞実行委員会 official selection + Rakuten Books exact product match,https://www.mangataisho.com/archives/2012.html,2012,2026-08-22,sourceOfficialUrl=https://www.mangataisho.com/archives/2012.html; rakutenProductUrl=https://books.rakuten.co.jp/rb/5247037/; normalizedTitle=あおいほのお; matchedRakutenAuthor=島本和彦; isbn=9784091512680.
mapping-a7df0b74fdff4431304d,shogakukan-manga-award-60-005,candidate-b2be97620643b3342637,work-b2be97620643b3342637,duplicate,アオイホノオ,1,小学館「小学館漫画賞」 official selection + Rakuten Books exact product match,https://shogakukan-comic.jp/shogakukan-mangasho-archives,2014,2026-08-22,sourceOfficialUrl=https://shogakukan-comic.jp/shogakukan-mangasho-archives; rakutenProductUrl=https://books.rakuten.co.jp/rb/5247037/; normalizedTitle=あおいほのお; matchedRakutenAuthor=島本和彦; isbn=9784091512680.
mapping-37f0cf6763e1e49b56ac,mangataisho-2010-117,candidate-b708734262fb9b67f948,work-b708734262fb9b67f948,included,ねこだらけ,1,マンガ大賞実行委員会 official selection + Rakuten Books exact product match,https://www.mangataisho.com/archives/2010.html,2010,2026-08-22,sourceOfficialUrl=https://www.mangataisho.com/archives/2010.html; rakutenProductUrl=https://books.rakuten.co.jp/rb/6136115/; normalizedTitle=ねこだらけ; matchedRakutenAuthor=横山キムチ; isbn=9784063728262.
mapping-52e5c273a4d750a35c32,mangataisho-2011-119,candidate-b708734262fb9b67f948,work-b708734262fb9b67f948,duplicate,ねこだらけ,1,マンガ大賞実行委員会 official selection + Rakuten Books exact product match,https://www.mangataisho.com/archives/2011.html,2011,2026-08-22,sourceOfficialUrl=https://www.mangataisho.com/archives/2011.html; rakutenProductUrl=https://books.rakuten.co.jp/rb/6136115/; normalizedTitle=ねこだらけ; matchedRakutenAuthor=横山キムチ; isbn=9784063728262.
mapping-b4d5c611b292084a022e,mangataisho-2012-069,candidate-b708734262fb9b67f948,work-b708734262fb9b67f948,duplicate,ねこだらけ,1,マンガ大賞実行委員会 official selection + Rakuten Books exact product match,https://www.mangataisho.com/archives/2012.html,2012,2026-08-22,sourceOfficialUrl=https://www.mangataisho.com/archives/2012.html; rakutenProductUrl=https://books.rakuten.co.jp/rb/6136115/; normalizedTitle=ねこだらけ; matchedRakutenAuthor=横山キムチ; isbn=9784063728262.
mapping-d47ee5ee2ce952c83397,mangataisho-2013-176,candidate-b708734262fb9b67f948,work-b708734262fb9b67f948,duplicate,ねこだらけ,1,マンガ大賞実行委員会 official selection + Rakuten Books exact product match,https://www.mangataisho.com/archives/2013.html,2013,2026-08-22,sourceOfficialUrl=https://www.mangataisho.com/archives/2013.html; rakutenProductUrl=https://books.rakuten.co.jp/rb/6136115/; normalizedTitle=ねこだらけ; matchedRakutenAuthor=横山キムチ; isbn=9784063728262.
mapping-ae4ba1a4fc5aaeb92e60,mangataisho-2012-019,candidate-bd42208a660912d9d95d,work-bd42208a660912d9d95d,included,路地恋花,1,マンガ大賞実行委員会 official selection + Rakuten Books exact product match,https://www.mangataisho.com/archives/2012.html,2012,2026-08-22,sourceOfficialUrl=https://www.mangataisho.com/archives/2012.html; rakutenProductUrl=https://books.rakuten.co.jp/rb/6314666/; normalizedTitle=路地恋花; matchedRakutenAuthor=麻生みこと; isbn=9784063106282.
mapping-9b32fb4041cf71748632,mangataisho-2013-021,candidate-bd42208a660912d9d95d,work-bd42208a660912d9d95d,duplicate,路地恋花,1,マンガ大賞実行委員会 official selection + Rakuten Books exact product match,https://www.mangataisho.com/archives/2013.html,2013,2026-08-22,sourceOfficialUrl=https://www.mangataisho.com/archives/2013.html; rakutenProductUrl=https://books.rakuten.co.jp/rb/6314666/; normalizedTitle=路地恋花; matchedRakutenAuthor=麻生みこと; isbn=9784063106282.
mapping-01f7abf4eaabe85b0057,nippan-bookseller-recommendations-2011-014,candidate-bd42208a660912d9d95d,work-bd42208a660912d9d95d,duplicate,路地恋花,1,日本出版販売「全国書店員が選んだおすすめコミック」 official selection + Rakuten Books exact product match,https://hon-hikidashi.jp/event/105000/,2011,2026-08-22,sourceOfficialUrl=https://hon-hikidashi.jp/event/105000/; rakutenProductUrl=https://books.rakuten.co.jp/rb/6314666/; normalizedTitle=路地恋花; matchedRakutenAuthor=麻生みこと; isbn=9784063106282.
mapping-8490bc2ada1ba96483c5,mangataisho-2011-089,candidate-c5e8c957903bf1832dc5,work-c5e8c957903bf1832dc5,included,日々ロック,1,マンガ大賞実行委員会 official selection + Rakuten Books exact product match,https://www.mangataisho.com/archives/2011.html,2011,2026-08-22,sourceOfficialUrl=https://www.mangataisho.com/archives/2011.html; rakutenProductUrl=https://books.rakuten.co.jp/rb/6737129/; normalizedTitle=日々ろっく; matchedRakutenAuthor=榎屋克優; isbn=9784088790343.
mapping-9279785401352569c5db,mangataisho-2012-011,candidate-c5e8c957903bf1832dc5,work-c5e8c957903bf1832dc5,duplicate,日々ロック,1,マンガ大賞実行委員会 official selection + Rakuten Books exact product match,https://www.mangataisho.com/archives/2012.html,2012,2026-08-22,sourceOfficialUrl=https://www.mangataisho.com/archives/2012.html; rakutenProductUrl=https://books.rakuten.co.jp/rb/6737129/; normalizedTitle=日々ろっく; matchedRakutenAuthor=榎屋克優; isbn=9784088790343.
mapping-07f5b141f6b8cdf19217,mangataisho-2013-179,candidate-c5e8c957903bf1832dc5,work-c5e8c957903bf1832dc5,duplicate,日々ロック,1,マンガ大賞実行委員会 official selection + Rakuten Books exact product match,https://www.mangataisho.com/archives/2013.html,2013,2026-08-22,sourceOfficialUrl=https://www.mangataisho.com/archives/2013.html; rakutenProductUrl=https://books.rakuten.co.jp/rb/6737129/; normalizedTitle=日々ろっく; matchedRakutenAuthor=榎屋克優; isbn=9784088790343.
mapping-bbd01a0f93ce8018a4fe,mangataisho-2014-166,candidate-c5e8c957903bf1832dc5,work-c5e8c957903bf1832dc5,duplicate,日々ロック,1,マンガ大賞実行委員会 official selection + Rakuten Books exact product match,https://www.mangataisho.com/archives/2014.html,2014,2026-08-22,sourceOfficialUrl=https://www.mangataisho.com/archives/2014.html; rakutenProductUrl=https://books.rakuten.co.jp/rb/6737129/; normalizedTitle=日々ろっく; matchedRakutenAuthor=榎屋克優; isbn=9784088790343.
mapping-9cc23c4e68c11dcd7e9c,mangataisho-2008-072,candidate-c805c5b70111f75d6fb5,work-c805c5b70111f75d6fb5,included,海獣の子供,1,マンガ大賞実行委員会 official selection + Rakuten Books exact product match,https://www.mangataisho.com/archives/2008.html,2008,2026-08-22,sourceOfficialUrl=https://www.mangataisho.com/archives/2008.html; rakutenProductUrl=https://books.rakuten.co.jp/rb/4427362/; normalizedTitle=海獣の子供; matchedRakutenAuthor=五十嵐 大介; isbn=9784091883681.
mapping-ab7ae4b4630b2cdeada0,mangataisho-2009-085,candidate-c805c5b70111f75d6fb5,work-c805c5b70111f75d6fb5,duplicate,海獣の子供,1,マンガ大賞実行委員会 official selection + Rakuten Books exact product match,https://www.mangataisho.com/archives/2009.html,2009,2026-08-22,sourceOfficialUrl=https://www.mangataisho.com/archives/2009.html; rakutenProductUrl=https://books.rakuten.co.jp/rb/4427362/; normalizedTitle=海獣の子供; matchedRakutenAuthor=五十嵐 大介; isbn=9784091883681.
mapping-8e4c9aa5cecff0c01a3a,mangataisho-2010-065,candidate-c805c5b70111f75d6fb5,work-c805c5b70111f75d6fb5,duplicate,海獣の子供,1,マンガ大賞実行委員会 official selection + Rakuten Books exact product match,https://www.mangataisho.com/archives/2010.html,2010,2026-08-22,sourceOfficialUrl=https://www.mangataisho.com/archives/2010.html; rakutenProductUrl=https://books.rakuten.co.jp/rb/4427362/; normalizedTitle=海獣の子供; matchedRakutenAuthor=五十嵐 大介; isbn=9784091883681.
mapping-0bb1618ad1b14b78812c,mangataisho-2013-150,candidate-c805c5b70111f75d6fb5,work-c805c5b70111f75d6fb5,duplicate,海獣の子供,1,マンガ大賞実行委員会 official selection + Rakuten Books exact product match,https://www.mangataisho.com/archives/2013.html,2013,2026-08-22,sourceOfficialUrl=https://www.mangataisho.com/archives/2013.html; rakutenProductUrl=https://books.rakuten.co.jp/rb/4427362/; normalizedTitle=海獣の子供; matchedRakutenAuthor=五十嵐 大介; isbn=9784091883681.
mapping-0bc8af110512d1f5fe71,nippan-bookseller-recommendations-2025-002,candidate-c9e32218e26c6c6292f9,work-c9e32218e26c6c6292f9,duplicate,ファントムバスターズ,1,日本出版販売「全国書店員が選んだおすすめコミック」 official selection + Rakuten Books exact product match,https://hon-hikidashi.jp/event/51345/,2025,2026-08-22,sourceOfficialUrl=https://hon-hikidashi.jp/event/51345/; rakutenProductUrl=https://books.rakuten.co.jp/rb/17678007/; normalizedTitle=ふぁんとむばすたーず; matchedRakutenAuthor=ネオショコ; isbn=9784088837246.
mapping-d717d2bfadced41d3f32,tsugimanga-2024-comics-031,candidate-c9e32218e26c6c6292f9,work-c9e32218e26c6c6292f9,included,ファントムバスターズ,1,KADOKAWA「次にくるマンガ大賞」 official selection + Rakuten Books exact product match,https://tsugimanga.jp/winner/2024/comics,2024-08-28,2026-08-22,sourceOfficialUrl=https://tsugimanga.jp/winner/2024/comics; rakutenProductUrl=https://books.rakuten.co.jp/rb/17678007/; normalizedTitle=ふぁんとむばすたーず; matchedRakutenAuthor=ネオショコ; isbn=9784088837246.
mapping-0008ba837131b7b43070,tsugimanga-2025-comics-027,candidate-c9e32218e26c6c6292f9,work-c9e32218e26c6c6292f9,duplicate,ファントムバスターズ,1,KADOKAWA「次にくるマンガ大賞」 official selection + Rakuten Books exact product match,https://tsugimanga.jp/winner/2025/comics,2025-09-18,2026-08-22,sourceOfficialUrl=https://tsugimanga.jp/winner/2025/comics; rakutenProductUrl=https://books.rakuten.co.jp/rb/17678007/; normalizedTitle=ふぁんとむばすたーず; matchedRakutenAuthor=ネオショコ; isbn=9784088837246.
mapping-fa6961c51c2b6e15bbf6,mangataisho-2014-209,candidate-d655ea1cfb913f33cc9a,work-d655ea1cfb913f33cc9a,included,湯神くんには友達がいない,1,マンガ大賞実行委員会 official selection + Rakuten Books exact product match,https://www.mangataisho.com/archives/2014.html,2014,2026-08-22,sourceOfficialUrl=https://www.mangataisho.com/archives/2014.html; rakutenProductUrl=https://books.rakuten.co.jp/rb/11941957/; normalizedTitle=湯神くんには友達がいない; matchedRakutenAuthor=佐倉 準; isbn=9784091240200.
mapping-cbb363e3facbc80aacc0,mangataisho-2015-186,candidate-d655ea1cfb913f33cc9a,work-d655ea1cfb913f33cc9a,duplicate,湯神くんには友達がいない,1,マンガ大賞実行委員会 official selection + Rakuten Books exact product match,https://www.mangataisho.com/archives/2015.html,2015,2026-08-22,sourceOfficialUrl=https://www.mangataisho.com/archives/2015.html; rakutenProductUrl=https://books.rakuten.co.jp/rb/11941957/; normalizedTitle=湯神くんには友達がいない; matchedRakutenAuthor=佐倉 準; isbn=9784091240200.
mapping-3382341c7a10bb99ce47,nippan-bookseller-recommendations-2014-013,candidate-d655ea1cfb913f33cc9a,work-d655ea1cfb913f33cc9a,duplicate,湯神くんには友達がいない,1,日本出版販売「全国書店員が選んだおすすめコミック」 official selection + Rakuten Books exact product match,https://www.honyaclub.com/shop/pages/osusume_comic2014.aspx?affiliate=osusumec14,2014,2026-08-22,sourceOfficialUrl=https://www.honyaclub.com/shop/pages/osusume_comic2014.aspx?affiliate=osusumec14; rakutenProductUrl=https://books.rakuten.co.jp/rb/11941957/; normalizedTitle=湯神くんには友達がいない; matchedRakutenAuthor=佐倉 準; isbn=9784091240200.
mapping-1de97cc9767d6d05aa76,mangataisho-2012-174,candidate-d735187a8421d0d33399,work-d735187a8421d0d33399,included,姉の結婚,1,マンガ大賞実行委員会 official selection + Rakuten Books exact product match,https://www.mangataisho.com/archives/2012.html,2012,2026-08-22,sourceOfficialUrl=https://www.mangataisho.com/archives/2012.html; rakutenProductUrl=https://books.rakuten.co.jp/rb/11144446/; normalizedTitle=姉の結婚; matchedRakutenAuthor=西 炯子; isbn=9784091338099.
mapping-43285732c3f3c40acc45,mangataisho-2013-086,candidate-d735187a8421d0d33399,work-d735187a8421d0d33399,duplicate,姉の結婚,1,マンガ大賞実行委員会 official selection + Rakuten Books exact product match,https://www.mangataisho.com/archives/2013.html,2013,2026-08-22,sourceOfficialUrl=https://www.mangataisho.com/archives/2013.html; rakutenProductUrl=https://books.rakuten.co.jp/rb/11144446/; normalizedTitle=姉の結婚; matchedRakutenAuthor=西 炯子; isbn=9784091338099.
mapping-6ec92e74bc0eb60c1786,mangataisho-2014-086,candidate-d735187a8421d0d33399,work-d735187a8421d0d33399,duplicate,姉の結婚,1,マンガ大賞実行委員会 official selection + Rakuten Books exact product match,https://www.mangataisho.com/archives/2014.html,2014,2026-08-22,sourceOfficialUrl=https://www.mangataisho.com/archives/2014.html; rakutenProductUrl=https://books.rakuten.co.jp/rb/11144446/; normalizedTitle=姉の結婚; matchedRakutenAuthor=西 炯子; isbn=9784091338099.
mapping-60efcba6e8daf0802c1f,mangataisho-2015-032,candidate-d735187a8421d0d33399,work-d735187a8421d0d33399,duplicate,姉の結婚,1,マンガ大賞実行委員会 official selection + Rakuten Books exact product match,https://www.mangataisho.com/archives/2015.html,2015,2026-08-22,sourceOfficialUrl=https://www.mangataisho.com/archives/2015.html; rakutenProductUrl=https://books.rakuten.co.jp/rb/11144446/; normalizedTitle=姉の結婚; matchedRakutenAuthor=西 炯子; isbn=9784091338099.
mapping-e7e4223f0f055e7d88de,nippan-bookseller-recommendations-2012-005,candidate-d735187a8421d0d33399,work-d735187a8421d0d33399,duplicate,姉の結婚,1,日本出版販売「全国書店員が選んだおすすめコミック」 official selection + Rakuten Books exact product match,https://hon-hikidashi.jp/event/105008/,2012,2026-08-22,sourceOfficialUrl=https://hon-hikidashi.jp/event/105008/; rakutenProductUrl=https://books.rakuten.co.jp/rb/11144446/; normalizedTitle=姉の結婚; matchedRakutenAuthor=西 炯子; isbn=9784091338099.
mapping-529cbe48e72c0088d610,mangataisho-2010-023,candidate-da98a01b4d345bd9c415,work-da98a01b4d345bd9c415,included,放課後のカリスマ,1,マンガ大賞実行委員会 official selection + Rakuten Books exact product match,https://www.mangataisho.com/archives/2010.html,2010,2026-08-22,sourceOfficialUrl=https://www.mangataisho.com/archives/2010.html; rakutenProductUrl=https://books.rakuten.co.jp/rb/6057566/; normalizedTitle=放課後のかりすま; matchedRakutenAuthor=スエカネクミコ; isbn=9784091884664.
mapping-32f2415386f2ed66a33f,mangataisho-2011-092,candidate-da98a01b4d345bd9c415,work-da98a01b4d345bd9c415,duplicate,放課後のカリスマ,1,マンガ大賞実行委員会 official selection + Rakuten Books exact product match,https://www.mangataisho.com/archives/2011.html,2011,2026-08-22,sourceOfficialUrl=https://www.mangataisho.com/archives/2011.html; rakutenProductUrl=https://books.rakuten.co.jp/rb/6057566/; normalizedTitle=放課後のかりすま; matchedRakutenAuthor=スエカネクミコ; isbn=9784091884664.
mapping-3e839e6e7adbb20419af,nippan-bookseller-recommendations-2010-003,candidate-da98a01b4d345bd9c415,work-da98a01b4d345bd9c415,duplicate,放課後のカリスマ,1,日本出版販売「全国書店員が選んだおすすめコミック」 official selection + Rakuten Books exact product match,https://hon-hikidashi.jp/event/104773/,2010,2026-08-22,sourceOfficialUrl=https://hon-hikidashi.jp/event/104773/; rakutenProductUrl=https://books.rakuten.co.jp/rb/6057566/; normalizedTitle=放課後のかりすま; matchedRakutenAuthor=スエカネクミコ; isbn=9784091884664.
mapping-c8e7e12010547a2f3aed,mangataisho-2012-015,candidate-df29832c2155775e0e7c,work-df29832c2155775e0e7c,included,となりの関くん,1,マンガ大賞実行委員会 official selection + Rakuten Books exact product match,https://www.mangataisho.com/archives/2012.html,2012,2026-08-22,sourceOfficialUrl=https://www.mangataisho.com/archives/2012.html; rakutenProductUrl=https://books.rakuten.co.jp/rb/12666671/; normalizedTitle=となりの関くん; matchedRakutenAuthor=森繁拓真; isbn=9784040665177.
mapping-d431bc4b20baf658a638,mangataisho-2014-164,candidate-df29832c2155775e0e7c,work-df29832c2155775e0e7c,duplicate,となりの関くん,1,マンガ大賞実行委員会 official selection + Rakuten Books exact product match,https://www.mangataisho.com/archives/2014.html,2014,2026-08-22,sourceOfficialUrl=https://www.mangataisho.com/archives/2014.html; rakutenProductUrl=https://books.rakuten.co.jp/rb/12666671/; normalizedTitle=となりの関くん; matchedRakutenAuthor=森繁拓真; isbn=9784040665177.
mapping-eee14c387462b9d2c6b4,nippan-bookseller-recommendations-2012-004,candidate-df29832c2155775e0e7c,work-df29832c2155775e0e7c,duplicate,となりの関くん,1,日本出版販売「全国書店員が選んだおすすめコミック」 official selection + Rakuten Books exact product match,https://hon-hikidashi.jp/event/105008/,2012,2026-08-22,sourceOfficialUrl=https://hon-hikidashi.jp/event/105008/; rakutenProductUrl=https://books.rakuten.co.jp/rb/12666671/; normalizedTitle=となりの関くん; matchedRakutenAuthor=森繁拓真; isbn=9784040665177.
mapping-9ffd3a45180851269d1b,mangataisho-2011-086,candidate-ea41ee65245a0dbdc4a8,work-ea41ee65245a0dbdc4a8,included,男子高校生の日常,1,マンガ大賞実行委員会 official selection + Rakuten Books exact product match,https://www.mangataisho.com/archives/2011.html,2011,2026-08-22,sourceOfficialUrl=https://www.mangataisho.com/archives/2011.html; rakutenProductUrl=https://books.rakuten.co.jp/rb/6315051/; normalizedTitle=男子高校生の日常; matchedRakutenAuthor=山内泰延; isbn=9784757528062.
mapping-b86bb72ea68dd545fb53,mangataisho-2012-099,candidate-ea41ee65245a0dbdc4a8,work-ea41ee65245a0dbdc4a8,duplicate,男子高校生の日常,1,マンガ大賞実行委員会 official selection + Rakuten Books exact product match,https://www.mangataisho.com/archives/2012.html,2012,2026-08-22,sourceOfficialUrl=https://www.mangataisho.com/archives/2012.html; rakutenProductUrl=https://books.rakuten.co.jp/rb/6315051/; normalizedTitle=男子高校生の日常; matchedRakutenAuthor=山内泰延; isbn=9784757528062.
mapping-d6decb9dcde2415d4278,nippan-bookseller-recommendations-2011-013,candidate-ea41ee65245a0dbdc4a8,work-ea41ee65245a0dbdc4a8,duplicate,男子高校生の日常,1,日本出版販売「全国書店員が選んだおすすめコミック」 official selection + Rakuten Books exact product match,https://hon-hikidashi.jp/event/105000/,2011,2026-08-22,sourceOfficialUrl=https://hon-hikidashi.jp/event/105000/; rakutenProductUrl=https://books.rakuten.co.jp/rb/6315051/; normalizedTitle=男子高校生の日常; matchedRakutenAuthor=山内泰延; isbn=9784757528062.
mapping-3a1686b8696a81717823,mangataisho-2008-060,candidate-f1d22b68efa7fbd501ee,work-f1d22b68efa7fbd501ee,included,僕の小規模な生活,1,マンガ大賞実行委員会 official selection + Rakuten Books exact product match,https://www.mangataisho.com/archives/2008.html,2008,2026-08-22,sourceOfficialUrl=https://www.mangataisho.com/archives/2008.html; rakutenProductUrl=https://books.rakuten.co.jp/rb/5215326/; normalizedTitle=僕の小規模な生活; matchedRakutenAuthor=福満しげゆき; isbn=9784063754179.
mapping-f1737f1093e36ad54f41,mangataisho-2009-053,candidate-f1d22b68efa7fbd501ee,work-f1d22b68efa7fbd501ee,duplicate,僕の小規模な生活,1,マンガ大賞実行委員会 official selection + Rakuten Books exact product match,https://www.mangataisho.com/archives/2009.html,2009,2026-08-22,sourceOfficialUrl=https://www.mangataisho.com/archives/2009.html; rakutenProductUrl=https://books.rakuten.co.jp/rb/5215326/; normalizedTitle=僕の小規模な生活; matchedRakutenAuthor=福満しげゆき; isbn=9784063754179.
mapping-b2c41aedb69b1b4fea42,mangataisho-2010-040,candidate-f1d22b68efa7fbd501ee,work-f1d22b68efa7fbd501ee,duplicate,僕の小規模な生活,1,マンガ大賞実行委員会 official selection + Rakuten Books exact product match,https://www.mangataisho.com/archives/2010.html,2010,2026-08-22,sourceOfficialUrl=https://www.mangataisho.com/archives/2010.html; rakutenProductUrl=https://books.rakuten.co.jp/rb/5215326/; normalizedTitle=僕の小規模な生活; matchedRakutenAuthor=福満しげゆき; isbn=9784063754179.
mapping-e226ac3f66fe33a9631a,mangataisho-2011-078,candidate-f1d22b68efa7fbd501ee,work-f1d22b68efa7fbd501ee,duplicate,僕の小規模な生活,1,マンガ大賞実行委員会 official selection + Rakuten Books exact product match,https://www.mangataisho.com/archives/2011.html,2011,2026-08-22,sourceOfficialUrl=https://www.mangataisho.com/archives/2011.html; rakutenProductUrl=https://books.rakuten.co.jp/rb/5215326/; normalizedTitle=僕の小規模な生活; matchedRakutenAuthor=福満しげゆき; isbn=9784063754179.
mapping-1b6120fbba4aa378af5a,mangataisho-2012-046,candidate-f1d22b68efa7fbd501ee,work-f1d22b68efa7fbd501ee,duplicate,僕の小規模な生活,1,マンガ大賞実行委員会 official selection + Rakuten Books exact product match,https://www.mangataisho.com/archives/2012.html,2012,2026-08-22,sourceOfficialUrl=https://www.mangataisho.com/archives/2012.html; rakutenProductUrl=https://books.rakuten.co.jp/rb/5215326/; normalizedTitle=僕の小規模な生活; matchedRakutenAuthor=福満しげゆき; isbn=9784063754179.
mapping-e110d010f452b224b66d,mangataisho-2014-041,candidate-f59be454d59478f33914,work-f59be454d59478f33914,duplicate,ハクメイとミコチ,1,マンガ大賞実行委員会 official selection + Rakuten Books exact product match,https://www.mangataisho.com/archives/2014.html,2014,2026-08-22,sourceOfficialUrl=https://www.mangataisho.com/archives/2014.html; rakutenProductUrl=https://books.rakuten.co.jp/rb/12127523/; normalizedTitle=はくめいとみこち; matchedRakutenAuthor=樫木　祐人; isbn=9784047286344.
mapping-72f6190375c6889af4e0,mangataisho-2015-160,candidate-f59be454d59478f33914,work-f59be454d59478f33914,duplicate,ハクメイとミコチ,1,マンガ大賞実行委員会 official selection + Rakuten Books exact product match,https://www.mangataisho.com/archives/2015.html,2015,2026-08-22,sourceOfficialUrl=https://www.mangataisho.com/archives/2015.html; rakutenProductUrl=https://books.rakuten.co.jp/rb/12127523/; normalizedTitle=はくめいとみこち; matchedRakutenAuthor=樫木　祐人; isbn=9784047286344.
mapping-83c4111efaf44d018562,mangataisho-2019-009,candidate-f59be454d59478f33914,work-f59be454d59478f33914,duplicate,ハクメイとミコチ,1,マンガ大賞実行委員会 official selection + Rakuten Books exact product match,https://www.mangataisho.com/archives/2019.html,2019,2026-08-22,sourceOfficialUrl=https://www.mangataisho.com/archives/2019.html; rakutenProductUrl=https://books.rakuten.co.jp/rb/12127523/; normalizedTitle=はくめいとみこち; matchedRakutenAuthor=樫木　祐人; isbn=9784047286344.
mapping-46492b6622cec60c2ea2,tsugimanga-2015-comics-041,candidate-f59be454d59478f33914,work-f59be454d59478f33914,included,ハクメイとミコチ,1,KADOKAWA「次にくるマンガ大賞」 official selection + Rakuten Books exact product match,https://tsugimanga.jp/winner/2015/comics,2015-02-06,2026-08-22,sourceOfficialUrl=https://tsugimanga.jp/winner/2015/comics; rakutenProductUrl=https://books.rakuten.co.jp/rb/12127523/; normalizedTitle=はくめいとみこち; matchedRakutenAuthor=樫木　祐人; isbn=9784047286344.
mapping-c059ceac4931ee777b65,tsugimanga-2016-comics-032,candidate-f59be454d59478f33914,work-f59be454d59478f33914,duplicate,ハクメイとミコチ,1,KADOKAWA「次にくるマンガ大賞」 official selection + Rakuten Books exact product match,https://tsugimanga.jp/winner/2016/comics,2016-02-04,2026-08-22,sourceOfficialUrl=https://tsugimanga.jp/winner/2016/comics; rakutenProductUrl=https://books.rakuten.co.jp/rb/12127523/; normalizedTitle=はくめいとみこち; matchedRakutenAuthor=樫木　祐人; isbn=9784047286344.
mapping-042f405b44ea59e5e2e9,mangataisho-2017-013,candidate-f6cddc6b36f20bd0cc74,work-f6cddc6b36f20bd0cc74,duplicate,空挺ドラゴンズ,1,マンガ大賞実行委員会 official selection + Rakuten Books exact product match,https://www.mangataisho.com/archives/2017.html,2017,2026-08-22,sourceOfficialUrl=https://www.mangataisho.com/archives/2017.html; rakutenProductUrl=https://books.rakuten.co.jp/rb/14496587/; normalizedTitle=空挺どらごんず; matchedRakutenAuthor=桑原 太矩; isbn=9784063882049.
mapping-0f585aa51b9baf5076f5,nippan-bookseller-recommendations-2018-005,candidate-f6cddc6b36f20bd0cc74,work-f6cddc6b36f20bd0cc74,duplicate,空挺ドラゴンズ,1,日本出版販売「全国書店員が選んだおすすめコミック」 official selection + Rakuten Books exact product match,https://www.honyaclub.com/shop/pages/osusumecomic2018.aspx?affiliate=osusumec18,2018,2026-08-22,sourceOfficialUrl=https://www.honyaclub.com/shop/pages/osusumecomic2018.aspx?affiliate=osusumec18; rakutenProductUrl=https://books.rakuten.co.jp/rb/14496587/; normalizedTitle=空挺どらごんず; matchedRakutenAuthor=桑原 太矩; isbn=9784063882049.
mapping-064ac3a00d2c2552654a,tsugimanga-2017-comics-015,candidate-f6cddc6b36f20bd0cc74,work-f6cddc6b36f20bd0cc74,included,空挺ドラゴンズ,1,KADOKAWA「次にくるマンガ大賞」 official selection + Rakuten Books exact product match,https://tsugimanga.jp/winner/2017/comics,2017-08-23,2026-08-22,sourceOfficialUrl=https://tsugimanga.jp/winner/2017/comics; rakutenProductUrl=https://books.rakuten.co.jp/rb/14496587/; normalizedTitle=空挺どらごんず; matchedRakutenAuthor=桑原 太矩; isbn=9784063882049.
mapping-ee9393d73244cd3bc852,mangataisho-2014-157,candidate-f6fa4c2d3a7e1dc5257b,work-f6fa4c2d3a7e1dc5257b,included,ワカコ酒,1,マンガ大賞実行委員会 official selection + Rakuten Books exact product match,https://www.mangataisho.com/archives/2014.html,2014,2026-08-22,sourceOfficialUrl=https://www.mangataisho.com/archives/2014.html; rakutenProductUrl=https://books.rakuten.co.jp/rb/12270968/; normalizedTitle=わかこ酒; matchedRakutenAuthor=新久千映; isbn=9784199801457.
mapping-b412ffcfbb98e3c7739c,mangataisho-2015-214,candidate-f6fa4c2d3a7e1dc5257b,work-f6fa4c2d3a7e1dc5257b,duplicate,ワカコ酒,1,マンガ大賞実行委員会 official selection + Rakuten Books exact product match,https://www.mangataisho.com/archives/2015.html,2015,2026-08-22,sourceOfficialUrl=https://www.mangataisho.com/archives/2015.html; rakutenProductUrl=https://books.rakuten.co.jp/rb/12270968/; normalizedTitle=わかこ酒; matchedRakutenAuthor=新久千映; isbn=9784199801457.
mapping-5b63a47a596c80a1bc44,nippan-bookseller-recommendations-2014-010,candidate-f6fa4c2d3a7e1dc5257b,work-f6fa4c2d3a7e1dc5257b,duplicate,ワカコ酒,1,日本出版販売「全国書店員が選んだおすすめコミック」 official selection + Rakuten Books exact product match,https://www.honyaclub.com/shop/pages/osusume_comic2014.aspx?affiliate=osusumec14,2014,2026-08-22,sourceOfficialUrl=https://www.honyaclub.com/shop/pages/osusume_comic2014.aspx?affiliate=osusumec14; rakutenProductUrl=https://books.rakuten.co.jp/rb/12270968/; normalizedTitle=わかこ酒; matchedRakutenAuthor=新久千映; isbn=9784199801457.
