workId,catalogRole,seriesGroupId,volumeCount,reviewAverage,reviewCount
dungeon-meshi,bridge,,14,4.34,212
kingdom,anchor,,79,4.43,160
fullmetal-alchemist,bridge,,27,4.57,570
death-note,anchor,,12,4.44,677
spy-family,bridge,,17,4.49,188
frieren,bridge,,15,4.55,169
chainsaw-man,bridge,,24,4.19,96
blue-lock,anchor,,39,4.32,44
monster,discovery,,18,4.48,181
yotsuba-to,anchor,,16,4.37,31
blame,discovery,,10,4.30,41
one-piece,anchor,,115,4.67,756
naruto,bridge,,72,4.67,50
dragon-ball,anchor,,42,4.56,126
attack-on-titan,anchor,,34,4.03,613
demon-slayer,bridge,,23,4.43,292
jujutsu-kaisen,bridge,,30,4.25,135
my-hero-academia,bridge,,42,4.27,96
hunter-x-hunter,anchor,,39,4.42,219
jojo-bizarre-adventure,discovery,,63,4.61,132
berserk,anchor,,43,4.37,112
vinland-saga,bridge,,29,4.31,101
vagabond,anchor,,37,4.28,133
golden-kamuy,discovery,,31,4.33,136
made-in-abyss,anchor,,15,4.08,44
land-of-the-lustrous,bridge,,13,3.98,144
mushishi,discovery,,10,4.52,316
dr-stone,anchor,,27,4.41,61
promised-neverland,anchor,,20,4.25,102
erased,bridge,,9,4.14,103
20th-century-boys,bridge,,22,4.38,249
pluto,bridge,,8,4.40,298
ghost-in-the-shell,bridge,,3,4.50,152
akira,bridge,,6,4.58,140
witch-hat-atelier,discovery,,16,4.42,64
mob-psycho-100,anchor,,16,4.34,36
natsumes-book-of-friends,anchor,,33,4.55,457
march-comes-in-like-a-lion,discovery,,18,4.42,771
a-silent-voice,anchor,,7,4.14,139
your-lie-in-april,bridge,,11,4.19,133
kaguya-sama,anchor,,28,4.44,31
horimiya,discovery,,17,4.32,97
kimi-ni-todoke,discovery,,30,4.59,693
nana,discovery,,21,4.33,312
skip-and-loafer,bridge,,13,4.60,73
bocchi-the-rock,bridge,,8,4.17,12
haikyu,discovery,,45,4.53,245
hajime-no-ippo,bridge,,145,4.25,62
beyond-the-clouds,discovery,,5,,0
noragami-stray-god,anchor,,27,3.82,76
chis-sweet-adventures,discovery,,4,,
lovely-muco,discovery,,17,,
penguin-and-house,discovery,,3,,
sheetas-little-big-world,discovery,,3,,
fairy-tail,anchor,,63,,
fire-force,anchor,,34,,
the-seven-deadly-sins,anchor,,41,,
tokyo-revengers,anchor,,31,,
medalist,anchor,,15,,
chihayafuru,anchor,,50,,
that-time-i-got-reincarnated-as-a-slime,anchor,,32,,
welcome-to-the-ballroom,bridge,,12,,
a-sign-of-affection,bridge,,14,,
heavenly-delusion,bridge,,13,,
ajin,discovery,,17,,
historie,discovery,,12,,
what-did-you-eat-yesterday,discovery,,25,,
the-full-time-wife-escapist,discovery,,11,,
dance-dance-danseur,discovery,,32,,
chi-on-the-movements-of-the-earth,discovery,,8,,
mystery-to-iu-nakare,discovery,,16,,
aoashi,discovery,,40,,
blood-on-the-tracks,discovery,,17,,
7seeds,discovery,,35,,
mieruko-chan,discovery,,14,,
the-summer-hikaru-died,discovery,,9,,
my-love-story-with-yamada-kun-at-lv999,discovery,,10,,
metamorphose-no-engawa,discovery,,5,,
real,discovery,,17,,
summer-time-rendering,discovery,,13,,
kowloon-generic-romance,discovery,,12,,
my-happy-marriage,discovery,,6,,
my-next-life-as-a-villainess,discovery,,13,,
how-a-realist-hero-rebuilt-the-kingdom,discovery,,14,,
boys-run-the-riot,discovery,,4,,
blue-box,discovery,,26,,
the-darwin-incident,discovery,,11,,
requiem-of-the-rose-king,discovery,,17,,
i-think-our-son-is-gay,discovery,,5,,
fruits-basket,anchor,,23,,
inuyasha,anchor,,56,,
space-brothers,anchor,,46,,
blue-giant,bridge,,10,,
blue-period,bridge,,19,,
the-apothecary-diaries,bridge,,17,,
dorohedoro,bridge,,23,,
sweat-and-soap,discovery,,11,,
a-condition-called-love,discovery,,16,,
she-loves-to-cook-and-she-loves-to-eat,discovery,,6,,
my-brothers-husband,discovery,,4,,
our-dreams-at-dusk,discovery,,4,,
nina-the-starry-bride,discovery,,19,,
baby-steps,discovery,,47,,
capeta,discovery,,32,,
yowamushi-pedal,discovery,,100,,
moon-land,discovery,,9,,
giant-killing,discovery,,70,,
dragon-head,discovery,,10,,
kasane,discovery,,14,,
homunculus,discovery,,15,,
fort-of-apocalypse,discovery,,10,,
a-brides-story,discovery,,15,,
isabella-bird-in-wonderland,discovery,,13,,
arte,discovery,,22,,
thermae-romae,discovery,,6,,
knights-of-sidonia,discovery,,15,,
saturn-apartments,discovery,,7,,
origin,discovery,,10,,
accomplishments-of-the-dukes-daughter,discovery,,8,,
the-heroic-legend-of-arslan,discovery,,24,,
cardcaptor-sakura,anchor,,12,,
initial-d,anchor,,48,,
cells-at-work,bridge,,6,,
xxxholic,bridge,,19,,
sailor-moon,bridge,,18,,
showa-genroku-rakugo-shinju,discovery,,10,,
wave-listen-to-me,discovery,,12,,
police-in-a-pod,discovery,,23,,
the-fable,discovery,,22,,
ace-of-the-diamond,discovery,,47,,
days,discovery,,42,,
all-rounder-meguru,discovery,,19,,
perfect-world,discovery,,12,,
tokyo-tarareba-girls,discovery,,9,,
flying-witch,discovery,,15,,
witchcraft-works,discovery,,17,,
my-home-hero,discovery,,26,,
beck,discovery,,34,,
gto,discovery,,25,,
tomorrows-joe,discovery,,20,,
parasyte,discovery,,10,,
princess-jellyfish,discovery,,17,,
life-lessons-with-uramichi-oniisan,discovery,,12,,
shangri-la-frontier,discovery,,27,,
rent-a-girlfriend,discovery,,46,,
inuyashiki,discovery,,10,,
island-in-a-puddle,discovery,,5,,
mf-ghost,discovery,,23,,
my-dearest-self-with-malice-aforethought,discovery,,11,,
the-golden-sheep,discovery,,3,,
