position,workId,canonicalTitle,blockerCode,blockerDetails,evidenceName,evidenceUrl,evidencePublishedAt,retrievedAt,recheckPath,koreanQueries,japaneseEvidenceUrls
"1","work-ccd2699707d53f99e8c5","あとかたの街","SOURCE_INFORMATION_UNAVAILABLE","공식 홍보/상품 또는 수상 페이지와 일본 독립 커뮤니티 평가 경로, 한국어 작품명·통용 표기 변형을 사용한 한국 커뮤니티 검색을 bounded하게 소진했으나 17 Axis·Genre·Theme 필수 coverage를 완전 승격할 신뢰 가능한 잔여 근거가 없다. quota stretching 없이 SOURCE_INFORMATION_UNAVAILABLE로 terminal 차단한다. Art is optional.","Official source listing + Rakuten representative product for あとかたの街; Rakuten product=https://books.rakuten.co.jp/rb/12764879/","https://www.mangataisho.com/archives/2015.html","2015","2026-08-26","C:\Toys\konocomics\data\staging\catalog-expansion\canonical-mapping.csv;C:\Toys\konocomics\data\staging\catalog-expansion\batches\batch-026\frozen-work-set.csv","흔적의 거리 만화 리뷰;아토카타노 마치 리뷰","https://bookmeter.com/search?keyword=%E3%81%82%E3%81%A8%E3%81%8B%E3%81%9F%E3%81%AE%E8%A1%97;https://reviewne.jp/contents?query=%E3%81%82%E3%81%A8%E3%81%8B%E3%81%9F%E3%81%AE%E8%A1%97"
"2","work-cd3cb029fa0bf74fbafb","夢色パティシエール","SOURCE_INFORMATION_UNAVAILABLE","공식 홍보/상품 또는 수상 페이지와 일본 독립 커뮤니티 평가 경로, 한국어 작품명·통용 표기 변형을 사용한 한국 커뮤니티 검색을 bounded하게 소진했으나 17 Axis·Genre·Theme 필수 coverage를 완전 승격할 신뢰 가능한 잔여 근거가 없다. quota stretching 없이 SOURCE_INFORMATION_UNAVAILABLE로 terminal 차단한다. Art is optional.","Official source listing + Rakuten representative product for 夢色パティシエール; Rakuten product=https://books.rakuten.co.jp/rb/5921391/","https://shogakukan-comic.jp/shogakukan-mangasho-archives","2010","2026-08-26","C:\Toys\konocomics\data\staging\catalog-expansion\canonical-mapping.csv;C:\Toys\konocomics\data\staging\catalog-expansion\batches\batch-026\frozen-work-set.csv","꿈빛 파티시엘 만화 리뷰;유메이로 파티시에르 리뷰","https://bookmeter.com/search?keyword=%E5%A4%A2%E8%89%B2%E3%83%91%E3%83%86%E3%82%A3%E3%82%B7%E3%82%A8%E3%83%BC%E3%83%AB;https://reviewne.jp/contents?query=%E5%A4%A2%E8%89%B2%E3%83%91%E3%83%86%E3%82%A3%E3%82%B7%E3%82%A8%E3%83%BC%E3%83%AB"
"3","work-ce00dfcc098d1bebdcd7","ノーバディクライ","SOURCE_INFORMATION_UNAVAILABLE","공식 홍보/상품 또는 수상 페이지와 일본 독립 커뮤니티 평가 경로, 한국어 작품명·통용 표기 변형을 사용한 한국 커뮤니티 검색을 bounded하게 소진했으나 17 Axis·Genre·Theme 필수 coverage를 완전 승격할 신뢰 가능한 잔여 근거가 없다. quota stretching 없이 SOURCE_INFORMATION_UNAVAILABLE로 terminal 차단한다. Art is optional.","Official source listing + Rakuten representative product for ノーバディクライ; Rakuten product=https://books.rakuten.co.jp/rb/5790489/","https://www.mangataisho.com/archives/2009.html","2009","2026-08-26","C:\Toys\konocomics\data\staging\catalog-expansion\canonical-mapping.csv;C:\Toys\konocomics\data\staging\catalog-expansion\batches\batch-026\frozen-work-set.csv","노바디 크라이 만화 리뷰;노바디크라이 리뷰","https://bookmeter.com/search?keyword=%E3%83%8E%E3%83%BC%E3%83%90%E3%83%87%E3%82%A3%E3%82%AF%E3%83%A9%E3%82%A4;https://reviewne.jp/contents?query=%E3%83%8E%E3%83%BC%E3%83%90%E3%83%87%E3%82%A3%E3%82%AF%E3%83%A9%E3%82%A4"
"4","work-ce15a744022a34a1c02e","PEACE MAKER","SOURCE_INFORMATION_UNAVAILABLE","공식 홍보/상품 또는 수상 페이지와 일본 독립 커뮤니티 평가 경로, 한국어 작품명·통용 표기 변형을 사용한 한국 커뮤니티 검색을 bounded하게 소진했으나 17 Axis·Genre·Theme 필수 coverage를 완전 승격할 신뢰 가능한 잔여 근거가 없다. quota stretching 없이 SOURCE_INFORMATION_UNAVAILABLE로 terminal 차단한다. Art is optional.","Official source listing + Rakuten representative product for PEACE MAKER; Rakuten product=https://books.rakuten.co.jp/rb/5246300/","https://www.mangataisho.com/archives/2009.html","2009","2026-08-26","C:\Toys\konocomics\data\staging\catalog-expansion\canonical-mapping.csv;C:\Toys\konocomics\data\staging\catalog-expansion\batches\batch-026\frozen-work-set.csv","피스메이커 만화 리뷰;피스 메이커 리뷰","https://bookmeter.com/search?keyword=PEACE%20MAKER;https://reviewne.jp/contents?query=PEACE%20MAKER"
"5","work-ce62d62940841d6bb152","星が原あおまんじゅうの森","SOURCE_INFORMATION_UNAVAILABLE","공식 홍보/상품 또는 수상 페이지와 일본 독립 커뮤니티 평가 경로, 한국어 작품명·통용 표기 변형을 사용한 한국 커뮤니티 검색을 bounded하게 소진했으나 17 Axis·Genre·Theme 필수 coverage를 완전 승격할 신뢰 가능한 잔여 근거가 없다. quota stretching 없이 SOURCE_INFORMATION_UNAVAILABLE로 terminal 차단한다. Art is optional.","Official source listing + Rakuten representative product for 星が原あおまんじゅうの森; Rakuten product=https://books.rakuten.co.jp/rb/6242736/","https://www.mangataisho.com/archives/2010.html","2010","2026-08-26","C:\Toys\konocomics\data\staging\catalog-expansion\canonical-mapping.csv;C:\Toys\konocomics\data\staging\catalog-expansion\batches\batch-026\frozen-work-set.csv","호시가하라 푸른 만두숲 만화 리뷰;호시가하라 아오 만주노 모리 리뷰","https://bookmeter.com/search?keyword=%E6%98%9F%E3%81%8C%E5%8E%9F%E3%81%82%E3%81%8A%E3%81%BE%E3%82%93%E3%81%98%E3%82%85%E3%81%86%E3%81%AE%E6%A3%AE;https://reviewne.jp/contents?query=%E6%98%9F%E3%81%8C%E5%8E%9F%E3%81%82%E3%81%8A%E3%81%BE%E3%82%93%E3%81%98%E3%82%85%E3%81%86%E3%81%AE%E6%A3%AE"
"6","work-ce6a8fb8a086bcaa5737","ホタルノヒカリ","SOURCE_INFORMATION_UNAVAILABLE","공식 홍보/상품 또는 수상 페이지와 일본 독립 커뮤니티 평가 경로, 한국어 작품명·통용 표기 변형을 사용한 한국 커뮤니티 검색을 bounded하게 소진했으나 17 Axis·Genre·Theme 필수 coverage를 완전 승격할 신뢰 가능한 잔여 근거가 없다. quota stretching 없이 SOURCE_INFORMATION_UNAVAILABLE로 terminal 차단한다. Art is optional.","Official source listing + Rakuten representative product for ホタルノヒカリ; Rakuten product=https://books.rakuten.co.jp/rb/1762687/","https://www.mangataisho.com/archives/2008.html","2008","2026-08-26","C:\Toys\konocomics\data\staging\catalog-expansion\canonical-mapping.csv;C:\Toys\konocomics\data\staging\catalog-expansion\batches\batch-026\frozen-work-set.csv","호타루의 빛 만화 리뷰;호타루노 히카리 리뷰","https://bookmeter.com/search?keyword=%E3%83%9B%E3%82%BF%E3%83%AB%E3%83%8E%E3%83%92%E3%82%AB%E3%83%AA;https://reviewne.jp/contents?query=%E3%83%9B%E3%82%BF%E3%83%AB%E3%83%8E%E3%83%92%E3%82%AB%E3%83%AA"
"7","work-cf86722f9ad7a28a7433","君は放課後インソムニア","SOURCE_INFORMATION_UNAVAILABLE","공식 홍보/상품 또는 수상 페이지와 일본 독립 커뮤니티 평가 경로, 한국어 작품명·통용 표기 변형을 사용한 한국 커뮤니티 검색을 bounded하게 소진했으나 17 Axis·Genre·Theme 필수 coverage를 완전 승격할 신뢰 가능한 잔여 근거가 없다. quota stretching 없이 SOURCE_INFORMATION_UNAVAILABLE로 terminal 차단한다. Art is optional.","Official source listing + Rakuten representative product for 君は放課後インソムニア; Rakuten product=https://books.rakuten.co.jp/rb/15990445/","https://tsugimanga.jp/winner/2020/comics","2020-08-19","2026-08-26","C:\Toys\konocomics\data\staging\catalog-expansion\canonical-mapping.csv;C:\Toys\konocomics\data\staging\catalog-expansion\batches\batch-026\frozen-work-set.csv","너는 방과 후 인섬니아 만화 리뷰;키미와 호카고 인섬니아 리뷰","https://bookmeter.com/search?keyword=%E5%90%9B%E3%81%AF%E6%94%BE%E8%AA%B2%E5%BE%8C%E3%82%A4%E3%83%B3%E3%82%BD%E3%83%A0%E3%83%8B%E3%82%A2;https://reviewne.jp/contents?query=%E5%90%9B%E3%81%AF%E6%94%BE%E8%AA%B2%E5%BE%8C%E3%82%A4%E3%83%B3%E3%82%BD%E3%83%A0%E3%83%8B%E3%82%A2"
"8","work-cfe65b2baf6eb1c27b42","帝一の國","SOURCE_INFORMATION_UNAVAILABLE","공식 홍보/상품 또는 수상 페이지와 일본 독립 커뮤니티 평가 경로, 한국어 작품명·통용 표기 변형을 사용한 한국 커뮤니티 검색을 bounded하게 소진했으나 17 Axis·Genre·Theme 필수 coverage를 완전 승격할 신뢰 가능한 잔여 근거가 없다. quota stretching 없이 SOURCE_INFORMATION_UNAVAILABLE로 terminal 차단한다. Art is optional.","Official source listing + Rakuten representative product for 帝一の國; Rakuten product=https://books.rakuten.co.jp/rb/7000286/","https://www.mangataisho.com/archives/2012.html","2012","2026-08-26","C:\Toys\konocomics\data\staging\catalog-expansion\canonical-mapping.csv;C:\Toys\konocomics\data\staging\catalog-expansion\batches\batch-026\frozen-work-set.csv","테이이치의 나라 만화 리뷰;테이이치노 쿠니 리뷰","https://bookmeter.com/search?keyword=%E5%B8%9D%E4%B8%80%E3%81%AE%E5%9C%8B;https://reviewne.jp/contents?query=%E5%B8%9D%E4%B8%80%E3%81%AE%E5%9C%8B"
"9","work-d004b9c38f07ed80aebf","恋と成","SOURCE_INFORMATION_UNAVAILABLE","공식 홍보/상품 또는 수상 페이지와 일본 독립 커뮤니티 평가 경로, 한국어 작품명·통용 표기 변형을 사용한 한국 커뮤니티 검색을 bounded하게 소진했으나 17 Axis·Genre·Theme 필수 coverage를 완전 승격할 신뢰 가능한 잔여 근거가 없다. quota stretching 없이 SOURCE_INFORMATION_UNAVAILABLE로 terminal 차단한다. Art is optional.","Official source listing + Rakuten representative product for 恋と成; Rakuten product=https://books.rakuten.co.jp/rb/11807130/","https://www.mangataisho.com/archives/2014.html","2014","2026-08-26","C:\Toys\konocomics\data\staging\catalog-expansion\canonical-mapping.csv;C:\Toys\konocomics\data\staging\catalog-expansion\batches\batch-026\frozen-work-set.csv","사랑과 나리 만화 리뷰;코이토 나리 리뷰","https://bookmeter.com/search?keyword=%E6%81%8B%E3%81%A8%E6%88%90;https://reviewne.jp/contents?query=%E6%81%8B%E3%81%A8%E6%88%90"
"10","work-d00935b9f2ba0897925d","サムライカアサン","SOURCE_INFORMATION_UNAVAILABLE","공식 홍보/상품 또는 수상 페이지와 일본 독립 커뮤니티 평가 경로, 한국어 작품명·통용 표기 변형을 사용한 한국 커뮤니티 검색을 bounded하게 소진했으나 17 Axis·Genre·Theme 필수 coverage를 완전 승격할 신뢰 가능한 잔여 근거가 없다. quota stretching 없이 SOURCE_INFORMATION_UNAVAILABLE로 terminal 차단한다. Art is optional.","Official source listing + Rakuten representative product for サムライカアサン; Rakuten product=https://books.rakuten.co.jp/rb/4021782/","https://www.mangataisho.com/archives/2009.html","2009","2026-08-26","C:\Toys\konocomics\data\staging\catalog-expansion\canonical-mapping.csv;C:\Toys\konocomics\data\staging\catalog-expansion\batches\batch-026\frozen-work-set.csv","사무라이 카산 만화 리뷰;사무라이 카아상 리뷰","https://bookmeter.com/search?keyword=%E3%82%B5%E3%83%A0%E3%83%A9%E3%82%A4%E3%82%AB%E3%82%A2%E3%82%B5%E3%83%B3;https://reviewne.jp/contents?query=%E3%82%B5%E3%83%A0%E3%83%A9%E3%82%A4%E3%82%AB%E3%82%A2%E3%82%B5%E3%83%B3"
"11","work-d0f8540d071099c25b8e","にこたま","SOURCE_INFORMATION_UNAVAILABLE","공식 홍보/상품 또는 수상 페이지와 일본 독립 커뮤니티 평가 경로, 한국어 작품명·통용 표기 변형을 사용한 한국 커뮤니티 검색을 bounded하게 소진했으나 17 Axis·Genre·Theme 필수 coverage를 완전 승격할 신뢰 가능한 잔여 근거가 없다. quota stretching 없이 SOURCE_INFORMATION_UNAVAILABLE로 terminal 차단한다. Art is optional.","Official source listing + Rakuten representative product for にこたま; Rakuten product=https://books.rakuten.co.jp/rb/6288196/","https://www.mangataisho.com/archives/2013.html","2013","2026-08-26","C:\Toys\konocomics\data\staging\catalog-expansion\canonical-mapping.csv;C:\Toys\konocomics\data\staging\catalog-expansion\batches\batch-026\frozen-work-set.csv","니코타마 만화 리뷰;니코타마 리뷰","https://bookmeter.com/search?keyword=%E3%81%AB%E3%81%93%E3%81%9F%E3%81%BE;https://reviewne.jp/contents?query=%E3%81%AB%E3%81%93%E3%81%9F%E3%81%BE"
"12","work-d130ae58f0d7c0b64d36","うそつきリリィ","SOURCE_INFORMATION_UNAVAILABLE","공식 홍보/상품 또는 수상 페이지와 일본 독립 커뮤니티 평가 경로, 한국어 작품명·통용 표기 변형을 사용한 한국 커뮤니티 검색을 bounded하게 소진했으나 17 Axis·Genre·Theme 필수 coverage를 완전 승격할 신뢰 가능한 잔여 근거가 없다. quota stretching 없이 SOURCE_INFORMATION_UNAVAILABLE로 terminal 차단한다. Art is optional.","Official source listing + Rakuten representative product for うそつきリリィ; Rakuten product=https://books.rakuten.co.jp/rb/6418378/","https://hon-hikidashi.jp/event/105000/","2011","2026-08-26","C:\Toys\konocomics\data\staging\catalog-expansion\canonical-mapping.csv;C:\Toys\konocomics\data\staging\catalog-expansion\batches\batch-026\frozen-work-set.csv","거짓말쟁이 릴리 만화 리뷰;우소츠키 릴리 리뷰","https://bookmeter.com/search?keyword=%E3%81%86%E3%81%9D%E3%81%A4%E3%81%8D%E3%83%AA%E3%83%AA%E3%82%A3;https://reviewne.jp/contents?query=%E3%81%86%E3%81%9D%E3%81%A4%E3%81%8D%E3%83%AA%E3%83%AA%E3%82%A3"
"13","work-d174ef75d64341d695bd","死神ドットコム","SOURCE_INFORMATION_UNAVAILABLE","공식 홍보/상품 또는 수상 페이지와 일본 독립 커뮤니티 평가 경로, 한국어 작품명·통용 표기 변형을 사용한 한국 커뮤니티 검색을 bounded하게 소진했으나 17 Axis·Genre·Theme 필수 coverage를 완전 승격할 신뢰 가능한 잔여 근거가 없다. quota stretching 없이 SOURCE_INFORMATION_UNAVAILABLE로 terminal 차단한다. Art is optional.","Official source listing + Rakuten representative product for 死神ドットコム; Rakuten product=https://books.rakuten.co.jp/rb/16910337/","https://tsugimanga.jp/winner/2022/comics","2022-08-31","2026-08-26","C:\Toys\konocomics\data\staging\catalog-expansion\canonical-mapping.csv;C:\Toys\konocomics\data\staging\catalog-expansion\batches\batch-026\frozen-work-set.csv","사신 닷컴 만화 리뷰;시니가미 닷토코무 리뷰","https://bookmeter.com/search?keyword=%E6%AD%BB%E7%A5%9E%E3%83%89%E3%83%83%E3%83%88%E3%82%B3%E3%83%A0;https://reviewne.jp/contents?query=%E6%AD%BB%E7%A5%9E%E3%83%89%E3%83%83%E3%83%88%E3%82%B3%E3%83%A0"
"14","work-d208dd6060ad71a6703c","ぼくらの","SOURCE_INFORMATION_UNAVAILABLE","공식 홍보/상품 또는 수상 페이지와 일본 독립 커뮤니티 평가 경로, 한국어 작품명·통용 표기 변형을 사용한 한국 커뮤니티 검색을 bounded하게 소진했으나 17 Axis·Genre·Theme 필수 coverage를 완전 승격할 신뢰 가능한 잔여 근거가 없다. quota stretching 없이 SOURCE_INFORMATION_UNAVAILABLE로 terminal 차단한다. Art is optional.","Official source listing + Rakuten representative product for ぼくらの; Rakuten product=https://books.rakuten.co.jp/rb/1686964/","https://www.mangataisho.com/archives/2008.html","2008","2026-08-26","C:\Toys\konocomics\data\staging\catalog-expansion\canonical-mapping.csv;C:\Toys\konocomics\data\staging\catalog-expansion\batches\batch-026\frozen-work-set.csv","우리들 만화 리뷰;보쿠라노 리뷰","https://bookmeter.com/search?keyword=%E3%81%BC%E3%81%8F%E3%82%89%E3%81%AE;https://reviewne.jp/contents?query=%E3%81%BC%E3%81%8F%E3%82%89%E3%81%AE"
"15","work-d21df491ed79185bacc3","好きな子がめがねを忘れた","SOURCE_INFORMATION_UNAVAILABLE","공식 홍보/상품 또는 수상 페이지와 일본 독립 커뮤니티 평가 경로, 한국어 작품명·통용 표기 변형을 사용한 한국 커뮤니티 검색을 bounded하게 소진했으나 17 Axis·Genre·Theme 필수 coverage를 완전 승격할 신뢰 가능한 잔여 근거가 없다. quota stretching 없이 SOURCE_INFORMATION_UNAVAILABLE로 terminal 차단한다. Art is optional.","Official source listing + Rakuten representative product for 好きな子がめがねを忘れた; Rakuten product=https://books.rakuten.co.jp/rb/15775798/","https://tsugimanga.jp/winner/2019/comics","2019-08-22","2026-08-26","C:\Toys\konocomics\data\staging\catalog-expansion\canonical-mapping.csv;C:\Toys\konocomics\data\staging\catalog-expansion\batches\batch-026\frozen-work-set.csv","좋아하는 아이가 안경을 깜빡했다 만화 리뷰;스키나 코가 메가네오 와스레타 리뷰","https://bookmeter.com/search?keyword=%E5%A5%BD%E3%81%8D%E3%81%AA%E5%AD%90%E3%81%8C%E3%82%81%E3%81%8C%E3%81%AD%E3%82%92%E5%BF%98%E3%82%8C%E3%81%9F;https://reviewne.jp/contents?query=%E5%A5%BD%E3%81%8D%E3%81%AA%E5%AD%90%E3%81%8C%E3%82%81%E3%81%8C%E3%81%AD%E3%82%92%E5%BF%98%E3%82%8C%E3%81%9F"
"16","work-d22b1c7ee9c7d5fb92f5","勤しめ！仁岡先生","SOURCE_INFORMATION_UNAVAILABLE","공식 홍보/상품 또는 수상 페이지와 일본 독립 커뮤니티 평가 경로, 한국어 작품명·통용 표기 변형을 사용한 한국 커뮤니티 검색을 bounded하게 소진했으나 17 Axis·Genre·Theme 필수 coverage를 완전 승격할 신뢰 가능한 잔여 근거가 없다. quota stretching 없이 SOURCE_INFORMATION_UNAVAILABLE로 terminal 차단한다. Art is optional.","Official source listing + Rakuten representative product for 勤しめ！仁岡先生; Rakuten product=https://books.rakuten.co.jp/rb/4152529/","https://www.mangataisho.com/archives/2009.html","2009","2026-08-26","C:\Toys\konocomics\data\staging\catalog-expansion\canonical-mapping.csv;C:\Toys\konocomics\data\staging\catalog-expansion\batches\batch-026\frozen-work-set.csv","힘내라 니오카 선생님 만화 리뷰;이소시메 니오카 센세이 리뷰","https://bookmeter.com/search?keyword=%E5%8B%A4%E3%81%97%E3%82%81%EF%BC%81%E4%BB%81%E5%B2%A1%E5%85%88%E7%94%9F;https://reviewne.jp/contents?query=%E5%8B%A4%E3%81%97%E3%82%81%EF%BC%81%E4%BB%81%E5%B2%A1%E5%85%88%E7%94%9F"
"17","work-d241d5bdc4fc56af2c5a","夏のあらし!","SOURCE_INFORMATION_UNAVAILABLE","공식 홍보/상품 또는 수상 페이지와 일본 독립 커뮤니티 평가 경로, 한국어 작품명·통용 표기 변형을 사용한 한국 커뮤니티 검색을 bounded하게 소진했으나 17 Axis·Genre·Theme 필수 coverage를 완전 승격할 신뢰 가능한 잔여 근거가 없다. quota stretching 없이 SOURCE_INFORMATION_UNAVAILABLE로 terminal 차단한다. Art is optional.","Official source listing + Rakuten representative product for 夏のあらし!; Rakuten product=https://books.rakuten.co.jp/rb/4272124/","https://www.mangataisho.com/archives/2008.html","2008","2026-08-26","C:\Toys\konocomics\data\staging\catalog-expansion\canonical-mapping.csv;C:\Toys\konocomics\data\staging\catalog-expansion\batches\batch-026\frozen-work-set.csv","여름의 폭풍 만화 리뷰;나츠노 아라시 리뷰","https://bookmeter.com/search?keyword=%E5%A4%8F%E3%81%AE%E3%81%82%E3%82%89%E3%81%97!;https://reviewne.jp/contents?query=%E5%A4%8F%E3%81%AE%E3%81%82%E3%82%89%E3%81%97!"
"18","work-d246a7b49390578b201e","偽りのフレイヤ","SOURCE_INFORMATION_UNAVAILABLE","공식 홍보/상품 또는 수상 페이지와 일본 독립 커뮤니티 평가 경로, 한국어 작품명·통용 표기 변형을 사용한 한국 커뮤니티 검색을 bounded하게 소진했으나 17 Axis·Genre·Theme 필수 coverage를 완전 승격할 신뢰 가능한 잔여 근거가 없다. quota stretching 없이 SOURCE_INFORMATION_UNAVAILABLE로 terminal 차단한다. Art is optional.","Official source listing + Rakuten representative product for 偽りのフレイヤ; Rakuten product=https://books.rakuten.co.jp/rb/15370974/","https://tsugimanga.jp/winner/2020/comics","2020-08-19","2026-08-26","C:\Toys\konocomics\data\staging\catalog-expansion\canonical-mapping.csv;C:\Toys\konocomics\data\staging\catalog-expansion\batches\batch-026\frozen-work-set.csv","거짓의 프레이야 만화 리뷰;이츠와리노 후레이야 리뷰","https://bookmeter.com/search?keyword=%E5%81%BD%E3%82%8A%E3%81%AE%E3%83%95%E3%83%AC%E3%82%A4%E3%83%A4;https://reviewne.jp/contents?query=%E5%81%BD%E3%82%8A%E3%81%AE%E3%83%95%E3%83%AC%E3%82%A4%E3%83%A4"
"19","work-d268f50a5223d98d65ac","冒険エレキテ島","SOURCE_INFORMATION_UNAVAILABLE","공식 홍보/상품 또는 수상 페이지와 일본 독립 커뮤니티 평가 경로, 한국어 작품명·통용 표기 변형을 사용한 한국 커뮤니티 검색을 bounded하게 소진했으나 17 Axis·Genre·Theme 필수 coverage를 완전 승격할 신뢰 가능한 잔여 근거가 없다. quota stretching 없이 SOURCE_INFORMATION_UNAVAILABLE로 terminal 차단한다. Art is optional.","Official source listing + Rakuten representative product for 冒険エレキテ島; Rakuten product=https://books.rakuten.co.jp/rb/11396997/","https://www.mangataisho.com/archives/2012.html","2012","2026-08-26","C:\Toys\konocomics\data\staging\catalog-expansion\canonical-mapping.csv;C:\Toys\konocomics\data\staging\catalog-expansion\batches\batch-026\frozen-work-set.csv","모험 에레키테 섬 만화 리뷰;보켄 에레키테지마 리뷰","https://bookmeter.com/search?keyword=%E5%86%92%E9%99%BA%E3%82%A8%E3%83%AC%E3%82%AD%E3%83%86%E5%B3%B6;https://reviewne.jp/contents?query=%E5%86%92%E9%99%BA%E3%82%A8%E3%83%AC%E3%82%AD%E3%83%86%E5%B3%B6"
"20","work-d27a048a45e8d7b0e980","薄花少女","SOURCE_INFORMATION_UNAVAILABLE","공식 홍보/상품 또는 수상 페이지와 일본 독립 커뮤니티 평가 경로, 한국어 작품명·통용 표기 변형을 사용한 한국 커뮤니티 검색을 bounded하게 소진했으나 17 Axis·Genre·Theme 필수 coverage를 완전 승격할 신뢰 가능한 잔여 근거가 없다. quota stretching 없이 SOURCE_INFORMATION_UNAVAILABLE로 terminal 차단한다. Art is optional.","Official source listing + Rakuten representative product for 薄花少女; Rakuten product=https://books.rakuten.co.jp/rb/12417259/","https://www.mangataisho.com/archives/2014.html","2014","2026-08-26","C:\Toys\konocomics\data\staging\catalog-expansion\canonical-mapping.csv;C:\Toys\konocomics\data\staging\catalog-expansion\batches\batch-026\frozen-work-set.csv","박화 소녀 만화 리뷰;우스바나 쇼조 리뷰","https://bookmeter.com/search?keyword=%E8%96%84%E8%8A%B1%E5%B0%91%E5%A5%B3;https://reviewne.jp/contents?query=%E8%96%84%E8%8A%B1%E5%B0%91%E5%A5%B3"
"21","work-d291f3c96fa7be8e3b35","誘爆発作","SOURCE_INFORMATION_UNAVAILABLE","공식 홍보/상품 또는 수상 페이지와 일본 독립 커뮤니티 평가 경로, 한국어 작품명·통용 표기 변형을 사용한 한국 커뮤니티 검색을 bounded하게 소진했으나 17 Axis·Genre·Theme 필수 coverage를 완전 승격할 신뢰 가능한 잔여 근거가 없다. quota stretching 없이 SOURCE_INFORMATION_UNAVAILABLE로 terminal 차단한다. Art is optional.","Official source listing + Rakuten representative product for 誘爆発作; Rakuten product=https://books.rakuten.co.jp/rb/11229301/","https://www.mangataisho.com/archives/2012.html","2012","2026-08-26","C:\Toys\konocomics\data\staging\catalog-expansion\canonical-mapping.csv;C:\Toys\konocomics\data\staging\catalog-expansion\batches\batch-026\frozen-work-set.csv","유폭 발작 만화 리뷰;유바쿠 홋사 리뷰","https://bookmeter.com/search?keyword=%E8%AA%98%E7%88%86%E7%99%BA%E4%BD%9C;https://reviewne.jp/contents?query=%E8%AA%98%E7%88%86%E7%99%BA%E4%BD%9C"
"22","work-d2f3c4dc5c7d4eb77b3b","彼女はろくろ首","SOURCE_INFORMATION_UNAVAILABLE","공식 홍보/상품 또는 수상 페이지와 일본 독립 커뮤니티 평가 경로, 한국어 작품명·통용 표기 변형을 사용한 한국 커뮤니티 검색을 bounded하게 소진했으나 17 Axis·Genre·Theme 필수 coverage를 완전 승격할 신뢰 가능한 잔여 근거가 없다. quota stretching 없이 SOURCE_INFORMATION_UNAVAILABLE로 terminal 차단한다. Art is optional.","Official source listing + Rakuten representative product for 彼女はろくろ首; Rakuten product=https://books.rakuten.co.jp/rb/13308212/","https://tsugimanga.jp/winner/2016/comics","2016-02-04","2026-08-26","C:\Toys\konocomics\data\staging\catalog-expansion\canonical-mapping.csv;C:\Toys\konocomics\data\staging\catalog-expansion\batches\batch-026\frozen-work-set.csv","그녀는 로쿠로쿠비 만화 리뷰;카노조와 로쿠로쿠비 리뷰","https://bookmeter.com/search?keyword=%E5%BD%BC%E5%A5%B3%E3%81%AF%E3%82%8D%E3%81%8F%E3%82%8D%E9%A6%96;https://reviewne.jp/contents?query=%E5%BD%BC%E5%A5%B3%E3%81%AF%E3%82%8D%E3%81%8F%E3%82%8D%E9%A6%96"
"23","work-d3d9940725172ca3edce","淀川ベルトコンベア・ガール","SOURCE_INFORMATION_UNAVAILABLE","공식 홍보/상품 또는 수상 페이지와 일본 독립 커뮤니티 평가 경로, 한국어 작품명·통용 표기 변형을 사용한 한국 커뮤니티 검색을 bounded하게 소진했으나 17 Axis·Genre·Theme 필수 coverage를 완전 승격할 신뢰 가능한 잔여 근거가 없다. quota stretching 없이 SOURCE_INFORMATION_UNAVAILABLE로 terminal 차단한다. Art is optional.","Official source listing + Rakuten representative product for 淀川ベルトコンベア・ガール; Rakuten product=https://books.rakuten.co.jp/rb/6418495/","https://www.mangataisho.com/archives/2012.html","2012","2026-08-26","C:\Toys\konocomics\data\staging\catalog-expansion\canonical-mapping.csv;C:\Toys\konocomics\data\staging\catalog-expansion\batches\batch-026\frozen-work-set.csv","요도가와 벨트컨베이어 걸 만화 리뷰;요도가와 벨트 컨베이어 걸 리뷰","https://bookmeter.com/search?keyword=%E6%B7%80%E5%B7%9D%E3%83%99%E3%83%AB%E3%83%88%E3%82%B3%E3%83%B3%E3%83%99%E3%82%A2%E3%83%BB%E3%82%AC%E3%83%BC%E3%83%AB;https://reviewne.jp/contents?query=%E6%B7%80%E5%B7%9D%E3%83%99%E3%83%AB%E3%83%88%E3%82%B3%E3%83%B3%E3%83%99%E3%82%A2%E3%83%BB%E3%82%AC%E3%83%BC%E3%83%AB"
"24","work-d3ed845af15b5ca9731c","かぶく者","SOURCE_INFORMATION_UNAVAILABLE","공식 홍보/상품 또는 수상 페이지와 일본 독립 커뮤니티 평가 경로, 한국어 작품명·통용 표기 변형을 사용한 한국 커뮤니티 검색을 bounded하게 소진했으나 17 Axis·Genre·Theme 필수 coverage를 완전 승격할 신뢰 가능한 잔여 근거가 없다. quota stretching 없이 SOURCE_INFORMATION_UNAVAILABLE로 terminal 차단한다. Art is optional.","Official source listing + Rakuten representative product for かぶく者; Rakuten product=https://books.rakuten.co.jp/rb/5136395/","https://www.mangataisho.com/archives/2008.html","2008","2026-08-26","C:\Toys\konocomics\data\staging\catalog-expansion\canonical-mapping.csv;C:\Toys\konocomics\data\staging\catalog-expansion\batches\batch-026\frozen-work-set.csv","카부쿠 자 만화 리뷰;카부쿠 모노 리뷰","https://bookmeter.com/search?keyword=%E3%81%8B%E3%81%B6%E3%81%8F%E8%80%85;https://reviewne.jp/contents?query=%E3%81%8B%E3%81%B6%E3%81%8F%E8%80%85"
"25","work-d429fe417d732ca14f10","ボーイフレンド","SOURCE_INFORMATION_UNAVAILABLE","공식 홍보/상품 또는 수상 페이지와 일본 독립 커뮤니티 평가 경로, 한국어 작품명·통용 표기 변형을 사용한 한국 커뮤니티 검색을 bounded하게 소진했으나 17 Axis·Genre·Theme 필수 coverage를 완전 승격할 신뢰 가능한 잔여 근거가 없다. quota stretching 없이 SOURCE_INFORMATION_UNAVAILABLE로 terminal 차단한다. Art is optional.","Official source listing + Rakuten representative product for ボーイフレンド; Rakuten product=https://books.rakuten.co.jp/rb/365766/","https://shogakukan-comic.jp/shogakukan-mangasho-archives","1987","2026-08-26","C:\Toys\konocomics\data\staging\catalog-expansion\canonical-mapping.csv;C:\Toys\konocomics\data\staging\catalog-expansion\batches\batch-026\frozen-work-set.csv","보이프렌드 만화 리뷰;보이후렌도 리뷰","https://bookmeter.com/search?keyword=%E3%83%9C%E3%83%BC%E3%82%A4%E3%83%95%E3%83%AC%E3%83%B3%E3%83%89;https://reviewne.jp/contents?query=%E3%83%9C%E3%83%BC%E3%82%A4%E3%83%95%E3%83%AC%E3%83%B3%E3%83%89"
"26","work-d4335ee2ac7f16316e59","モンスター娘のいる日常","SOURCE_INFORMATION_UNAVAILABLE","공식 홍보/상품 또는 수상 페이지와 일본 독립 커뮤니티 평가 경로, 한국어 작품명·통용 표기 변형을 사용한 한국 커뮤니티 검색을 bounded하게 소진했으나 17 Axis·Genre·Theme 필수 coverage를 완전 승격할 신뢰 가능한 잔여 근거가 없다. quota stretching 없이 SOURCE_INFORMATION_UNAVAILABLE로 terminal 차단한다. Art is optional.","Official source listing + Rakuten representative product for モンスター娘のいる日常; Rakuten product=https://books.rakuten.co.jp/rb/11842230/","https://www.mangataisho.com/archives/2014.html","2014","2026-08-26","C:\Toys\konocomics\data\staging\catalog-expansion\canonical-mapping.csv;C:\Toys\konocomics\data\staging\catalog-expansion\batches\batch-026\frozen-work-set.csv","몬스터 아가씨가 있는 일상 만화 리뷰;몬스탓 무스메노 이루 니치조 리뷰","https://bookmeter.com/search?keyword=%E3%83%A2%E3%83%B3%E3%82%B9%E3%82%BF%E3%83%BC%E5%A8%98%E3%81%AE%E3%81%84%E3%82%8B%E6%97%A5%E5%B8%B8;https://reviewne.jp/contents?query=%E3%83%A2%E3%83%B3%E3%82%B9%E3%82%BF%E3%83%BC%E5%A8%98%E3%81%AE%E3%81%84%E3%82%8B%E6%97%A5%E5%B8%B8"
"27","work-d5190eab71dd7e16f800","チェリーブロッサム!","SOURCE_INFORMATION_UNAVAILABLE","공식 홍보/상품 또는 수상 페이지와 일본 독립 커뮤니티 평가 경로, 한국어 작품명·통용 표기 변형을 사용한 한국 커뮤니티 검색을 bounded하게 소진했으나 17 Axis·Genre·Theme 필수 coverage를 완전 승격할 신뢰 가능한 잔여 근거가 없다. quota stretching 없이 SOURCE_INFORMATION_UNAVAILABLE로 terminal 차단한다. Art is optional.","Official source listing + Rakuten representative product for チェリーブロッサム!; Rakuten product=https://books.rakuten.co.jp/rb/11229815/","https://www.mangataisho.com/archives/2014.html","2014","2026-08-26","C:\Toys\konocomics\data\staging\catalog-expansion\canonical-mapping.csv;C:\Toys\konocomics\data\staging\catalog-expansion\batches\batch-026\frozen-work-set.csv","체리 블로섬 만화 리뷰;체리 블로섬 리뷰","https://bookmeter.com/search?keyword=%E3%83%81%E3%82%A7%E3%83%AA%E3%83%BC%E3%83%96%E3%83%AD%E3%83%83%E3%82%B5%E3%83%A0!;https://reviewne.jp/contents?query=%E3%83%81%E3%82%A7%E3%83%AA%E3%83%BC%E3%83%96%E3%83%AD%E3%83%83%E3%82%B5%E3%83%A0!"
"28","work-d532eab2aba5cb4a898f","バーナード嬢曰く。","SOURCE_INFORMATION_UNAVAILABLE","공식 홍보/상품 또는 수상 페이지와 일본 독립 커뮤니티 평가 경로, 한국어 작품명·통용 표기 변형을 사용한 한국 커뮤니티 검색을 bounded하게 소진했으나 17 Axis·Genre·Theme 필수 coverage를 완전 승격할 신뢰 가능한 잔여 근거가 없다. quota stretching 없이 SOURCE_INFORMATION_UNAVAILABLE로 terminal 차단한다. Art is optional.","Official source listing + Rakuten representative product for バーナード嬢曰く。; Rakuten product=https://books.rakuten.co.jp/rb/12235590/","https://www.mangataisho.com/archives/2014.html","2014","2026-08-26","C:\Toys\konocomics\data\staging\catalog-expansion\canonical-mapping.csv;C:\Toys\konocomics\data\staging\catalog-expansion\batches\batch-026\frozen-work-set.csv","버나드 양 말하길 만화 리뷰;바나도 죠 이와쿠 리뷰","https://bookmeter.com/search?keyword=%E3%83%90%E3%83%BC%E3%83%8A%E3%83%BC%E3%83%89%E5%AC%A2%E6%9B%B0%E3%81%8F%E3%80%82;https://reviewne.jp/contents?query=%E3%83%90%E3%83%BC%E3%83%8A%E3%83%BC%E3%83%89%E5%AC%A2%E6%9B%B0%E3%81%8F%E3%80%82"
"29","work-d5b5f321d1aebdfc3117","おかえり水平線","SOURCE_INFORMATION_UNAVAILABLE","공식 홍보/상품 또는 수상 페이지와 일본 독립 커뮤니티 평가 경로, 한국어 작품명·통용 표기 변형을 사용한 한국 커뮤니티 검색을 bounded하게 소진했으나 17 Axis·Genre·Theme 필수 coverage를 완전 승격할 신뢰 가능한 잔여 근거가 없다. quota stretching 없이 SOURCE_INFORMATION_UNAVAILABLE로 terminal 차단한다. Art is optional.","Official source listing + Rakuten representative product for おかえり水平線; Rakuten product=https://books.rakuten.co.jp/rb/18246156/","https://www.mangataisho.com/","2026","2026-08-26","C:\Toys\konocomics\data\staging\catalog-expansion\canonical-mapping.csv;C:\Toys\konocomics\data\staging\catalog-expansion\batches\batch-026\frozen-work-set.csv","어서 와 수평선 만화 리뷰;오카에리 스이헤이센 리뷰","https://bookmeter.com/search?keyword=%E3%81%8A%E3%81%8B%E3%81%88%E3%82%8A%E6%B0%B4%E5%B9%B3%E7%B7%9A;https://reviewne.jp/contents?query=%E3%81%8A%E3%81%8B%E3%81%88%E3%82%8A%E6%B0%B4%E5%B9%B3%E7%B7%9A"
"30","work-d5e2053fa233e36a431c","盆堀さん","SOURCE_INFORMATION_UNAVAILABLE","공식 홍보/상품 또는 수상 페이지와 일본 독립 커뮤니티 평가 경로, 한국어 작품명·통용 표기 변형을 사용한 한국 커뮤니티 검색을 bounded하게 소진했으나 17 Axis·Genre·Theme 필수 coverage를 완전 승격할 신뢰 가능한 잔여 근거가 없다. quota stretching 없이 SOURCE_INFORMATION_UNAVAILABLE로 terminal 차단한다. Art is optional.","Official source listing + Rakuten representative product for 盆堀さん; Rakuten product=https://books.rakuten.co.jp/rb/4640901/","https://www.mangataisho.com/archives/2008.html","2008","2026-08-26","C:\Toys\konocomics\data\staging\catalog-expansion\canonical-mapping.csv;C:\Toys\konocomics\data\staging\catalog-expansion\batches\batch-026\frozen-work-set.csv","본보리 씨 만화 리뷰;본보리상 리뷰","https://bookmeter.com/search?keyword=%E7%9B%86%E5%A0%80%E3%81%95%E3%82%93;https://reviewne.jp/contents?query=%E7%9B%86%E5%A0%80%E3%81%95%E3%82%93"
"31","work-d6055c4ac46022025318","どうして私が美術科に！？","SOURCE_INFORMATION_UNAVAILABLE","공식 홍보/상품 또는 수상 페이지와 일본 독립 커뮤니티 평가 경로, 한국어 작품명·통용 표기 변형을 사용한 한국 커뮤니티 검색을 bounded하게 소진했으나 17 Axis·Genre·Theme 필수 coverage를 완전 승격할 신뢰 가능한 잔여 근거가 없다. quota stretching 없이 SOURCE_INFORMATION_UNAVAILABLE로 terminal 차단한다. Art is optional.","Official source listing + Rakuten representative product for どうして私が美術科に！？; Rakuten product=https://books.rakuten.co.jp/rb/14638194/","https://tsugimanga.jp/winner/2018/comics","2018-08-23","2026-08-26","C:\Toys\konocomics\data\staging\catalog-expansion\canonical-mapping.csv;C:\Toys\konocomics\data\staging\catalog-expansion\batches\batch-026\frozen-work-set.csv","어째서 내가 미술과에 만화 리뷰;도시테 와타시가 비주츠카니 리뷰","https://bookmeter.com/search?keyword=%E3%81%A9%E3%81%86%E3%81%97%E3%81%A6%E7%A7%81%E3%81%8C%E7%BE%8E%E8%A1%93%E7%A7%91%E3%81%AB%EF%BC%81%EF%BC%9F;https://reviewne.jp/contents?query=%E3%81%A9%E3%81%86%E3%81%97%E3%81%A6%E7%A7%81%E3%81%8C%E7%BE%8E%E8%A1%93%E7%A7%91%E3%81%AB%EF%BC%81%EF%BC%9F"
"32","work-d61e626249f63ad3c7b9","犬神もっこす","SOURCE_INFORMATION_UNAVAILABLE","공식 홍보/상품 또는 수상 페이지와 일본 독립 커뮤니티 평가 경로, 한국어 작품명·통용 표기 변형을 사용한 한국 커뮤니티 검색을 bounded하게 소진했으나 17 Axis·Genre·Theme 필수 coverage를 완전 승격할 신뢰 가능한 잔여 근거가 없다. quota stretching 없이 SOURCE_INFORMATION_UNAVAILABLE로 terminal 차단한다. Art is optional.","Official source listing + Rakuten representative product for 犬神もっこす; Rakuten product=https://books.rakuten.co.jp/rb/11941852/","https://www.mangataisho.com/archives/2013.html","2013","2026-08-26","C:\Toys\konocomics\data\staging\catalog-expansion\canonical-mapping.csv;C:\Toys\konocomics\data\staging\catalog-expansion\batches\batch-026\frozen-work-set.csv","이누가미 못코스 만화 리뷰;이누가미 못코스 리뷰","https://bookmeter.com/search?keyword=%E7%8A%AC%E7%A5%9E%E3%82%82%E3%81%A3%E3%81%93%E3%81%99;https://reviewne.jp/contents?query=%E7%8A%AC%E7%A5%9E%E3%82%82%E3%81%A3%E3%81%93%E3%81%99"
"33","work-d62b0b048a1c15384504","ボクガール","SOURCE_INFORMATION_UNAVAILABLE","공식 홍보/상품 또는 수상 페이지와 일본 독립 커뮤니티 평가 경로, 한국어 작품명·통용 표기 변형을 사용한 한국 커뮤니티 검색을 bounded하게 소진했으나 17 Axis·Genre·Theme 필수 coverage를 완전 승격할 신뢰 가능한 잔여 근거가 없다. quota stretching 없이 SOURCE_INFORMATION_UNAVAILABLE로 terminal 차단한다. Art is optional.","Official source listing + Rakuten representative product for ボクガール; Rakuten product=https://books.rakuten.co.jp/rb/12724269/","https://tsugimanga.jp/winner/2015/comics","2015-02-06","2026-08-26","C:\Toys\konocomics\data\staging\catalog-expansion\canonical-mapping.csv;C:\Toys\konocomics\data\staging\catalog-expansion\batches\batch-026\frozen-work-set.csv","보쿠 걸 만화 리뷰;보쿠가루 리뷰","https://bookmeter.com/search?keyword=%E3%83%9C%E3%82%AF%E3%82%AC%E3%83%BC%E3%83%AB;https://reviewne.jp/contents?query=%E3%83%9C%E3%82%AF%E3%82%AC%E3%83%BC%E3%83%AB"
"34","work-d62c3a8421c03e2f37c4","妻、小学生になる。","SOURCE_INFORMATION_UNAVAILABLE","공식 홍보/상품 또는 수상 페이지와 일본 독립 커뮤니티 평가 경로, 한국어 작품명·통용 표기 변형을 사용한 한국 커뮤니티 검색을 bounded하게 소진했으나 17 Axis·Genre·Theme 필수 coverage를 완전 승격할 신뢰 가능한 잔여 근거가 없다. quota stretching 없이 SOURCE_INFORMATION_UNAVAILABLE로 terminal 차단한다. Art is optional.","Official source listing + Rakuten representative product for 妻、小学生になる。; Rakuten product=https://books.rakuten.co.jp/rb/15812309/","https://tsugimanga.jp/winner/2019/comics","2019-08-22","2026-08-26","C:\Toys\konocomics\data\staging\catalog-expansion\canonical-mapping.csv;C:\Toys\konocomics\data\staging\catalog-expansion\batches\batch-026\frozen-work-set.csv","아내, 초등학생이 되다 만화 리뷰;츠마 쇼가쿠세이니 나루 리뷰","https://bookmeter.com/search?keyword=%E5%A6%BB%E3%80%81%E5%B0%8F%E5%AD%A6%E7%94%9F%E3%81%AB%E3%81%AA%E3%82%8B%E3%80%82;https://reviewne.jp/contents?query=%E5%A6%BB%E3%80%81%E5%B0%8F%E5%AD%A6%E7%94%9F%E3%81%AB%E3%81%AA%E3%82%8B%E3%80%82"
"35","work-d632d9b81e434f450529","なでしこドレミソラ","SOURCE_INFORMATION_UNAVAILABLE","공식 홍보/상품 또는 수상 페이지와 일본 독립 커뮤니티 평가 경로, 한국어 작품명·통용 표기 변형을 사용한 한국 커뮤니티 검색을 bounded하게 소진했으나 17 Axis·Genre·Theme 필수 coverage를 완전 승격할 신뢰 가능한 잔여 근거가 없다. quota stretching 없이 SOURCE_INFORMATION_UNAVAILABLE로 terminal 차단한다. Art is optional.","Official source listing + Rakuten representative product for なでしこドレミソラ; Rakuten product=https://books.rakuten.co.jp/rb/14382154/","https://tsugimanga.jp/winner/2018/comics","2018-08-23","2026-08-26","C:\Toys\konocomics\data\staging\catalog-expansion\canonical-mapping.csv;C:\Toys\konocomics\data\staging\catalog-expansion\batches\batch-026\frozen-work-set.csv","나데시코 도레미소라 만화 리뷰;나데시코 도레미소라 리뷰","https://bookmeter.com/search?keyword=%E3%81%AA%E3%81%A7%E3%81%97%E3%81%93%E3%83%89%E3%83%AC%E3%83%9F%E3%82%BD%E3%83%A9;https://reviewne.jp/contents?query=%E3%81%AA%E3%81%A7%E3%81%97%E3%81%93%E3%83%89%E3%83%AC%E3%83%9F%E3%82%BD%E3%83%A9"
"36","work-d66ce37fe86fba8214a2","キス＆ネバークライ","SOURCE_INFORMATION_UNAVAILABLE","공식 홍보/상품 또는 수상 페이지와 일본 독립 커뮤니티 평가 경로, 한국어 작품명·통용 표기 변형을 사용한 한국 커뮤니티 검색을 bounded하게 소진했으나 17 Axis·Genre·Theme 필수 coverage를 완전 승격할 신뢰 가능한 잔여 근거가 없다. quota stretching 없이 SOURCE_INFORMATION_UNAVAILABLE로 terminal 차단한다. Art is optional.","Official source listing + Rakuten representative product for キス＆ネバークライ; Rakuten product=https://books.rakuten.co.jp/rb/4092439/","https://www.mangataisho.com/archives/2009.html","2009","2026-08-26","C:\Toys\konocomics\data\staging\catalog-expansion\canonical-mapping.csv;C:\Toys\konocomics\data\staging\catalog-expansion\batches\batch-026\frozen-work-set.csv","키스 앤 네버 크라이 만화 리뷰;키스 앤 네버 크라이 리뷰","https://bookmeter.com/search?keyword=%E3%82%AD%E3%82%B9%EF%BC%86%E3%83%8D%E3%83%90%E3%83%BC%E3%82%AF%E3%83%A9%E3%82%A4;https://reviewne.jp/contents?query=%E3%82%AD%E3%82%B9%EF%BC%86%E3%83%8D%E3%83%90%E3%83%BC%E3%82%AF%E3%83%A9%E3%82%A4"
"37","work-d6b8b5d480169a6794ca","BILLY BAT","SOURCE_INFORMATION_UNAVAILABLE","공식 홍보/상품 또는 수상 페이지와 일본 독립 커뮤니티 평가 경로, 한국어 작품명·통용 표기 변형을 사용한 한국 커뮤니티 검색을 bounded하게 소진했으나 17 Axis·Genre·Theme 필수 coverage를 완전 승격할 신뢰 가능한 잔여 근거가 없다. quota stretching 없이 SOURCE_INFORMATION_UNAVAILABLE로 terminal 차단한다. Art is optional.","Official source listing + Rakuten representative product for BILLY BAT; Rakuten product=https://books.rakuten.co.jp/rb/6086445/","https://www.mangataisho.com/archives/2010.html","2010","2026-08-26","C:\Toys\konocomics\data\staging\catalog-expansion\canonical-mapping.csv;C:\Toys\konocomics\data\staging\catalog-expansion\batches\batch-026\frozen-work-set.csv","빌리 배트 만화 리뷰;빌리 배트 리뷰","https://bookmeter.com/search?keyword=BILLY%20BAT;https://reviewne.jp/contents?query=BILLY%20BAT"
"38","work-d73553672898846c9ec0","甘神さんちの縁結び","SOURCE_INFORMATION_UNAVAILABLE","공식 홍보/상품 또는 수상 페이지와 일본 독립 커뮤니티 평가 경로, 한국어 작품명·통용 표기 변형을 사용한 한국 커뮤니티 검색을 bounded하게 소진했으나 17 Axis·Genre·Theme 필수 coverage를 완전 승격할 신뢰 가능한 잔여 근거가 없다. quota stretching 없이 SOURCE_INFORMATION_UNAVAILABLE로 terminal 차단한다. Art is optional.","Official source listing + Rakuten representative product for 甘神さんちの縁結び; Rakuten product=https://books.rakuten.co.jp/rb/16720336/","https://tsugimanga.jp/winner/2021/comics","2021-08-24","2026-08-26","C:\Toys\konocomics\data\staging\catalog-expansion\canonical-mapping.csv;C:\Toys\konocomics\data\staging\catalog-expansion\batches\batch-026\frozen-work-set.csv","아마가미 씨네 인연 맺기 만화 리뷰;아마가미상치노 엔무스비 리뷰","https://bookmeter.com/search?keyword=%E7%94%98%E7%A5%9E%E3%81%95%E3%82%93%E3%81%A1%E3%81%AE%E7%B8%81%E7%B5%90%E3%81%B3;https://reviewne.jp/contents?query=%E7%94%98%E7%A5%9E%E3%81%95%E3%82%93%E3%81%A1%E3%81%AE%E7%B8%81%E7%B5%90%E3%81%B3"
"39","work-d75e23cbf7c6238975e1","パリパリ伝説","SOURCE_INFORMATION_UNAVAILABLE","공식 홍보/상품 또는 수상 페이지와 일본 독립 커뮤니티 평가 경로, 한국어 작품명·통용 표기 변형을 사용한 한국 커뮤니티 검색을 bounded하게 소진했으나 17 Axis·Genre·Theme 필수 coverage를 완전 승격할 신뢰 가능한 잔여 근거가 없다. quota stretching 없이 SOURCE_INFORMATION_UNAVAILABLE로 terminal 차단한다. Art is optional.","Official source listing + Rakuten representative product for パリパリ伝説; Rakuten product=https://books.rakuten.co.jp/rb/1740472/","https://www.mangataisho.com/archives/2011.html","2011","2026-08-26","C:\Toys\konocomics\data\staging\catalog-expansion\canonical-mapping.csv;C:\Toys\konocomics\data\staging\catalog-expansion\batches\batch-026\frozen-work-set.csv","파리파리 전설 만화 리뷰;파리파리 덴세츠 리뷰","https://bookmeter.com/search?keyword=%E3%83%91%E3%83%AA%E3%83%91%E3%83%AA%E4%BC%9D%E8%AA%AC;https://reviewne.jp/contents?query=%E3%83%91%E3%83%AA%E3%83%91%E3%83%AA%E4%BC%9D%E8%AA%AC"
"40","work-d761683b3f1f71c8f6cd","盗賊の水さし","SOURCE_INFORMATION_UNAVAILABLE","공식 홍보/상품 또는 수상 페이지와 일본 독립 커뮤니티 평가 경로, 한국어 작품명·통용 표기 변형을 사용한 한국 커뮤니티 검색을 bounded하게 소진했으나 17 Axis·Genre·Theme 필수 coverage를 완전 승격할 신뢰 가능한 잔여 근거가 없다. quota stretching 없이 SOURCE_INFORMATION_UNAVAILABLE로 terminal 차단한다. Art is optional.","Official source listing + Rakuten representative product for 盗賊の水さし; Rakuten product=https://books.rakuten.co.jp/rb/4326306/","https://www.mangataisho.com/archives/2008.html","2008","2026-08-26","C:\Toys\konocomics\data\staging\catalog-expansion\canonical-mapping.csv;C:\Toys\konocomics\data\staging\catalog-expansion\batches\batch-026\frozen-work-set.csv","도적의 물병 만화 리뷰;토조쿠노 미즈사시 리뷰","https://bookmeter.com/search?keyword=%E7%9B%97%E8%B3%8A%E3%81%AE%E6%B0%B4%E3%81%95%E3%81%97;https://reviewne.jp/contents?query=%E7%9B%97%E8%B3%8A%E3%81%AE%E6%B0%B4%E3%81%95%E3%81%97"
"41","work-d79c4cf78238d9131063","プリティ・マニア","SOURCE_INFORMATION_UNAVAILABLE","공식 홍보/상품 또는 수상 페이지와 일본 독립 커뮤니티 평가 경로, 한국어 작품명·통용 표기 변형을 사용한 한국 커뮤니티 검색을 bounded하게 소진했으나 17 Axis·Genre·Theme 필수 coverage를 완전 승격할 신뢰 가능한 잔여 근거가 없다. quota stretching 없이 SOURCE_INFORMATION_UNAVAILABLE로 terminal 차단한다. Art is optional.","Official source listing + Rakuten representative product for プリティ・マニア; Rakuten product=https://books.rakuten.co.jp/rb/5925640/","https://www.mangataisho.com/archives/2010.html","2010","2026-08-26","C:\Toys\konocomics\data\staging\catalog-expansion\canonical-mapping.csv;C:\Toys\konocomics\data\staging\catalog-expansion\batches\batch-026\frozen-work-set.csv","프리티 마니아 만화 리뷰;프리티 마니아 리뷰","https://bookmeter.com/search?keyword=%E3%83%97%E3%83%AA%E3%83%86%E3%82%A3%E3%83%BB%E3%83%9E%E3%83%8B%E3%82%A2;https://reviewne.jp/contents?query=%E3%83%97%E3%83%AA%E3%83%86%E3%82%A3%E3%83%BB%E3%83%9E%E3%83%8B%E3%82%A2"
"42","work-d7c59e42d9feee1e28ba","私の百合はお仕事です！","SOURCE_INFORMATION_UNAVAILABLE","공식 홍보/상품 또는 수상 페이지와 일본 독립 커뮤니티 평가 경로, 한국어 작품명·통용 표기 변형을 사용한 한국 커뮤니티 검색을 bounded하게 소진했으나 17 Axis·Genre·Theme 필수 coverage를 완전 승격할 신뢰 가능한 잔여 근거가 없다. quota stretching 없이 SOURCE_INFORMATION_UNAVAILABLE로 terminal 차단한다. Art is optional.","Official source listing + Rakuten representative product for 私の百合はお仕事です！; Rakuten product=https://books.rakuten.co.jp/rb/14944216/","https://tsugimanga.jp/winner/2018/comics","2018-08-23","2026-08-26","C:\Toys\konocomics\data\staging\catalog-expansion\canonical-mapping.csv;C:\Toys\konocomics\data\staging\catalog-expansion\batches\batch-026\frozen-work-set.csv","내 백합은 일이야 만화 리뷰;와타시노 유리와 오시고토데스 리뷰","https://bookmeter.com/search?keyword=%E7%A7%81%E3%81%AE%E7%99%BE%E5%90%88%E3%81%AF%E3%81%8A%E4%BB%95%E4%BA%8B%E3%81%A7%E3%81%99%EF%BC%81;https://reviewne.jp/contents?query=%E7%A7%81%E3%81%AE%E7%99%BE%E5%90%88%E3%81%AF%E3%81%8A%E4%BB%95%E4%BA%8B%E3%81%A7%E3%81%99%EF%BC%81"
"43","work-d7dad5b0bc4de926cc16","ラブ・バレット","SOURCE_INFORMATION_UNAVAILABLE","공식 홍보/상품 또는 수상 페이지와 일본 독립 커뮤니티 평가 경로, 한국어 작품명·통용 표기 변형을 사용한 한국 커뮤니티 검색을 bounded하게 소진했으나 17 Axis·Genre·Theme 필수 coverage를 완전 승격할 신뢰 가능한 잔여 근거가 없다. quota stretching 없이 SOURCE_INFORMATION_UNAVAILABLE로 terminal 차단한다. Art is optional.","Official source listing + Rakuten representative product for ラブ・バレット; Rakuten product=https://books.rakuten.co.jp/rb/17896443/","https://tsugimanga.jp/winner/2025/comics","2025-09-18","2026-08-26","C:\Toys\konocomics\data\staging\catalog-expansion\canonical-mapping.csv;C:\Toys\konocomics\data\staging\catalog-expansion\batches\batch-026\frozen-work-set.csv","러브 불릿 만화 리뷰;러브 바렛 리뷰","https://bookmeter.com/search?keyword=%E3%83%A9%E3%83%96%E3%83%BB%E3%83%90%E3%83%AC%E3%83%83%E3%83%88;https://reviewne.jp/contents?query=%E3%83%A9%E3%83%96%E3%83%BB%E3%83%90%E3%83%AC%E3%83%83%E3%83%88"
"44","work-d810f69bbd8b1cf60c63","誰も寝てはならぬ","SOURCE_INFORMATION_UNAVAILABLE","공식 홍보/상품 또는 수상 페이지와 일본 독립 커뮤니티 평가 경로, 한국어 작품명·통용 표기 변형을 사용한 한국 커뮤니티 검색을 bounded하게 소진했으나 17 Axis·Genre·Theme 필수 coverage를 완전 승격할 신뢰 가능한 잔여 근거가 없다. quota stretching 없이 SOURCE_INFORMATION_UNAVAILABLE로 terminal 차단한다. Art is optional.","Official source listing + Rakuten representative product for 誰も寝てはならぬ; Rakuten product=https://books.rakuten.co.jp/rb/1667049/","https://www.mangataisho.com/archives/2008.html","2008","2026-08-26","C:\Toys\konocomics\data\staging\catalog-expansion\canonical-mapping.csv;C:\Toys\konocomics\data\staging\catalog-expansion\batches\batch-026\frozen-work-set.csv","아무도 잠들어서는 안 된다 만화 리뷰;다레모 네테와 나라누 리뷰","https://bookmeter.com/search?keyword=%E8%AA%B0%E3%82%82%E5%AF%9D%E3%81%A6%E3%81%AF%E3%81%AA%E3%82%89%E3%81%AC;https://reviewne.jp/contents?query=%E8%AA%B0%E3%82%82%E5%AF%9D%E3%81%A6%E3%81%AF%E3%81%AA%E3%82%89%E3%81%AC"
"45","work-d818cf2deb73c04c7ef6","茶柱倶楽部","SOURCE_INFORMATION_UNAVAILABLE","공식 홍보/상품 또는 수상 페이지와 일본 독립 커뮤니티 평가 경로, 한국어 작품명·통용 표기 변형을 사용한 한국 커뮤니티 검색을 bounded하게 소진했으나 17 Axis·Genre·Theme 필수 coverage를 완전 승격할 신뢰 가능한 잔여 근거가 없다. quota stretching 없이 SOURCE_INFORMATION_UNAVAILABLE로 terminal 차단한다. Art is optional.","Official source listing + Rakuten representative product for 茶柱倶楽部; Rakuten product=https://books.rakuten.co.jp/rb/6737367/","https://www.mangataisho.com/archives/2015.html","2015","2026-08-26","C:\Toys\konocomics\data\staging\catalog-expansion\canonical-mapping.csv;C:\Toys\konocomics\data\staging\catalog-expansion\batches\batch-026\frozen-work-set.csv","찻기둥 클럽 만화 리뷰;차바시라 쿠라부 리뷰","https://bookmeter.com/search?keyword=%E8%8C%B6%E6%9F%B1%E5%80%B6%E6%A5%BD%E9%83%A8;https://reviewne.jp/contents?query=%E8%8C%B6%E6%9F%B1%E5%80%B6%E6%A5%BD%E9%83%A8"
"46","work-d8bc7dc769d8e77adc27","ちーちゃんはちょっと足りない","SOURCE_INFORMATION_UNAVAILABLE","공식 홍보/상품 또는 수상 페이지와 일본 독립 커뮤니티 평가 경로, 한국어 작품명·통용 표기 변형을 사용한 한국 커뮤니티 검색을 bounded하게 소진했으나 17 Axis·Genre·Theme 필수 coverage를 완전 승격할 신뢰 가능한 잔여 근거가 없다. quota stretching 없이 SOURCE_INFORMATION_UNAVAILABLE로 terminal 차단한다. Art is optional.","Official source listing + Rakuten representative product for ちーちゃんはちょっと足りない; Rakuten product=https://books.rakuten.co.jp/rb/12724747/","https://www.mangataisho.com/archives/2015.html","2015","2026-08-26","C:\Toys\konocomics\data\staging\catalog-expansion\canonical-mapping.csv;C:\Toys\konocomics\data\staging\catalog-expansion\batches\batch-026\frozen-work-set.csv","치짱은 조금 부족해 만화 리뷰;치짱와 춋토 타리나이 리뷰","https://bookmeter.com/search?keyword=%E3%81%A1%E3%83%BC%E3%81%A1%E3%82%83%E3%82%93%E3%81%AF%E3%81%A1%E3%82%87%E3%81%A3%E3%81%A8%E8%B6%B3%E3%82%8A%E3%81%AA%E3%81%84;https://reviewne.jp/contents?query=%E3%81%A1%E3%83%BC%E3%81%A1%E3%82%83%E3%82%93%E3%81%AF%E3%81%A1%E3%82%87%E3%81%A3%E3%81%A8%E8%B6%B3%E3%82%8A%E3%81%AA%E3%81%84"
"47","work-d8c9332f72cbd7ef328f","とつくにの少女","SOURCE_INFORMATION_UNAVAILABLE","공식 홍보/상품 또는 수상 페이지와 일본 독립 커뮤니티 평가 경로, 한국어 작품명·통용 표기 변형을 사용한 한국 커뮤니티 검색을 bounded하게 소진했으나 17 Axis·Genre·Theme 필수 coverage를 완전 승격할 신뢰 가능한 잔여 근거가 없다. quota stretching 없이 SOURCE_INFORMATION_UNAVAILABLE로 terminal 차단한다. Art is optional.","Official source listing + Rakuten representative product for とつくにの少女; Rakuten product=https://books.rakuten.co.jp/rb/13770379/","https://tsugimanga.jp/winner/2017/comics","2017-08-23","2026-08-26","C:\Toys\konocomics\data\staging\catalog-expansion\canonical-mapping.csv;C:\Toys\konocomics\data\staging\catalog-expansion\batches\batch-026\frozen-work-set.csv","타국의 소녀 만화 리뷰;토츠쿠니노 쇼조 리뷰","https://bookmeter.com/search?keyword=%E3%81%A8%E3%81%A4%E3%81%8F%E3%81%AB%E3%81%AE%E5%B0%91%E5%A5%B3;https://reviewne.jp/contents?query=%E3%81%A8%E3%81%A4%E3%81%8F%E3%81%AB%E3%81%AE%E5%B0%91%E5%A5%B3"
"48","work-d8f17d7482c8640c1acf","デンキ街の本屋さん","SOURCE_INFORMATION_UNAVAILABLE","공식 홍보/상품 또는 수상 페이지와 일본 독립 커뮤니티 평가 경로, 한국어 작품명·통용 표기 변형을 사용한 한국 커뮤니티 검색을 bounded하게 소진했으나 17 Axis·Genre·Theme 필수 coverage를 완전 승격할 신뢰 가능한 잔여 근거가 없다. quota stretching 없이 SOURCE_INFORMATION_UNAVAILABLE로 terminal 차단한다. Art is optional.","Official source listing + Rakuten representative product for デンキ街の本屋さん; Rakuten product=https://books.rakuten.co.jp/rb/12764481/","https://www.mangataisho.com/archives/2014.html","2014","2026-08-26","C:\Toys\konocomics\data\staging\catalog-expansion\canonical-mapping.csv;C:\Toys\konocomics\data\staging\catalog-expansion\batches\batch-026\frozen-work-set.csv","전기 거리의 서점 만화 리뷰;덴키가이노 혼야상 리뷰","https://bookmeter.com/search?keyword=%E3%83%87%E3%83%B3%E3%82%AD%E8%A1%97%E3%81%AE%E6%9C%AC%E5%B1%8B%E3%81%95%E3%82%93;https://reviewne.jp/contents?query=%E3%83%87%E3%83%B3%E3%82%AD%E8%A1%97%E3%81%AE%E6%9C%AC%E5%B1%8B%E3%81%95%E3%82%93"
"49","work-d91387c34bf6bc97481f","菱川さんと猫","SOURCE_INFORMATION_UNAVAILABLE","공식 홍보/상품 또는 수상 페이지와 일본 독립 커뮤니티 평가 경로, 한국어 작품명·통용 표기 변형을 사용한 한국 커뮤니티 검색을 bounded하게 소진했으나 17 Axis·Genre·Theme 필수 coverage를 완전 승격할 신뢰 가능한 잔여 근거가 없다. quota stretching 없이 SOURCE_INFORMATION_UNAVAILABLE로 terminal 차단한다. Art is optional.","Official source listing + Rakuten representative product for 菱川さんと猫; Rakuten product=https://books.rakuten.co.jp/rb/6707504/","https://www.mangataisho.com/archives/2011.html","2011","2026-08-26","C:\Toys\konocomics\data\staging\catalog-expansion\canonical-mapping.csv;C:\Toys\konocomics\data\staging\catalog-expansion\batches\batch-026\frozen-work-set.csv","히시카와 씨와 고양이 만화 리뷰;히시카와상토 네코 리뷰","https://bookmeter.com/search?keyword=%E8%8F%B1%E5%B7%9D%E3%81%95%E3%82%93%E3%81%A8%E7%8C%AB;https://reviewne.jp/contents?query=%E8%8F%B1%E5%B7%9D%E3%81%95%E3%82%93%E3%81%A8%E7%8C%AB"
"50","work-d9a098f6f282e841faf9","THE BAND","SOURCE_INFORMATION_UNAVAILABLE","공식 홍보/상품 또는 수상 페이지와 일본 독립 커뮤니티 평가 경로, 한국어 작품명·통용 표기 변형을 사용한 한국 커뮤니티 검색을 bounded하게 소진했으나 17 Axis·Genre·Theme 필수 coverage를 완전 승격할 신뢰 가능한 잔여 근거가 없다. quota stretching 없이 SOURCE_INFORMATION_UNAVAILABLE로 terminal 차단한다. Art is optional.","Official source listing + Rakuten representative product for THE BAND; Rakuten product=https://books.rakuten.co.jp/rb/18133969/","https://hon-hikidashi.jp/news/107527/","2026","2026-08-26","C:\Toys\konocomics\data\staging\catalog-expansion\canonical-mapping.csv;C:\Toys\konocomics\data\staging\catalog-expansion\batches\batch-026\frozen-work-set.csv","더 밴드 만화 리뷰;더 밴드 리뷰","https://bookmeter.com/search?keyword=THE%20BAND;https://reviewne.jp/contents?query=THE%20BAND"
